reviewId,userName,userImage,content,score,thumbsUpCount,reviewCreatedVersion,at,replyContent,repliedAt,appVersion
bde4ccb0-d440-461c-8a10-ee2d6ee0e815,Pengguna Google,https://play-lh.googleusercontent.com/EGemoI2NTXmTsBVtJqk8jxF9rh8ApRWfsIMQSt2uE4OcpQqbFu7f7NbTK05lx80nuSijCz7sc3a277R67g,👍,5,0,2.9.0,2025-10-05 15:49:49,,,2.9.0
05b3aa4e-2214-4c5c-b193-d3d824f88c8d,Pengguna Google,https://play-lh.googleusercontent.com/EGemoI2NTXmTsBVtJqk8jxF9rh8ApRWfsIMQSt2uE4OcpQqbFu7f7NbTK05lx80nuSijCz7sc3a277R67g,aplikasi lemot gk guna.gk mau respon pas login gk bisa digunakan.😠😠😠,1,0,2.9.0,2025-10-04 19:49:12,,,2.9.0
19bd7606-fa19-4908-91f4-51b8426b3434,Pengguna Google,https://play-lh.googleusercontent.com/EGemoI2NTXmTsBVtJqk8jxF9rh8ApRWfsIMQSt2uE4OcpQqbFu7f7NbTK05lx80nuSijCz7sc3a277R67g,baru coba,5,0,,2025-10-04 14:06:36,,,
dcbb0018-4af8-449d-80bf-c89767ec1152,Pengguna Google,https://play-lh.googleusercontent.com/EGemoI2NTXmTsBVtJqk8jxF9rh8ApRWfsIMQSt2uE4OcpQqbFu7f7NbTK05lx80nuSijCz7sc3a277R67g,"aplikasi nya mempermudah banget, tetapi kalo operasional di jalan tol jangan dibatasi 20km/jam dong min, bisa kali maksimal nya ditambah khusus dijalan tol saja.",4,0,2.9.0,2025-10-04 13:33:11,,,2.9.0
a63a99d1-bc93-42b1-bd1a-d20a8170e576,Pengguna Google,https://play-lh.googleusercontent.com/EGemoI2NTXmTsBVtJqk8jxF9rh8ApRWfsIMQSt2uE4OcpQqbFu7f7NbTK05lx80nuSijCz7sc3a277R67g,sangat baik,5,0,,2025-10-04 09:54:37,,,
ab0ff4f7-f8ff-46ed-a331-f65654abeda3,Pengguna Google,https://play-lh.googleusercontent.com/EGemoI2NTXmTsBVtJqk8jxF9rh8ApRWfsIMQSt2uE4OcpQqbFu7f7NbTK05lx80nuSijCz7sc3a277R67g,bisa gak sih pake apk ini beli tiket lebih dari satu orang . misal kita mau beli 4 tiket untuk sekali perjalanan?,5,0,2.9.0,2025-10-03 19:08:01,,,2.9.0
da9fd008-09c7-4b13-9a76-18e7ae94350b,Pengguna Google,https://play-lh.googleusercontent.com/EGemoI2NTXmTsBVtJqk8jxF9rh8ApRWfsIMQSt2uE4OcpQqbFu7f7NbTK05lx80nuSijCz7sc3a277R67g,saya harap peningkatan untuk ketersediaan rute dan armada Transjakarta low deck atau non brt . karena di peta sering kali armada tiba-tiba hilang itu sangat menggangu sekali menurut saya,5,0,2.8.0,2025-10-03 18:48:13,,,2.8.0
41dca791-fe24-4d9d-87d3-c84663f210fc,Pengguna Google,https://play-lh.googleusercontent.com/EGemoI2NTXmTsBVtJqk8jxF9rh8ApRWfsIMQSt2uE4OcpQqbFu7f7NbTK05lx80nuSijCz7sc3a277R67g,saya mau daftar pay bayarind tapi ketika masukin kata sandi ga bisa-bisa udh sesuai yang disuruh,4,0,2.9.0,2025-10-03 16:36:59,,,2.9.0
59bce5bc-5fd0-4f10-9a1c-accda85cae14,Pengguna Google,https://play-lh.googleusercontent.com/EGemoI2NTXmTsBVtJqk8jxF9rh8ApRWfsIMQSt2uE4OcpQqbFu7f7NbTK05lx80nuSijCz7sc3a277R67g,suka banget sama aplikasi ini. sangat mudah dipahami.,5,0,2.9.0,2025-10-03 16:14:03,,,2.9.0
0d78d250-7c59-4a5a-bde8-69c50b03b464,Pengguna Google,https://play-lh.googleusercontent.com/EGemoI2NTXmTsBVtJqk8jxF9rh8ApRWfsIMQSt2uE4OcpQqbFu7f7NbTK05lx80nuSijCz7sc3a277R67g,Untuk aplikasi ini saya sangat suka karena mempermudahkan saya untuk transportasi di tempat dekat maupun jauh dan saya bisa tau lokasi tempat halte dan rute di maps aplikasi nya sangat bagus fiturnya saya suka,5,0,2.9.0,2025-10-03 15:29:12,,,2.9.0
76f4e7bc-51cc-4793-83d7-ab2c10df69a6,Pengguna Google,https://play-lh.googleusercontent.com/EGemoI2NTXmTsBVtJqk8jxF9rh8ApRWfsIMQSt2uE4OcpQqbFu7f7NbTK05lx80nuSijCz7sc3a277R67g,sangat membantu ketika berpergian ke jakarta dan harganya terjangkau di kantong👍👍,5,0,2.9.0,2025-10-03 15:14:00,,,2.9.0
e2d0f9d0-d503-4e04-93d4-7a8ce95bfed4,Pengguna Google,https://play-lh.googleusercontent.com/EGemoI2NTXmTsBVtJqk8jxF9rh8ApRWfsIMQSt2uE4OcpQqbFu7f7NbTK05lx80nuSijCz7sc3a277R67g,"makin lama makin tololl , dongo , dan banyak pegawainya yg ga ramah . Untuk PT.Trans Jakarta coba di cek cctv nya , banyak pegawai yg tidak ramah , dikira dia doang yg capek , kita juga capek boss . Dan untuk pembayaran qris mending ditutup aja sekalian kalo banyak gagalnya , giliran gagal saldo ga balik masalahnya",1,2,2.9.0,2025-10-02 15:57:47,,,2.9.0
deb52065-b8cd-4e9c-81b3-35d286ffecf6,Pengguna Google,https://play-lh.googleusercontent.com/EGemoI2NTXmTsBVtJqk8jxF9rh8ApRWfsIMQSt2uE4OcpQqbFu7f7NbTK05lx80nuSijCz7sc3a277R67g,"Aplikasi yg bagus, mudah utk mengetahui posisi bis, informasi yg diberikan sangat akurat",5,0,,2025-10-02 13:23:40,,,
23b68759-4715-49c2-a968-6c1ea53d93ea,Pengguna Google,https://play-lh.googleusercontent.com/EGemoI2NTXmTsBVtJqk8jxF9rh8ApRWfsIMQSt2uE4OcpQqbFu7f7NbTK05lx80nuSijCz7sc3a277R67g,aplikasi ini sangat membantu sekali buat orang yang sering naik transportasi umum bisa lihat halte terdekat bisa lihat perkiraan bus datang dan masih banyak fitur-fitur yang membantu saya,5,0,2.9.0,2025-10-02 09:37:53,,,2.9.0
99351fdb-f731-45ef-9e27-9d3b5aeb02d3,Pengguna Google,https://play-lh.googleusercontent.com/EGemoI2NTXmTsBVtJqk8jxF9rh8ApRWfsIMQSt2uE4OcpQqbFu7f7NbTK05lx80nuSijCz7sc3a277R67g,"aplikasi nya bgs banget dan sangat berguna buat yg sering naik transjakarta. Info rute sama jadwalnya jelas, nyari rute dan halte terdekat juga gampang jadi lebih memudahkan kita👍",5,0,,2025-10-02 08:43:14,,,
391d54ab-9d5a-47f5-9bde-6363bd3e785b,Pengguna Google,https://play-lh.googleusercontent.com/EGemoI2NTXmTsBVtJqk8jxF9rh8ApRWfsIMQSt2uE4OcpQqbFu7f7NbTK05lx80nuSijCz7sc3a277R67g,"aplikasi simple, cepat, dan bermanfaat. sangat recommended untuk pengguna tj sehari-hari",5,0,2.9.0,2025-10-02 08:42:12,,,2.9.0
aee5a146-546f-49db-8be3-0d1eb98cadff,Pengguna Google,https://play-lh.googleusercontent.com/EGemoI2NTXmTsBVtJqk8jxF9rh8ApRWfsIMQSt2uE4OcpQqbFu7f7NbTK05lx80nuSijCz7sc3a277R67g,Aplikasi ini sangat recommended bagi pengguna Transjakarta. Fitur real-time bus arrival sangat membantu saya dalam mengatur waktu perjalanan,5,0,2.9.0,2025-10-02 08:37:12,,,2.9.0
f45afb70-8ef7-45c6-8647-ed56410d6c40,Pengguna Google,https://play-lh.googleusercontent.com/EGemoI2NTXmTsBVtJqk8jxF9rh8ApRWfsIMQSt2uE4OcpQqbFu7f7NbTK05lx80nuSijCz7sc3a277R67g,"Saya suka aplikasi ini karena menyediakan informasi lengkap tentang rute, halte, dan jadwal bus TransJakarta. Fitur pencarian rute juga sangat berguna untuk menemukan jalur terbaik",5,0,2.9.0,2025-10-02 08:25:26,,,2.9.0
fb3940bb-7a3c-4d91-9ac0-0e2bd2635b25,Pengguna Google,https://play-lh.googleusercontent.com/EGemoI2NTXmTsBVtJqk8jxF9rh8ApRWfsIMQSt2uE4OcpQqbFu7f7NbTK05lx80nuSijCz7sc3a277R67g,tidak bingung lagi untuk melangkah cari rute tujuan ..aplikasi Transjakarta sangat membantu,5,0,2.9.0,2025-10-02 08:13:49,,,2.9.0
4389523f-6520-4aea-8149-20c0e472704b,Pengguna Google,https://play-lh.googleusercontent.com/EGemoI2NTXmTsBVtJqk8jxF9rh8ApRWfsIMQSt2uE4OcpQqbFu7f7NbTK05lx80nuSijCz7sc3a277R67g,aplikasi ini sangat bermanfaat untuk saya yang selalu pergi ke jabodetabek dan mudah dipahami,5,0,2.9.0,2025-10-02 08:13:23,,,2.9.0
9411b68a-86e6-4943-896e-6046b878ab5b,Pengguna Google,https://play-lh.googleusercontent.com/EGemoI2NTXmTsBVtJqk8jxF9rh8ApRWfsIMQSt2uE4OcpQqbFu7f7NbTK05lx80nuSijCz7sc3a277R67g,"Transjakarta aplikasi yang sangat memudahkan untuk pengguna salah satu transportasi umum di Jakarta, aplikasinya simpel dan fiturnya lengkap...",5,0,,2025-10-02 08:05:58,,,
0d1cfb6d-7b81-436b-afcb-97103ce6a235,Pengguna Google,https://play-lh.googleusercontent.com/EGemoI2NTXmTsBVtJqk8jxF9rh8ApRWfsIMQSt2uE4OcpQqbFu7f7NbTK05lx80nuSijCz7sc3a277R67g,"Sejak donlot aplikasi transjakarta, aku jadi lebih gampang nyari rute kalo mau naik busway. Aku sering pergi-pergi naik busway, aplikasi ini membantu banget soalnya aku gak hafal jalur-jalur busway ke alamat yang aku tuju, transitnya di halte apa juga bisa dilihat",5,0,2.9.0,2025-10-02 07:02:17,,,2.9.0
08399533-3ff6-4a2f-a396-e42b51ccc55b,Pengguna Google,https://play-lh.googleusercontent.com/EGemoI2NTXmTsBVtJqk8jxF9rh8ApRWfsIMQSt2uE4OcpQqbFu7f7NbTK05lx80nuSijCz7sc3a277R67g,"udah pakai aplikasi Transjakarta ini dari lama.. upgrade nya pun makin komplit... jadi kebantu banget kalau mau cari posisi bus, rute yang real time sih... pembayaran yang mudah via AstraPay",5,0,,2025-10-02 06:58:55,,,
19a7bf52-dcde-4a85-85fc-5fc1feb2ba64,Pengguna Google,https://play-lh.googleusercontent.com/EGemoI2NTXmTsBVtJqk8jxF9rh8ApRWfsIMQSt2uE4OcpQqbFu7f7NbTK05lx80nuSijCz7sc3a277R67g,"Minggu kemarin aku naik transjakarta dari Lebak Bulus-Bundaran HI. Aku pesan tiket lewat aplikasi transjakarta. Aplikasinya bagus. Buat aku yang baru pertama kali pakai, ini gampang banget. Aku nggak bingung pilih menu buat pesan tiket karna aplikasinya simple jadi memudahkan pengguna baru.",5,0,2.9.0,2025-10-02 06:55:06,,,2.9.0
edd18a62-1054-44fe-a85b-cdc3d42f38c4,Pengguna Google,https://play-lh.googleusercontent.com/EGemoI2NTXmTsBVtJqk8jxF9rh8ApRWfsIMQSt2uE4OcpQqbFu7f7NbTK05lx80nuSijCz7sc3a277R67g,aplikasi yang cukup berguna bagi kami warga jakarta yang ingin bepergian dengan cepat dan nyaman.Tarifnya sangat terjangkau dan dapat menekan kemacetan,5,0,2.9.0,2025-10-02 06:55:05,,,2.9.0
ebe53056-ebe3-4849-b123-18bf17cc905d,Pengguna Google,https://play-lh.googleusercontent.com/EGemoI2NTXmTsBVtJqk8jxF9rh8ApRWfsIMQSt2uE4OcpQqbFu7f7NbTK05lx80nuSijCz7sc3a277R67g,aplikasi ini sangat memudahkan saya untung mencari info tentang jadwal pemberangkatan Transjakarta,5,0,,2025-10-02 06:53:12,,,
6719f699-0840-4299-b7d8-7ee7dac06b59,Pengguna Google,https://play-lh.googleusercontent.com/EGemoI2NTXmTsBVtJqk8jxF9rh8ApRWfsIMQSt2uE4OcpQqbFu7f7NbTK05lx80nuSijCz7sc3a277R67g,"aplikasinya ngebantu banget, fiturnya lengkap mudah di gunakan dan ga membingungkan saat di pakee. kepake bangeet punya apk inii",5,0,2.9.0,2025-10-02 06:48:30,,,2.9.0
d46e88a1-f3ab-4e63-9168-d8f926e5fe18,Pengguna Google,https://play-lh.googleusercontent.com/EGemoI2NTXmTsBVtJqk8jxF9rh8ApRWfsIMQSt2uE4OcpQqbFu7f7NbTK05lx80nuSijCz7sc3a277R67g,"Aplikasinya sangat membantu! Saya bisa cek rute bus, posisi halte terdekat, dan estimasi waktu kedatangan. Tampilan antarmuka juga cukup user-friendly dan ringan. Semoga ke depannya fitur pelacakan bus bisa makin akurat dan informasinya real-time. Terima kasih Transjakarta!",5,0,2.9.0,2025-10-02 06:47:48,,,2.9.0
5e050924-828b-478b-a907-b54544311740,Pengguna Google,https://play-lh.googleusercontent.com/EGemoI2NTXmTsBVtJqk8jxF9rh8ApRWfsIMQSt2uE4OcpQqbFu7f7NbTK05lx80nuSijCz7sc3a277R67g,"tampilan aplikasinya nyaman, semua menu bisa diakses sekaligus tanpa ribet",5,0,,2025-10-02 06:46:08,,,
b7ec1787-378f-40e4-86bf-4b59bb87882c,Pengguna Google,https://play-lh.googleusercontent.com/EGemoI2NTXmTsBVtJqk8jxF9rh8ApRWfsIMQSt2uE4OcpQqbFu7f7NbTK05lx80nuSijCz7sc3a277R67g,"Aplikasi Transjakarta ngebantu banget, jadi bisa tahu posisi bus real-time. Jadi ngga bingung lagi harus nunggu lama di halte",5,0,2.9.0,2025-10-02 06:40:34,,,2.9.0
95e558a5-54bf-40b5-b26f-94a31181484a,Pengguna Google,https://play-lh.googleusercontent.com/EGemoI2NTXmTsBVtJqk8jxF9rh8ApRWfsIMQSt2uE4OcpQqbFu7f7NbTK05lx80nuSijCz7sc3a277R67g,"Aplikasinya ngebantu banget, ada fitur pencarian rute sama info bus juga, informasinya juga akurat banget.. gak perlu khawatir tersesat di Jakarta lagi deh",5,0,2.9.0,2025-10-02 06:37:24,,,2.9.0
6bd91fda-260d-4f3e-a185-ce05fcb452c5,Pengguna Google,https://play-lh.googleusercontent.com/EGemoI2NTXmTsBVtJqk8jxF9rh8ApRWfsIMQSt2uE4OcpQqbFu7f7NbTK05lx80nuSijCz7sc3a277R67g,happy deh pake tj. skrg lebih happy lagi karna bisa apdet jadwal2 tj di apknya. thankyou ya.,5,0,,2025-10-02 06:37:07,,,
33a11a8b-f284-4618-ab03-10bf41c8e183,Pengguna Google,https://play-lh.googleusercontent.com/EGemoI2NTXmTsBVtJqk8jxF9rh8ApRWfsIMQSt2uE4OcpQqbFu7f7NbTK05lx80nuSijCz7sc3a277R67g,aplikasi ini memudah kan saya saat berpergia jadi saya tau rute rute nya dan bisa liat posisi bus nya,5,0,2.9.0,2025-10-02 06:36:53,,,2.9.0
1d74db8b-0679-43d7-a855-5427dc9a9783,Pengguna Google,https://play-lh.googleusercontent.com/EGemoI2NTXmTsBVtJqk8jxF9rh8ApRWfsIMQSt2uE4OcpQqbFu7f7NbTK05lx80nuSijCz7sc3a277R67g,"Aplikasinya sangat membantu. Tinggal buka app langsung bisa lihat rute, jadwal, dan posisi bus. Praktis banget buat yang tiap hari naik TJ. Tampilan juga user friendly dan mudah dipahami. Semoga terus dikembangkan biar makin canggih",5,0,2.9.0,2025-10-02 06:33:48,,,2.9.0
839cc042-954c-4498-b816-83f07b8811c0,Pengguna Google,https://play-lh.googleusercontent.com/EGemoI2NTXmTsBVtJqk8jxF9rh8ApRWfsIMQSt2uE4OcpQqbFu7f7NbTK05lx80nuSijCz7sc3a277R67g,"Aplikasi Transjakarta adalah lompatan besar dalam peningkatan layanan publik. Aplikasi ini menghilangkan ketidakpastian dalam perjalanan, menghemat waktu tunggu yang berharga, dan memberikan kendali penuh di tangan penumpang. Bagi Anda yang mengandalkan Transjakarta sehari-hari, mengunduh aplikasi ini adalah sebuah keharusan! Layak mendapatkan bintang 5!",5,0,2.9.0,2025-10-02 06:33:43,,,2.9.0
de0b216f-f65d-479f-a67c-0a46af30c678,Pengguna Google,https://play-lh.googleusercontent.com/EGemoI2NTXmTsBVtJqk8jxF9rh8ApRWfsIMQSt2uE4OcpQqbFu7f7NbTK05lx80nuSijCz7sc3a277R67g,"munurutku aplikasi ini udh oke banget, fiturnya kepake semua. tracking bus jalan, rute jelas, halte gampang dicari. jadi lebih enak atur waktu perjalanan, ga sering telat lagi. terus desain aplikasinya juga ringan, ga bikin ribet. pokoknya recommended banget deh buat yang tiap hari naik TJ 🚍✨",5,0,2.9.0,2025-10-02 06:32:19,,,2.9.0
b15031a1-6108-4f83-849e-72b6d0d2f446,Pengguna Google,https://play-lh.googleusercontent.com/EGemoI2NTXmTsBVtJqk8jxF9rh8ApRWfsIMQSt2uE4OcpQqbFu7f7NbTK05lx80nuSijCz7sc3a277R67g,aplikasi nya bagus dan berguna banget. memudahkan aku buat cek rute dan jadwal bus tanpa tibet,5,0,,2025-10-02 06:32:14,,,
548d0620-9af9-41e3-9ad4-6f0cc9529185,Pengguna Google,https://play-lh.googleusercontent.com/EGemoI2NTXmTsBVtJqk8jxF9rh8ApRWfsIMQSt2uE4OcpQqbFu7f7NbTK05lx80nuSijCz7sc3a277R67g,Aplikasi Transjakarta memudahkan saya mencari halte terdekat dan rute perjalanan. Notifikasi kedatangan bus juga membantu banget biar nggak nunggu lama.,5,0,2.9.0,2025-10-02 06:29:42,,,2.9.0
1f5c1638-26a1-466b-a53e-2095e9479488,Pengguna Google,https://play-lh.googleusercontent.com/EGemoI2NTXmTsBVtJqk8jxF9rh8ApRWfsIMQSt2uE4OcpQqbFu7f7NbTK05lx80nuSijCz7sc3a277R67g,"Ini aplikasi membantu banget, yang mau cari rute-rutenya juga mudah. Yang masih masih baru di Jakarta terus terlalu paham rute jalan, wajib download ini.",5,0,,2025-10-02 06:28:35,,,
c70606cf-3ed8-4e9d-b30e-acba8c620993,Pengguna Google,https://play-lh.googleusercontent.com/EGemoI2NTXmTsBVtJqk8jxF9rh8ApRWfsIMQSt2uE4OcpQqbFu7f7NbTK05lx80nuSijCz7sc3a277R67g,"apk nya keren, mudah digunakan, dan bisa cepat bantu saya cari halte terdekat transjakarta",5,0,2.9.0,2025-10-02 06:26:54,,,2.9.0
fd33ebd2-ebce-419e-b082-f606551dcdcb,Pengguna Google,https://play-lh.googleusercontent.com/EGemoI2NTXmTsBVtJqk8jxF9rh8ApRWfsIMQSt2uE4OcpQqbFu7f7NbTK05lx80nuSijCz7sc3a277R67g,"Aplikasinya sangat membantu sekali untuk mengecek jadwal bus Transjakarta. Tampilan simpel, mudah dipahami, dan informasinya selalu update. Jadi makin nyaman naik TJ setiap hari.",5,0,,2025-10-02 06:25:32,,,
ae449296-5e6f-4750-9cf8-3a9079d14c56,Pengguna Google,https://play-lh.googleusercontent.com/EGemoI2NTXmTsBVtJqk8jxF9rh8ApRWfsIMQSt2uE4OcpQqbFu7f7NbTK05lx80nuSijCz7sc3a277R67g,"Aplikasi ini benar-benar bermanfaat, memudahkan cek bus terdekat dan jadwal kedatangan dengan akurat sekali",5,0,,2025-10-02 06:25:31,,,
52b99ae8-fb19-4fa2-a227-34d1a3a674f5,Pengguna Google,https://play-lh.googleusercontent.com/EGemoI2NTXmTsBVtJqk8jxF9rh8ApRWfsIMQSt2uE4OcpQqbFu7f7NbTK05lx80nuSijCz7sc3a277R67g,Saya benci dan gk suka sm petugasnya mas yg ada di halte kali Grogol. Kemarin malam saya di paksa utk download dan daftarkan diri saya di apk ini krn katanya kalau nggak pakai apk ini gk bs msk! Padahal ternyata ttp pakai apk jaklingko tinggal dia info aja untuk nama halte arahnya bs ttp beli tiket di apk jaklingko yg saya punya. Kalau mau marketing apk jgn pakai paksa seperti itu dan ancam saya tdk bs masuk ke halte! Saya tidak percaya sama apk ini dari awal soalnya ribet. Evaluasi kmbl ptgsny,1,0,,2025-10-02 06:15:29,,,
a149e0ae-5b9b-4d3f-bd13-39561ce9c114,Pengguna Google,https://play-lh.googleusercontent.com/EGemoI2NTXmTsBVtJqk8jxF9rh8ApRWfsIMQSt2uE4OcpQqbFu7f7NbTK05lx80nuSijCz7sc3a277R67g,sangat bagus untuk melihat jadwal dan rute perjalanan bus,5,0,,2025-10-01 20:25:04,,,
f1391f84-4f27-4864-88cc-4c9f3d0f0b43,Pengguna Google,https://play-lh.googleusercontent.com/EGemoI2NTXmTsBVtJqk8jxF9rh8ApRWfsIMQSt2uE4OcpQqbFu7f7NbTK05lx80nuSijCz7sc3a277R67g,pengalaman saya dengan pake aplikasi Transjakarta sangat mudah dan fiturnya simpel. sangat membantu untuk cari halte. recommend,5,0,2.9.0,2025-10-01 19:25:42,,,2.9.0
07d07ac5-44f4-43c1-9dfe-246242665171,Pengguna Google,https://play-lh.googleusercontent.com/EGemoI2NTXmTsBVtJqk8jxF9rh8ApRWfsIMQSt2uE4OcpQqbFu7f7NbTK05lx80nuSijCz7sc3a277R67g,"Aplikasi yang sangat membantu! Cek rute dan jadwal TransJ jadi jauh lebih mudah dan cepat. Interface-nya user-friendly, tidak ribet. Buat yang sering naik Transjakarta, wajib punya ini. Terima kasih, Transjakarta!",5,0,,2025-10-01 19:07:53,,,
1f6c3eac-38f1-4710-8885-912c7767bb2e,Pengguna Google,https://play-lh.googleusercontent.com/EGemoI2NTXmTsBVtJqk8jxF9rh8ApRWfsIMQSt2uE4OcpQqbFu7f7NbTK05lx80nuSijCz7sc3a277R67g,"apk nya bagus, lebih memudahkan dlm mlihat transportasinya. dan mapsnya juga akurat bgt. sgt membantu skali apk nya",5,0,2.9.0,2025-10-01 18:04:35,,,2.9.0
3e28079c-548c-4ce9-9f88-fba401b176ab,Pengguna Google,https://play-lh.googleusercontent.com/EGemoI2NTXmTsBVtJqk8jxF9rh8ApRWfsIMQSt2uE4OcpQqbFu7f7NbTK05lx80nuSijCz7sc3a277R67g,sangat buruk,1,0,2.9.0,2025-10-01 17:54:10,,,2.9.0
8a821e8b-8512-4132-8a5c-8f9b93524be3,Pengguna Google,https://play-lh.googleusercontent.com/EGemoI2NTXmTsBVtJqk8jxF9rh8ApRWfsIMQSt2uE4OcpQqbFu7f7NbTK05lx80nuSijCz7sc3a277R67g,terimakasih telah membantu saya dalam mencari halte Transjakarta terdekat,5,0,2.9.0,2025-10-01 17:31:49,,,2.9.0
c34c78ca-3d1e-4731-b37a-d1f8e9abe3bf,Pengguna Google,https://play-lh.googleusercontent.com/EGemoI2NTXmTsBVtJqk8jxF9rh8ApRWfsIMQSt2uE4OcpQqbFu7f7NbTK05lx80nuSijCz7sc3a277R67g,apliasinya yang sangat membantu,5,0,2.9.0,2025-10-01 17:29:27,,,2.9.0
37d1a95a-d301-4792-ace9-48f93473817e,Pengguna Google,https://play-lh.googleusercontent.com/EGemoI2NTXmTsBVtJqk8jxF9rh8ApRWfsIMQSt2uE4OcpQqbFu7f7NbTK05lx80nuSijCz7sc3a277R67g,on time dan pelayanan nya ramah.. dan tarif nya sangat terjangkau,5,0,2.9.0,2025-10-01 16:32:08,,,2.9.0
8e78dcc0-0d74-444c-9872-2e7f260b013c,Pengguna Google,https://play-lh.googleusercontent.com/EGemoI2NTXmTsBVtJqk8jxF9rh8ApRWfsIMQSt2uE4OcpQqbFu7f7NbTK05lx80nuSijCz7sc3a277R67g,"sangat bermanfaat aplikasi ini menyediakan informasi detail tentang rute Transjakarta, lokasi halte, dan fasilitas sekitar",5,0,2.9.0,2025-10-01 16:25:24,,,2.9.0
3a2b48d0-62c3-4be3-ba99-d2520f22b292,Pengguna Google,https://play-lh.googleusercontent.com/EGemoI2NTXmTsBVtJqk8jxF9rh8ApRWfsIMQSt2uE4OcpQqbFu7f7NbTK05lx80nuSijCz7sc3a277R67g,"Fitur real time dan lokasi yang akurat memudahkan saya kemana-mana. Aplikasi ini tidak hanya mudah digunakan, namun sangat bermanfaat. Keren sekali!",5,0,2.9.0,2025-10-01 16:21:52,,,2.9.0
1d2e3e48-b9cb-4382-883e-2fa28a5a565c,Pengguna Google,https://play-lh.googleusercontent.com/EGemoI2NTXmTsBVtJqk8jxF9rh8ApRWfsIMQSt2uE4OcpQqbFu7f7NbTK05lx80nuSijCz7sc3a277R67g,"Dengan adanya apk ini samgat membantu sih,g pakek ribet dan gampang digunakan.pastinya bermanfaat sekali sih untuk sehari-hari untuk warga jakarta dan sekitarnya.pokoknya the best sih rekomended sekali",5,0,2.9.0,2025-10-01 16:21:15,,,2.9.0
e3f0a3ca-026d-4464-87b8-df2a8c4e6582,Pengguna Google,https://play-lh.googleusercontent.com/EGemoI2NTXmTsBVtJqk8jxF9rh8ApRWfsIMQSt2uE4OcpQqbFu7f7NbTK05lx80nuSijCz7sc3a277R67g,"keren sih, aplikasi ini bikin perjalanan lebih teratur. bisa liat halte terdekat, bus yang lewat, bahkan estimasi kedatangannya. ngebantu bgt lah pokoknya ini aplikasi",5,0,2.9.0,2025-10-01 16:20:29,,,2.9.0
b4dc18cb-0c81-4614-b9b7-a545ace43c76,Pengguna Google,https://play-lh.googleusercontent.com/EGemoI2NTXmTsBVtJqk8jxF9rh8ApRWfsIMQSt2uE4OcpQqbFu7f7NbTK05lx80nuSijCz7sc3a277R67g,Aplikasi yang sangat berguna sekali membantu saya banget,5,0,,2025-10-01 16:17:10,,,
f403c8c4-53fb-4402-a003-cc9d26a6f49c,Pengguna Google,https://play-lh.googleusercontent.com/EGemoI2NTXmTsBVtJqk8jxF9rh8ApRWfsIMQSt2uE4OcpQqbFu7f7NbTK05lx80nuSijCz7sc3a277R67g,"""Aplikasinya sangat membantu sekali untuk perjalanan sehari-hari. Informasi bus dan rutenya jelas, tampilannya simpel dan mudah digunakan. Notifikasi juga cukup akurat, jadi lebih gampang mengatur waktu perjalanan. Semoga ke depannya makin stabil dan terus berkembang. Terima kasih Transjakarta!""",5,0,,2025-10-01 16:17:10,,,
9de99c39-d43a-475e-96d2-f6df3210f3fc,Pengguna Google,https://play-lh.googleusercontent.com/EGemoI2NTXmTsBVtJqk8jxF9rh8ApRWfsIMQSt2uE4OcpQqbFu7f7NbTK05lx80nuSijCz7sc3a277R67g,"suka banget sama aplikasi ini,,lebih memudahkan untuk mencari letak halte Transjakarta dan jadwal keberangkatan bus..",5,0,2.9.0,2025-10-01 16:16:46,,,2.9.0
eb0df912-cd72-419b-bc80-486c3addc171,Pengguna Google,https://play-lh.googleusercontent.com/EGemoI2NTXmTsBVtJqk8jxF9rh8ApRWfsIMQSt2uE4OcpQqbFu7f7NbTK05lx80nuSijCz7sc3a277R67g,"pengintegrasian apk dengan kedatangan bus lumayan akurat, serta memudahkan untuk pencarian rute tujuan",5,0,2.9.0,2025-10-01 16:16:33,,,2.9.0
afd388e8-90c9-459f-bce4-f391a21cb64f,Pengguna Google,https://play-lh.googleusercontent.com/EGemoI2NTXmTsBVtJqk8jxF9rh8ApRWfsIMQSt2uE4OcpQqbFu7f7NbTK05lx80nuSijCz7sc3a277R67g,Sangat membantu sekali bagi perantauu,5,0,2.9.0,2025-10-01 16:12:26,,,2.9.0
f53e3b3c-ed71-4637-bb4b-66779d8a11b4,Pengguna Google,https://play-lh.googleusercontent.com/EGemoI2NTXmTsBVtJqk8jxF9rh8ApRWfsIMQSt2uE4OcpQqbFu7f7NbTK05lx80nuSijCz7sc3a277R67g,"Wow,Aku baru tau ada aplikasi sebagus dan secanggih ini,semenjak kenal aplikasi ini aku jadi lebih mudah mencari halte transjakarta terdekat,lebih praktis dan ga ribet juga,mantep sih apk ini keren",5,0,,2025-10-01 16:10:06,,,
5d998224-5828-4364-9a56-35c0af39d1f3,Pengguna Google,https://play-lh.googleusercontent.com/EGemoI2NTXmTsBVtJqk8jxF9rh8ApRWfsIMQSt2uE4OcpQqbFu7f7NbTK05lx80nuSijCz7sc3a277R67g,"Update yang sekarang bikin lebih mudah karna ada Tara yang kasih solusi perihal layanan Transjakarta mengenai rute yang aman, cepat dan real time.",5,0,2.9.0,2025-10-01 16:08:47,,,2.9.0
20f406da-6f28-4d07-94cf-a18458d43179,Pengguna Google,https://play-lh.googleusercontent.com/EGemoI2NTXmTsBVtJqk8jxF9rh8ApRWfsIMQSt2uE4OcpQqbFu7f7NbTK05lx80nuSijCz7sc3a277R67g,App transjakarta memudahkan saya untuk mencari rute dan perjalanan nya juga sangat cepat dan juga praktis saya sangat suka deh pokonya dengan app transjakarta inii,5,0,,2025-10-01 16:06:49,,,
1dd41709-3f94-4acb-afd9-0a1e89a43bcf,Pengguna Google,https://play-lh.googleusercontent.com/EGemoI2NTXmTsBVtJqk8jxF9rh8ApRWfsIMQSt2uE4OcpQqbFu7f7NbTK05lx80nuSijCz7sc3a277R67g,Sangat sangat membantu saya untuk mengecek jadwal bus,5,0,2.9.0,2025-10-01 16:05:54,,,2.9.0
3f1a8772-4909-4b4d-a7c5-60e1ee955e91,Pengguna Google,https://play-lh.googleusercontent.com/EGemoI2NTXmTsBVtJqk8jxF9rh8ApRWfsIMQSt2uE4OcpQqbFu7f7NbTK05lx80nuSijCz7sc3a277R67g,"aplikasinya saat mudah dipakai, kita bisa melacak bus sedang dimana dan sangat akurat. disarankan untuk para pengguna Transjakarta memiliki aplikasi ini.",5,0,2.9.0,2025-10-01 16:04:52,,,2.9.0
fc6c0b2c-09d5-4937-9880-876b0f5cec64,Pengguna Google,https://play-lh.googleusercontent.com/EGemoI2NTXmTsBVtJqk8jxF9rh8ApRWfsIMQSt2uE4OcpQqbFu7f7NbTK05lx80nuSijCz7sc3a277R67g,"aplikasi transjakarta membantu banget sih buatku, soalnya bisa lacak halte terdekat,rute dan bus nya. apk nya juga mudah banget digunain. recommended bgt dehhh",5,0,2.9.0,2025-10-01 16:02:45,,,2.9.0
a1f8bb3e-5673-4cfa-a40b-54d46ef2a3bf,Pengguna Google,https://play-lh.googleusercontent.com/EGemoI2NTXmTsBVtJqk8jxF9rh8ApRWfsIMQSt2uE4OcpQqbFu7f7NbTK05lx80nuSijCz7sc3a277R67g,"Aplikasinya sangat membantu sekali untuk cek rute dan jadwal bus. Informasinya jelas, update, dan akurat. Jadi lebih mudah buat bepergian di Jakarta tanpa bingung lagi.",5,0,2.9.0,2025-10-01 15:56:38,,,2.9.0
3d5a7642-3929-46d4-bbf4-b815bd379875,Pengguna Google,https://play-lh.googleusercontent.com/EGemoI2NTXmTsBVtJqk8jxF9rh8ApRWfsIMQSt2uE4OcpQqbFu7f7NbTK05lx80nuSijCz7sc3a277R67g,"aplikasinya berguna banget, sangat sangat membantu. top dehh🥰😍😍",5,0,2.9.0,2025-10-01 15:56:21,,,2.9.0
50dd728b-21ab-4363-b552-b8f6f338eaf8,Pengguna Google,https://play-lh.googleusercontent.com/EGemoI2NTXmTsBVtJqk8jxF9rh8ApRWfsIMQSt2uE4OcpQqbFu7f7NbTK05lx80nuSijCz7sc3a277R67g,"sangat baik, apalagi bisa melacak keberadaan bus nya keren mudahkan pemakai nya",5,0,2.9.0,2025-10-01 15:56:03,,,2.9.0
630e332a-e0df-4ceb-bac5-2521d8fda853,Pengguna Google,https://play-lh.googleusercontent.com/EGemoI2NTXmTsBVtJqk8jxF9rh8ApRWfsIMQSt2uE4OcpQqbFu7f7NbTK05lx80nuSijCz7sc3a277R67g,"Aplikasinya simple, gampang dipakai, dan informasinya lengkap banget.",5,0,,2025-10-01 15:52:38,,,
4b52ba9f-0811-4186-a9aa-45abf931f431,Pengguna Google,https://play-lh.googleusercontent.com/EGemoI2NTXmTsBVtJqk8jxF9rh8ApRWfsIMQSt2uE4OcpQqbFu7f7NbTK05lx80nuSijCz7sc3a277R67g,"Aplikasi yg sangat dibutuhkan nih buat pengguna Transjakarta. biar tau lokasi halte, transitnya dan bisa beli tiketnya pula buat pengguna yg lupa bawa kartu.",5,0,2.9.0,2025-10-01 15:50:33,,,2.9.0
04e3b309-3e13-4b4b-ae00-ff4b63cf0d55,Pengguna Google,https://play-lh.googleusercontent.com/EGemoI2NTXmTsBVtJqk8jxF9rh8ApRWfsIMQSt2uE4OcpQqbFu7f7NbTK05lx80nuSijCz7sc3a277R67g,"User friendly dan informatif. Bisa cek halte terdekat, estimasi waktu bus datang, sampai rute perjalanan. Benar-benar memudahkan penumpang sehari-hari",5,0,2.9.0,2025-10-01 15:50:02,,,2.9.0
9d582aea-4fd6-4aa6-a1b2-b0ea4eec2562,Pengguna Google,https://play-lh.googleusercontent.com/EGemoI2NTXmTsBVtJqk8jxF9rh8ApRWfsIMQSt2uE4OcpQqbFu7f7NbTK05lx80nuSijCz7sc3a277R67g,"lebih gampang+praktis pake ini apk, bisa liat jadwal, rute, halte terdekat apa lg aku minus yg mager pake kacamata jadi ga perlu nyari nyari hehe",5,0,2.9.0,2025-10-01 15:48:43,,,2.9.0
c691dc25-f575-425b-9b32-557627f17ba8,Pengguna Google,https://play-lh.googleusercontent.com/EGemoI2NTXmTsBVtJqk8jxF9rh8ApRWfsIMQSt2uE4OcpQqbFu7f7NbTK05lx80nuSijCz7sc3a277R67g,"aplikasi yang bagus, memudahkan orang si, nyari rute mudah dsb",5,0,2.9.0,2025-10-01 15:47:04,,,2.9.0
3779a19b-3acf-4e88-9b47-f7fd2168b044,Pengguna Google,https://play-lh.googleusercontent.com/EGemoI2NTXmTsBVtJqk8jxF9rh8ApRWfsIMQSt2uE4OcpQqbFu7f7NbTK05lx80nuSijCz7sc3a277R67g,Sangat membantu buat cek jadwal keberangkatan bus nyaman banget,5,0,2.9.0,2025-10-01 15:45:15,,,2.9.0
90d6a011-e987-4c3a-bb6b-02b55dc1e9e1,Pengguna Google,https://play-lh.googleusercontent.com/EGemoI2NTXmTsBVtJqk8jxF9rh8ApRWfsIMQSt2uE4OcpQqbFu7f7NbTK05lx80nuSijCz7sc3a277R67g,Sangat sangat berguna dan membantu sekali 👍,5,0,2.9.0,2025-10-01 15:40:30,,,2.9.0
d49a294f-2a47-4ddc-a94d-05d2eda41888,Pengguna Google,https://play-lh.googleusercontent.com/EGemoI2NTXmTsBVtJqk8jxF9rh8ApRWfsIMQSt2uE4OcpQqbFu7f7NbTK05lx80nuSijCz7sc3a277R67g,"nyobain aplikasi Transjakarta ternyata lumayan praktis rute bus gampang dicari, halte terdekat juga langsung ketemu. Buat orang baru kayak saya jadi lebih pede naik TJ tanpa takut nyasar.",5,0,2.9.0,2025-10-01 15:40:14,,,2.9.0
98f595c0-bcd5-4f0d-b969-c52990f12b87,Pengguna Google,https://play-lh.googleusercontent.com/EGemoI2NTXmTsBVtJqk8jxF9rh8ApRWfsIMQSt2uE4OcpQqbFu7f7NbTK05lx80nuSijCz7sc3a277R67g,"Aplikasinya makin bagus, tracking bus sekarang jauh lebih akurat jadi nggak bingung nunggu. Fitur info rute sama companion mode juga kepake banget, apalagi bisa langsung lapor kalau ada masalah di halte.",5,0,,2025-10-01 15:37:43,,,
ad4eb6b6-a308-4362-a81e-5149c431c757,Pengguna Google,https://play-lh.googleusercontent.com/EGemoI2NTXmTsBVtJqk8jxF9rh8ApRWfsIMQSt2uE4OcpQqbFu7f7NbTK05lx80nuSijCz7sc3a277R67g,aplikasi nya membantu banget sihh jadi bisa tau jadwal keberangkatan dan kedatangan bis di setiap haltenya fitur nya juga lengkap,5,0,,2025-10-01 15:32:13,,,
470d0e2e-4838-4f2c-824c-1652d753ee42,Pengguna Google,https://play-lh.googleusercontent.com/EGemoI2NTXmTsBVtJqk8jxF9rh8ApRWfsIMQSt2uE4OcpQqbFu7f7NbTK05lx80nuSijCz7sc3a277R67g,"aplikasinya bener-bener membantu banget buat yang sering naik Transjakarta. Rute yg jelas, bisa lihat posisi bus real-time, jadi nggak perlu nebak-nebak kapan datangnya deh kita. Hemat waktu dan ngerasa lebih tenang pas perjalanan",5,0,2.9.0,2025-10-01 15:26:34,,,2.9.0
72271fd1-8a91-4dcd-8fc5-f45ccb6643e4,Pengguna Google,https://play-lh.googleusercontent.com/EGemoI2NTXmTsBVtJqk8jxF9rh8ApRWfsIMQSt2uE4OcpQqbFu7f7NbTK05lx80nuSijCz7sc3a277R67g,suka banget sama apk ini...,5,0,2.9.0,2025-10-01 15:15:21,,,2.9.0
c8afd533-7040-4aca-a932-311d3e50705c,Pengguna Google,https://play-lh.googleusercontent.com/EGemoI2NTXmTsBVtJqk8jxF9rh8ApRWfsIMQSt2uE4OcpQqbFu7f7NbTK05lx80nuSijCz7sc3a277R67g,"Pembelian Tiket QR: Fitur ini menjadi andalan utama, memungkinkan pengguna membeli tiket langsung dari ponsel dan memindai kode QR di gerbang halte. Ini mengurangi ketergantungan pada kartu uang elektronik dan antrean isi ulang saldo.",5,0,2.9.0,2025-10-01 14:54:04,,,2.9.0
419b8620-8eb9-4be3-9f55-236d20a1833d,Pengguna Google,https://play-lh.googleusercontent.com/EGemoI2NTXmTsBVtJqk8jxF9rh8ApRWfsIMQSt2uE4OcpQqbFu7f7NbTK05lx80nuSijCz7sc3a277R67g,"informatif sekali ya aplikasinya, kalo mau pergi-pergi jadi lebih mudah",5,0,2.9.0,2025-10-01 14:50:59,,,2.9.0
4463a85a-7781-4445-beee-85d5d5d5d10a,Pengguna Google,https://play-lh.googleusercontent.com/EGemoI2NTXmTsBVtJqk8jxF9rh8ApRWfsIMQSt2uE4OcpQqbFu7f7NbTK05lx80nuSijCz7sc3a277R67g,Sangat suka sama aplikasi ini membantu kita nyari halte apa bus terdekat yg ada disekitar kita sangat membantu sekali bagi para pengguna kendaraan umuk,5,0,2.9.0,2025-10-01 14:50:21,,,2.9.0
284ccc6f-4d6e-471b-aff5-f169c4205507,Pengguna Google,https://play-lh.googleusercontent.com/EGemoI2NTXmTsBVtJqk8jxF9rh8ApRWfsIMQSt2uE4OcpQqbFu7f7NbTK05lx80nuSijCz7sc3a277R67g,"Fitur tracking bus di Transjakarta membantu bngett, jadi bisa tau perkiraan bus udah smpai mana tanpa khawatir ketinggalan, plus bnyak reward dari poin yang kita kumpulin🥰",5,0,,2025-10-01 14:48:30,,,
8269ae4f-6d46-4561-b0db-e1aae85b026a,Pengguna Google,https://play-lh.googleusercontent.com/EGemoI2NTXmTsBVtJqk8jxF9rh8ApRWfsIMQSt2uE4OcpQqbFu7f7NbTK05lx80nuSijCz7sc3a277R67g,ngebantu banget rute dan jadwalnya lengkap,5,0,2.9.0,2025-10-01 14:47:41,,,2.9.0
524a0aa9-7113-4e0b-ac54-08ab2c02472c,Pengguna Google,https://play-lh.googleusercontent.com/EGemoI2NTXmTsBVtJqk8jxF9rh8ApRWfsIMQSt2uE4OcpQqbFu7f7NbTK05lx80nuSijCz7sc3a277R67g,"Aplikasinya ngebantu banget! Bisa liat posisi bus real-time, jadi nggak nunggu di halte kelamaan. Jadwalnya juga lumayan akurat. Mantap deh!",5,0,2.9.0,2025-10-01 14:44:55,,,2.9.0
56c9e2b9-20ed-4c84-a5db-49f47a83eece,Pengguna Google,https://play-lh.googleusercontent.com/EGemoI2NTXmTsBVtJqk8jxF9rh8ApRWfsIMQSt2uE4OcpQqbFu7f7NbTK05lx80nuSijCz7sc3a277R67g,"apk ini membantu banget sih, jadi mudah buat beli tiket bus dan bisa di prediksi kedatangan busnya... lebih kerennya prediksiannya tuh gapernah salah, ga nyesel sih udah download apk ini🤩🤩🤩",5,0,,2025-10-01 14:43:03,,,
dfdbc29c-30f4-499f-ba59-babebb642fb4,Pengguna Google,https://play-lh.googleusercontent.com/EGemoI2NTXmTsBVtJqk8jxF9rh8ApRWfsIMQSt2uE4OcpQqbFu7f7NbTK05lx80nuSijCz7sc3a277R67g,"Transjakarta sangat membantu aku kalo mau kemana2,pembayarannya mudah dan hemat",5,0,2.9.0,2025-10-01 14:41:59,,,2.9.0
a301b4d8-e172-41ba-b3f5-df757ce4566a,Pengguna Google,https://play-lh.googleusercontent.com/EGemoI2NTXmTsBVtJqk8jxF9rh8ApRWfsIMQSt2uE4OcpQqbFu7f7NbTK05lx80nuSijCz7sc3a277R67g,"suka banget sama aplikasi ini, informatif dan mau kemanapun sekarang jadi lebih mudah",5,0,2.9.0,2025-10-01 14:41:33,,,2.9.0
7010bf58-91a6-4159-b586-5844979143d0,Pengguna Google,https://play-lh.googleusercontent.com/EGemoI2NTXmTsBVtJqk8jxF9rh8ApRWfsIMQSt2uE4OcpQqbFu7f7NbTK05lx80nuSijCz7sc3a277R67g,"aplikasi sangat membantu dan mempermudah banget,cari halte terdekat jadi lebih mudah dan melihat rute dengan akurat",5,0,,2025-10-01 14:38:11,,,
3e15714d-2430-4d2e-af49-7f1231a8ece9,Pengguna Google,https://play-lh.googleusercontent.com/EGemoI2NTXmTsBVtJqk8jxF9rh8ApRWfsIMQSt2uE4OcpQqbFu7f7NbTK05lx80nuSijCz7sc3a277R67g,aplikasi paling rekomended buat yg suka pake transjakarta. Tampilannya sangat informatif dan mudah dipahami,5,0,,2025-10-01 14:37:15,,,
b5388ae6-529d-4d7f-a6ad-94d94e585766,Pengguna Google,https://play-lh.googleusercontent.com/EGemoI2NTXmTsBVtJqk8jxF9rh8ApRWfsIMQSt2uE4OcpQqbFu7f7NbTK05lx80nuSijCz7sc3a277R67g,"Aplikasi nya keren, simple buat orang-orang yg ga ngerti, jadi cepet ngerti. Simpel praktis. Plis, kembangin lagi, buat jadi aplikasi paling gacor.",5,0,2.9.0,2025-10-01 14:34:49,,,2.9.0
667b5b5a-c88a-4f1e-998e-7e4c8ac604f6,Pengguna Google,https://play-lh.googleusercontent.com/EGemoI2NTXmTsBVtJqk8jxF9rh8ApRWfsIMQSt2uE4OcpQqbFu7f7NbTK05lx80nuSijCz7sc3a277R67g,"aplikasinya sangat membantu karena mudah digunakan, informasi yang ada juga akurat, jadi gak perlu nunggu lama kalo mau naik transum, cocok banget buat yang suka kemana mana naik transum di jakarta",5,0,2.9.0,2025-10-01 14:34:34,,,2.9.0
ea4bd4c0-9376-45ee-8728-142b09b5bdac,Pengguna Google,https://play-lh.googleusercontent.com/EGemoI2NTXmTsBVtJqk8jxF9rh8ApRWfsIMQSt2uE4OcpQqbFu7f7NbTK05lx80nuSijCz7sc3a277R67g,"Praktis banget sekarang naik TJ, tinggal cek rute dan jadwal di aplikasi. Nggak ribet, apalagi buat yang tiap hari ngantor naik TJ. Keren!",5,0,2.9.0,2025-10-01 14:34:31,,,2.9.0
bbd64e4d-0541-4ad7-b424-f2583c34a613,Pengguna Google,https://play-lh.googleusercontent.com/EGemoI2NTXmTsBVtJqk8jxF9rh8ApRWfsIMQSt2uE4OcpQqbFu7f7NbTK05lx80nuSijCz7sc3a277R67g,tampilan menarik dan sangat efisien,5,0,2.9.0,2025-10-01 14:34:23,,,2.9.0
6a24a3e8-0763-4a20-a6e3-df4d24d38a7e,Pengguna Google,https://play-lh.googleusercontent.com/EGemoI2NTXmTsBVtJqk8jxF9rh8ApRWfsIMQSt2uE4OcpQqbFu7f7NbTK05lx80nuSijCz7sc3a277R67g,aplikasinya bagus sangat membantu,5,0,2.9.0,2025-10-01 14:33:39,,,2.9.0
16398c3e-8fbb-42e7-8144-b196313a402c,Pengguna Google,https://play-lh.googleusercontent.com/EGemoI2NTXmTsBVtJqk8jxF9rh8ApRWfsIMQSt2uE4OcpQqbFu7f7NbTK05lx80nuSijCz7sc3a277R67g,"UI-nya simpel, info jadwal bus akurat, dan rute gampang dicari. Jadi makin nyaman tiap kali naik TJ..",5,0,,2025-10-01 14:29:56,,,
72b5cf01-8ee8-4852-8532-d39501d8f36c,Pengguna Google,https://play-lh.googleusercontent.com/EGemoI2NTXmTsBVtJqk8jxF9rh8ApRWfsIMQSt2uE4OcpQqbFu7f7NbTK05lx80nuSijCz7sc3a277R67g,"Aplikasi ini sangat bagus dan sangat membantu banget, pokoknya rekomendasi banget pakai aplikasi ini.",5,0,2.9.0,2025-10-01 14:27:07,,,2.9.0
98fc8a2e-1324-4b1d-a7d1-2ae3ff99c4f8,Pengguna Google,https://play-lh.googleusercontent.com/EGemoI2NTXmTsBVtJqk8jxF9rh8ApRWfsIMQSt2uE4OcpQqbFu7f7NbTK05lx80nuSijCz7sc3a277R67g,Suka banget sama aplikasi Transjakarta memudahkan aku perjalanan jauh Dan dekat. Melayani titik pemberhentian di jalur khusus BRT (Busway) Transjakarta 🥰,5,0,,2025-10-01 14:26:54,,,
cc568eda-30cb-4e8a-97c6-7c623c68f1ad,Pengguna Google,https://play-lh.googleusercontent.com/EGemoI2NTXmTsBVtJqk8jxF9rh8ApRWfsIMQSt2uE4OcpQqbFu7f7NbTK05lx80nuSijCz7sc3a277R67g,"suka banget sama tampilannya yang sederhana,gampang dimpahami, apalagi buat cek halte atau waktu bus datang",5,0,2.9.0,2025-10-01 14:26:28,,,2.9.0
a4d8cd11-12b5-4401-8970-4f9077775996,Pengguna Google,https://play-lh.googleusercontent.com/EGemoI2NTXmTsBVtJqk8jxF9rh8ApRWfsIMQSt2uE4OcpQqbFu7f7NbTK05lx80nuSijCz7sc3a277R67g,"buat pemula yang baru naik TJ, ini aplikasi penolobg banget",5,0,2.9.0,2025-10-01 14:24:15,,,2.9.0
0f083655-0bcf-447a-8dbc-43cb9b5ae37d,Pengguna Google,https://play-lh.googleusercontent.com/EGemoI2NTXmTsBVtJqk8jxF9rh8ApRWfsIMQSt2uE4OcpQqbFu7f7NbTK05lx80nuSijCz7sc3a277R67g,Aplikasi ini sangat ngebantu banget sih bagi sayavpengguna transjakarta.Tampilannya sederhana jadi mudah digunakan. Rute nya jelas dan jadwal kedatangan bus juga cukup tepat waktu jadi ga perlu nunggu lama. Pembelian tiketya juga mudah banget. Mantap!,5,0,2.9.0,2025-10-01 14:24:05,,,2.9.0
fe6f0c6a-740d-40b4-99e4-eed30ec735e3,Pengguna Google,https://play-lh.googleusercontent.com/EGemoI2NTXmTsBVtJqk8jxF9rh8ApRWfsIMQSt2uE4OcpQqbFu7f7NbTK05lx80nuSijCz7sc3a277R67g,"aplikasi nya sangat mudah di gunakan ,sangat membantu untuk saya yg suka naik Transjakarta",5,0,2.9.0,2025-10-01 14:23:06,,,2.9.0
92f83357-388a-4b69-9901-2cb77c1e9c6c,Pengguna Google,https://play-lh.googleusercontent.com/EGemoI2NTXmTsBVtJqk8jxF9rh8ApRWfsIMQSt2uE4OcpQqbFu7f7NbTK05lx80nuSijCz7sc3a277R67g,"apk ini memudahkan saya untuk melihat rute halte, pembayaran pun mudah dilakukan.",5,0,2.9.0,2025-10-01 14:22:02,,,2.9.0
03445276-e110-4367-9054-324af8031777,Pengguna Google,https://play-lh.googleusercontent.com/EGemoI2NTXmTsBVtJqk8jxF9rh8ApRWfsIMQSt2uE4OcpQqbFu7f7NbTK05lx80nuSijCz7sc3a277R67g,Memudahkan saya untuk naik bis jadi lebih praktis dan pendaftaran ny juga mudah ga ribet,5,0,2.9.0,2025-10-01 14:21:22,,,2.9.0
ba654de1-0972-47f8-98fb-40c4b6f7e999,Pengguna Google,https://play-lh.googleusercontent.com/EGemoI2NTXmTsBVtJqk8jxF9rh8ApRWfsIMQSt2uE4OcpQqbFu7f7NbTK05lx80nuSijCz7sc3a277R67g,"Aplikasinya membantu banget buat aku yg suka pake transportasi umum, soalnya di transjakarta lengkap banget dari jadwalnya, halte nya terus rute nya jugaa jelass",5,0,2.9.0,2025-10-01 14:18:29,,,2.9.0
29154003-9fb6-4dff-a10b-d7e390cf6657,Pengguna Google,https://play-lh.googleusercontent.com/EGemoI2NTXmTsBVtJqk8jxF9rh8ApRWfsIMQSt2uE4OcpQqbFu7f7NbTK05lx80nuSijCz7sc3a277R67g,"Aplikasinya sangat membantu sekali, terutama buat saya yang sering bolak-balik kerja naik bus Transjakarta. Informasi rute lengkap, halte terdekat mudah dicari, dan tampilannya sederhana jadi gampang dipahami meski baru pertama kali pakai. Rasanya kayak punya peta digital khusus TJ di genggaman. Semoga ke depannya ditambah fitur notifikasi kedatangan bus secara real-time biar makin praktis.",5,0,2.9.0,2025-10-01 14:17:07,,,2.9.0
9ba4e0cc-83da-41c0-b186-c467b94c31ba,Pengguna Google,https://play-lh.googleusercontent.com/EGemoI2NTXmTsBVtJqk8jxF9rh8ApRWfsIMQSt2uE4OcpQqbFu7f7NbTK05lx80nuSijCz7sc3a277R67g,"Aplikasinya membantu banget, terutama fitur pelacakan bus real-time. Jadi nggak perlu nunggu lama tanpa kepastian. Desainnya juga lebih enak dilihat daripada versi lama. Semoga ke depan bisa tambah opsi pembayaran biar lebih fleksibel",5,0,2.9.0,2025-10-01 14:16:32,,,2.9.0
be92fa5c-1487-46a3-a1fe-1071bb5ac7c5,Pengguna Google,https://play-lh.googleusercontent.com/EGemoI2NTXmTsBVtJqk8jxF9rh8ApRWfsIMQSt2uE4OcpQqbFu7f7NbTK05lx80nuSijCz7sc3a277R67g,"aplikasi nya berguna banget, gampang untuk mencari halte terdekat saat ingin berpergian",5,0,2.9.0,2025-10-01 14:15:58,,,2.9.0
fc39a6fb-e854-4b99-b0fe-0287f1f7647e,Pengguna Google,https://play-lh.googleusercontent.com/EGemoI2NTXmTsBVtJqk8jxF9rh8ApRWfsIMQSt2uE4OcpQqbFu7f7NbTK05lx80nuSijCz7sc3a277R67g,"bagus aplikasinya, jadi mudah untuk tau rute dan jadwal bus",5,0,2.9.0,2025-10-01 14:15:28,,,2.9.0
0b8a5e08-0e6a-4cc9-88ec-5d1c054d697f,Pengguna Google,https://play-lh.googleusercontent.com/EGemoI2NTXmTsBVtJqk8jxF9rh8ApRWfsIMQSt2uE4OcpQqbFu7f7NbTK05lx80nuSijCz7sc3a277R67g,Sangat membantu perjalanan disaat bingung mencari rute yang tepat. Sukses selalu transjakarta.,5,0,,2025-10-01 14:14:45,,,
19ce6b8f-c44e-4de6-8975-c12ac33cc7db,Pengguna Google,https://play-lh.googleusercontent.com/EGemoI2NTXmTsBVtJqk8jxF9rh8ApRWfsIMQSt2uE4OcpQqbFu7f7NbTK05lx80nuSijCz7sc3a277R67g,"Aplikasi wajib punya untuk warga Jakarta. Bisa memantau rute, halte terdekat, sampai kepadatan penumpang. Semua informasi ada dalam satu aplikasi. Sangat membantu perjalanan sehari-hari.",5,0,2.9.0,2025-10-01 14:14:22,,,2.9.0
1ead0e52-95ed-44fb-ae8d-a3ac6f360dfa,Pengguna Google,https://play-lh.googleusercontent.com/EGemoI2NTXmTsBVtJqk8jxF9rh8ApRWfsIMQSt2uE4OcpQqbFu7f7NbTK05lx80nuSijCz7sc3a277R67g,"terbaik buat cari rute Transjakarta, tinggal optimasi kecepatan dan akurasi data smg lebih baik nggak loading lama",5,0,2.9.0,2025-10-01 14:12:58,,,2.9.0
b0e63958-047b-48ed-a9e1-fe074f72504b,Pengguna Google,https://play-lh.googleusercontent.com/EGemoI2NTXmTsBVtJqk8jxF9rh8ApRWfsIMQSt2uE4OcpQqbFu7f7NbTK05lx80nuSijCz7sc3a277R67g,"bagus banget si aplikasi Transjakarta ini ,jadi lebih mudah buat tau tempat tempatnya",5,0,2.9.0,2025-10-01 14:12:53,,,2.9.0
de20f6de-51ac-446d-8f89-a4d7ebdf8d25,Pengguna Google,https://play-lh.googleusercontent.com/EGemoI2NTXmTsBVtJqk8jxF9rh8ApRWfsIMQSt2uE4OcpQqbFu7f7NbTK05lx80nuSijCz7sc3a277R67g,"Aplikasi Transjakarta sangat membantu, info jadwal jelas, rute lengkap, dan mudah digunakan 👏",5,0,,2025-10-01 14:12:42,,,
46db665a-92a7-4969-a06d-196c967fea71,Pengguna Google,https://play-lh.googleusercontent.com/EGemoI2NTXmTsBVtJqk8jxF9rh8ApRWfsIMQSt2uE4OcpQqbFu7f7NbTK05lx80nuSijCz7sc3a277R67g,"Suka banget sama aplikasi nya banyak sekali manfaat nya , cara cepat liat jadwal bus mntapp",5,0,2.9.0,2025-10-01 14:11:04,,,2.9.0
fa9a8725-65f4-4c82-8fa8-44d992339d41,Pengguna Google,https://play-lh.googleusercontent.com/EGemoI2NTXmTsBVtJqk8jxF9rh8ApRWfsIMQSt2uE4OcpQqbFu7f7NbTK05lx80nuSijCz7sc3a277R67g,"Aplikasinya keren sih, sekarang makin gampang liat rute dan jadwal bus. Nggak ribet lagi pas mau naik Transjakarta, tinggal buka apps aja udah keliatan semuanya. UI-nya juga makin enak dilihat, responsif banget. Semoga ke depannya makin stabil dan makin banyak fitur baru yaa! 🔥👍",5,0,2.9.0,2025-10-01 14:10:37,,,2.9.0
d794468e-c88c-4afe-a84b-61d361bcb60a,Pengguna Google,https://play-lh.googleusercontent.com/EGemoI2NTXmTsBVtJqk8jxF9rh8ApRWfsIMQSt2uE4OcpQqbFu7f7NbTK05lx80nuSijCz7sc3a277R67g,"tampilannya mudah gak ribet ,,bisa tracking bis dan pembayaran juga di satu apk .",5,0,2.9.0,2025-10-01 14:10:34,,,2.9.0
f9ea4ac5-cd8d-476c-83e7-3b328cd61e1b,Pengguna Google,https://play-lh.googleusercontent.com/EGemoI2NTXmTsBVtJqk8jxF9rh8ApRWfsIMQSt2uE4OcpQqbFu7f7NbTK05lx80nuSijCz7sc3a277R67g,"apk Transjakarta ini bikin lebih mudah,sekarang aku bisa tau rute dan estimasi kedatangan bus secara real-time,jadi aku gak perlu khawatir lgi ketinggalan bus/menunggu terlalu lama.fiturnya lengkap dan mudah di gunakan 👍",5,0,,2025-10-01 14:10:24,,,
b3a7cda8-f2c1-482d-ba8e-db506d6b51dd,Pengguna Google,https://play-lh.googleusercontent.com/EGemoI2NTXmTsBVtJqk8jxF9rh8ApRWfsIMQSt2uE4OcpQqbFu7f7NbTK05lx80nuSijCz7sc3a277R67g,Membantu pengguna merencanakan rute perjalanan dengan pilihan rute dan estimasi waktu tempuh.,5,0,,2025-10-01 14:09:00,,,
d752e3ee-99a5-4bbd-bf7f-b6224a2b7eda,Pengguna Google,https://play-lh.googleusercontent.com/EGemoI2NTXmTsBVtJqk8jxF9rh8ApRWfsIMQSt2uE4OcpQqbFu7f7NbTK05lx80nuSijCz7sc3a277R67g,"pakai aplikasi transjakarta lebih akurat, mau cari halte terdekat lebih mudah",5,0,2.9.0,2025-10-01 14:08:35,,,2.9.0
2c422d4c-8ec9-4264-8ab7-89c81d0876b9,Pengguna Google,https://play-lh.googleusercontent.com/EGemoI2NTXmTsBVtJqk8jxF9rh8ApRWfsIMQSt2uE4OcpQqbFu7f7NbTK05lx80nuSijCz7sc3a277R67g,Aplikasi simple dan mudah untuk digunakan:),5,0,2.9.0,2025-10-01 14:08:11,,,2.9.0
e885051c-6a4b-4a90-accb-e5e5d00dc24d,Pengguna Google,https://play-lh.googleusercontent.com/EGemoI2NTXmTsBVtJqk8jxF9rh8ApRWfsIMQSt2uE4OcpQqbFu7f7NbTK05lx80nuSijCz7sc3a277R67g,sangat membantu bagi pengguna umum seperti saya.. lokasi akurat dan real-time..,5,0,2.9.0,2025-10-01 14:07:13,,,2.9.0
4eb88a9d-51c3-4596-8336-9b10803d6c39,Pengguna Google,https://play-lh.googleusercontent.com/EGemoI2NTXmTsBVtJqk8jxF9rh8ApRWfsIMQSt2uE4OcpQqbFu7f7NbTK05lx80nuSijCz7sc3a277R67g,"berguna banget buat saya yg suka naik bus transjakarta, mempermudah ketika mencari rute bus",5,0,,2025-10-01 14:06:50,,,
9bbd5913-ae79-4c43-b8a1-07b29457afb1,Pengguna Google,https://play-lh.googleusercontent.com/EGemoI2NTXmTsBVtJqk8jxF9rh8ApRWfsIMQSt2uE4OcpQqbFu7f7NbTK05lx80nuSijCz7sc3a277R67g,"suka banget sama aplikasi ini, memudahkan banget buat kalo mau pergi kemana mana. apalagi aku perantauan gini yang minim perjalanan banget sama kota sebesar ini",5,0,,2025-10-01 14:06:12,,,
373a2a04-cd44-4f90-99f8-a64c1e33fbd4,Pengguna Google,https://play-lh.googleusercontent.com/EGemoI2NTXmTsBVtJqk8jxF9rh8ApRWfsIMQSt2uE4OcpQqbFu7f7NbTK05lx80nuSijCz7sc3a277R67g,aplikasi ini sangat menguntungkan sekali bisa nyari rute nya gampang banget,5,0,2.9.0,2025-10-01 14:06:12,,,2.9.0
bdf42493-7ffe-4762-9077-1acf97950dc4,Pengguna Google,https://play-lh.googleusercontent.com/EGemoI2NTXmTsBVtJqk8jxF9rh8ApRWfsIMQSt2uE4OcpQqbFu7f7NbTK05lx80nuSijCz7sc3a277R67g,aplikasi mudah di gunakan dan sangat membantu dalam pencarian rute,5,0,2.9.0,2025-10-01 14:05:38,,,2.9.0
a5d656e3-9d15-420b-b2a4-77bc73dc9005,Pengguna Google,https://play-lh.googleusercontent.com/EGemoI2NTXmTsBVtJqk8jxF9rh8ApRWfsIMQSt2uE4OcpQqbFu7f7NbTK05lx80nuSijCz7sc3a277R67g,Aplikasi yang sangat membantu sekali kalo mau liat halte bus disekitar jakarta dan bisa pesan tiket bus juga,5,0,,2025-10-01 14:04:27,,,
c419e486-28d1-44da-a0c1-1bf0ddb15d0c,Pengguna Google,https://play-lh.googleusercontent.com/EGemoI2NTXmTsBVtJqk8jxF9rh8ApRWfsIMQSt2uE4OcpQqbFu7f7NbTK05lx80nuSijCz7sc3a277R67g,"sangat membantu banget dalam transportasi umum,",5,0,2.9.0,2025-10-01 14:03:32,,,2.9.0
912a12d3-1059-49f3-b7e7-b654fa2d8830,Pengguna Google,https://play-lh.googleusercontent.com/EGemoI2NTXmTsBVtJqk8jxF9rh8ApRWfsIMQSt2uE4OcpQqbFu7f7NbTK05lx80nuSijCz7sc3a277R67g,"aplikasi transjakarta mudah digunakan dan menyediakan informasi yg lengkap tentang rute,halte dan jadwal bus. Tarif transjakarta sangat terjangkau dan ramah lingkungan,sehingga saya dapat berhemat.",5,0,2.9.0,2025-10-01 14:02:32,,,2.9.0
ae027a33-d5af-4967-992d-06e1991b0b0d,Pengguna Google,https://play-lh.googleusercontent.com/EGemoI2NTXmTsBVtJqk8jxF9rh8ApRWfsIMQSt2uE4OcpQqbFu7f7NbTK05lx80nuSijCz7sc3a277R67g,"aplikasi oke bangett, tampilannya oke cari halte atau jadwal pemberangkatan bus jadi lebih gampang, bener"" ngebantu banget buat yg suka naik transfortasi umumm, the best dehh pokoknya😍",5,0,2.9.0,2025-10-01 14:01:51,,,2.9.0
ccfb25ff-3890-4ccc-beca-4385297ea2e9,Pengguna Google,https://play-lh.googleusercontent.com/EGemoI2NTXmTsBVtJqk8jxF9rh8ApRWfsIMQSt2uE4OcpQqbFu7f7NbTK05lx80nuSijCz7sc3a277R67g,sangat memudahkan aku salama tinggal di jakarta sebagai pendatang sangat2 membantu dengan adanya aplikasi ini,5,0,,2025-10-01 14:01:29,,,
346dbec9-0648-43ed-9a45-2cfab8b67e42,Pengguna Google,https://play-lh.googleusercontent.com/EGemoI2NTXmTsBVtJqk8jxF9rh8ApRWfsIMQSt2uE4OcpQqbFu7f7NbTK05lx80nuSijCz7sc3a277R67g,"Aplikasinya sangat membantu dan memudahkan untuk jadwal bus tiba dan rutenya, rekomen bgt buat aku orangnya ygsuka kebingungan hhi, wajib coba deh.",5,0,2.9.0,2025-10-01 13:59:21,,,2.9.0
0bcb72f0-e221-4d86-a5c0-a02e07ee28f1,Pengguna Google,https://play-lh.googleusercontent.com/EGemoI2NTXmTsBVtJqk8jxF9rh8ApRWfsIMQSt2uE4OcpQqbFu7f7NbTK05lx80nuSijCz7sc3a277R67g,"Aplikasinya oke, Simple dan jelas, cocok buat yang sering naik TransJakarta",5,0,,2025-10-01 13:59:00,,,
72699a43-199d-4c88-a34a-0a12363af3d6,Pengguna Google,https://play-lh.googleusercontent.com/EGemoI2NTXmTsBVtJqk8jxF9rh8ApRWfsIMQSt2uE4OcpQqbFu7f7NbTK05lx80nuSijCz7sc3a277R67g,"aplikasi Transjakarta ini sangat membantu pas keadaan buru"" gapernah lemot",5,0,2.9.0,2025-10-01 13:58:55,,,2.9.0
bc9ba260-c517-4786-9b5f-134b6d3e0f56,Pengguna Google,https://play-lh.googleusercontent.com/EGemoI2NTXmTsBVtJqk8jxF9rh8ApRWfsIMQSt2uE4OcpQqbFu7f7NbTK05lx80nuSijCz7sc3a277R67g,Aplikasi ini sangat membantu sekali untuk para pengguna Transjakarta untuk melihat jadwal dan rute yg akan kita tuju,5,0,2.9.0,2025-10-01 13:58:01,,,2.9.0
5b831a12-eb77-4fe7-a990-c18e3c81608d,Pengguna Google,https://play-lh.googleusercontent.com/EGemoI2NTXmTsBVtJqk8jxF9rh8ApRWfsIMQSt2uE4OcpQqbFu7f7NbTK05lx80nuSijCz7sc3a277R67g,"Bagus aplikasinya,memudahkan nyari rute ,bisa cek halte terdekat juga,beli tiket disini langsung juga bisa loh,tampilan aplikasinya juga simpel gak kelihatan ribet",5,0,2.9.0,2025-10-01 13:57:25,,,2.9.0
3a3f22f1-6185-42b2-b288-93b4d437a6ad,Pengguna Google,https://play-lh.googleusercontent.com/EGemoI2NTXmTsBVtJqk8jxF9rh8ApRWfsIMQSt2uE4OcpQqbFu7f7NbTK05lx80nuSijCz7sc3a277R67g,aplikasi ini bestt banget gampang di gunakan saya jadi gampang cari rute krna aplikasi ini,5,0,,2025-10-01 13:56:39,,,
dc0f5aa1-35cd-4c94-91df-35727a47bd9a,Pengguna Google,https://play-lh.googleusercontent.com/EGemoI2NTXmTsBVtJqk8jxF9rh8ApRWfsIMQSt2uE4OcpQqbFu7f7NbTK05lx80nuSijCz7sc3a277R67g,"TransJakarta terbaik ,pakai aplikasi ini memudahkan banget apalagi di jam sibuk",5,0,,2025-10-01 13:55:37,,,
27f32de6-1fd1-4da8-8bdc-5d0daf6e6a2a,Pengguna Google,https://play-lh.googleusercontent.com/EGemoI2NTXmTsBVtJqk8jxF9rh8ApRWfsIMQSt2uE4OcpQqbFu7f7NbTK05lx80nuSijCz7sc3a277R67g,sangat membantu ketika mncari halte terdekat mantap bgt ini,5,0,,2025-10-01 13:53:08,,,
211737d5-c950-47a5-93e2-1c7dcb075fc6,Pengguna Google,https://play-lh.googleusercontent.com/EGemoI2NTXmTsBVtJqk8jxF9rh8ApRWfsIMQSt2uE4OcpQqbFu7f7NbTK05lx80nuSijCz7sc3a277R67g,yuk buruan pakai Transjakarta di jamin puas terhadap aplikasi nya,5,0,2.9.0,2025-10-01 13:52:59,,,2.9.0
58a7a0fa-118f-404d-9441-9fed68009c98,Pengguna Google,https://play-lh.googleusercontent.com/EGemoI2NTXmTsBVtJqk8jxF9rh8ApRWfsIMQSt2uE4OcpQqbFu7f7NbTK05lx80nuSijCz7sc3a277R67g,"aplikasi ini sangat membantu untuk mengecek jadwal bus, lihat halte terdekat, nyari rute juga gampang.",5,0,,2025-10-01 13:51:56,,,
a5617a08-afe7-4a3d-8e26-364f86f360a2,Pengguna Google,https://play-lh.googleusercontent.com/EGemoI2NTXmTsBVtJqk8jxF9rh8ApRWfsIMQSt2uE4OcpQqbFu7f7NbTK05lx80nuSijCz7sc3a277R67g,aplikasi yang memudahkan untuk mengetahui posisi Transjakarta yang ingin dinaiki dan estimasi waktu sampai nya,5,0,2.9.0,2025-10-01 13:50:27,,,2.9.0
22ab4502-b3ac-48b4-9bbd-63192a859619,Pengguna Google,https://play-lh.googleusercontent.com/EGemoI2NTXmTsBVtJqk8jxF9rh8ApRWfsIMQSt2uE4OcpQqbFu7f7NbTK05lx80nuSijCz7sc3a277R67g,"aplikasi enak banget ini, buat yang baru ke kota saran deh kalian pake ini, buat yang bingung cari halte, rekomen banget guys💯🔥",5,0,2.9.0,2025-10-01 13:50:15,,,2.9.0
474552fc-f2f4-4c06-9a30-1766521678d7,Pengguna Google,https://play-lh.googleusercontent.com/EGemoI2NTXmTsBVtJqk8jxF9rh8ApRWfsIMQSt2uE4OcpQqbFu7f7NbTK05lx80nuSijCz7sc3a277R67g,"aplikasinya praktis dan ringan dipakai. sangat membantu untuk mencari rute transjakarta dengan cepatt, jadi perjalanan terasa lebih mudah. tampilan juga sederhana sehingga gampang dipahami",5,0,2.9.0,2025-10-01 13:47:29,,,2.9.0
bb3e4912-7770-4cfa-9f0b-dd5474ac86a9,Pengguna Google,https://play-lh.googleusercontent.com/EGemoI2NTXmTsBVtJqk8jxF9rh8ApRWfsIMQSt2uE4OcpQqbFu7f7NbTK05lx80nuSijCz7sc3a277R67g,sangat membantu untuk yg suka naik tj sih bisa beli tiket di aplikasi jdi gaharus ke loket dan bisa tau juga jam keberangkatan sama rute. jadi udh enak bngt tinggal liat di apk,5,0,2.9.0,2025-10-01 13:46:37,,,2.9.0
07607a47-b01d-4968-95ca-ab4708a810ca,Pengguna Google,https://play-lh.googleusercontent.com/EGemoI2NTXmTsBVtJqk8jxF9rh8ApRWfsIMQSt2uE4OcpQqbFu7f7NbTK05lx80nuSijCz7sc3a277R67g,"bermanfaat banget aplikasinya, jadi mempermudah pembayaran serta rute nya",5,0,,2025-10-01 13:46:26,,,
0d6ca424-5ddd-489c-b291-01461c4574af,Pengguna Google,https://play-lh.googleusercontent.com/EGemoI2NTXmTsBVtJqk8jxF9rh8ApRWfsIMQSt2uE4OcpQqbFu7f7NbTK05lx80nuSijCz7sc3a277R67g,"User friendly banget., tampilannya simple dan jelas. Fitur tracking bus bikin perjalanan terasa lebih aman dan nyaman. Mantapp 👍",5,0,2.9.0,2025-10-01 13:43:03,,,2.9.0
e6b211bf-6da7-4853-ba79-ed969d89ce2c,Pengguna Google,https://play-lh.googleusercontent.com/EGemoI2NTXmTsBVtJqk8jxF9rh8ApRWfsIMQSt2uE4OcpQqbFu7f7NbTK05lx80nuSijCz7sc3a277R67g,sangat membantu banget aplikasi nya untuk cek rute dan perkiraan waktu sampai bisa lihat tempat halte nya,5,0,2.9.0,2025-10-01 13:42:41,,,2.9.0
d1ee87c8-f86f-4bed-a38e-6399fdb9c452,Pengguna Google,https://play-lh.googleusercontent.com/EGemoI2NTXmTsBVtJqk8jxF9rh8ApRWfsIMQSt2uE4OcpQqbFu7f7NbTK05lx80nuSijCz7sc3a277R67g,Sangat praktis untuk mencari halte terdekat dan jadwal bus. Bikin hemat waktu banget,5,0,,2025-10-01 13:41:56,,,
44cf4092-ba5f-42f8-a0df-a24ab8cda0d8,Pengguna Google,https://play-lh.googleusercontent.com/EGemoI2NTXmTsBVtJqk8jxF9rh8ApRWfsIMQSt2uE4OcpQqbFu7f7NbTK05lx80nuSijCz7sc3a277R67g,aplikasinya mantap buat pemula kaya saya. Nggak susah nyari rute dan fiturnya mudah dipahami,5,0,2.9.0,2025-10-01 13:41:37,,,2.9.0
ac6c3ac3-ff23-4923-b3b9-46857bc8ec8f,Pengguna Google,https://play-lh.googleusercontent.com/EGemoI2NTXmTsBVtJqk8jxF9rh8ApRWfsIMQSt2uE4OcpQqbFu7f7NbTK05lx80nuSijCz7sc3a277R67g,"Aplikasi ini praktis dan sangat bermanfaat untuk pengguna harian Transjakarta. Membantu cari rute, halte terdekat, serta jadwal perjalanan dengan cukup akurat. Tampilan sederhana dan mudah dipahami, sehingga perjalanan jadi lebih teratur, hemat waktu, dan nyaman.",5,0,2.9.0,2025-10-01 13:41:08,,,2.9.0
f893c36b-0a62-4cf3-9bed-9340c6225e2e,Pengguna Google,https://play-lh.googleusercontent.com/EGemoI2NTXmTsBVtJqk8jxF9rh8ApRWfsIMQSt2uE4OcpQqbFu7f7NbTK05lx80nuSijCz7sc3a277R67g,"aplikasi ini berguna banget bagi saya yang sering naik Tj,bisa tahu posisi bus dan rute,semoga kedepannya makin ditingkatkan fitur fiturnyaa",5,0,2.9.0,2025-10-01 13:40:22,,,2.9.0
163d9bff-49af-47f6-ae05-1373b68f4e44,Pengguna Google,https://play-lh.googleusercontent.com/EGemoI2NTXmTsBVtJqk8jxF9rh8ApRWfsIMQSt2uE4OcpQqbFu7f7NbTK05lx80nuSijCz7sc3a277R67g,"Aplikasi TJ Transjakarta benar-benar membantu mobilitas sehari-hari. Bisa cek posisi bus, halte terdekat, dan merencanakan rute dengan mudah. Tampilan sederhana dan mudah dipahami, sangat bermanfaat untuk pengguna TJ.",5,0,2.9.0,2025-10-01 13:40:11,,,2.9.0
fe152549-7fe5-46db-b26f-fdd5f2446beb,Pengguna Google,https://play-lh.googleusercontent.com/EGemoI2NTXmTsBVtJqk8jxF9rh8ApRWfsIMQSt2uE4OcpQqbFu7f7NbTK05lx80nuSijCz7sc3a277R67g,"recommend banget aplikasinya membantu banget dan sangat berguna,bisa nyari rute perjalanan dengan mudah Dan dan jadi tau jadwal bus dengan akurat",5,0,2.9.0,2025-10-01 13:39:58,,,2.9.0
3073ee6b-195d-489e-baad-31e86f51872d,Pengguna Google,https://play-lh.googleusercontent.com/EGemoI2NTXmTsBVtJqk8jxF9rh8ApRWfsIMQSt2uE4OcpQqbFu7f7NbTK05lx80nuSijCz7sc3a277R67g,"apk ini sangat membantu bangettt buat aku yg suka pakai angkutan umum, jadi ga susah buat pesen"" tikeet",5,0,,2025-10-01 13:39:07,,,
6e89207f-87bc-4756-ad33-4c66449639d2,Pengguna Google,https://play-lh.googleusercontent.com/EGemoI2NTXmTsBVtJqk8jxF9rh8ApRWfsIMQSt2uE4OcpQqbFu7f7NbTK05lx80nuSijCz7sc3a277R67g,recommended bngt ini aplikasi sangat memudahkan dan mengetahui jam keberangkatan dan rute mana aja yg dilewati bisa dipake buat naik juga diisi saldo,5,0,2.9.0,2025-10-01 13:38:56,,,2.9.0
08eb040e-cc78-49e1-aea8-28e6ad0bbd60,Pengguna Google,https://play-lh.googleusercontent.com/EGemoI2NTXmTsBVtJqk8jxF9rh8ApRWfsIMQSt2uE4OcpQqbFu7f7NbTK05lx80nuSijCz7sc3a277R67g,"aplikasi sangat membantu terutama yang suka bepergian,pokok rekomendasi banget aplikasinya",5,0,2.9.0,2025-10-01 13:38:32,,,2.9.0
d4da9b42-2090-41a1-abe2-3a01291d01ab,Pengguna Google,https://play-lh.googleusercontent.com/EGemoI2NTXmTsBVtJqk8jxF9rh8ApRWfsIMQSt2uE4OcpQqbFu7f7NbTK05lx80nuSijCz7sc3a277R67g,"Bagus banget aplikasinya,.. Sekarang jadi lebih mudah cek rute dan jadwal bus. Notifikasi real-time juga membantu banget biar nggak ketinggalan",5,0,2.9.0,2025-10-01 13:36:41,,,2.9.0
97db105f-2fee-43ca-972f-2fb486833970,Pengguna Google,https://play-lh.googleusercontent.com/EGemoI2NTXmTsBVtJqk8jxF9rh8ApRWfsIMQSt2uE4OcpQqbFu7f7NbTK05lx80nuSijCz7sc3a277R67g,"sangat ngebantu app transjakarta ini slama buat kmn2, aplikasi yg di desain fresh dan mudah dipahami",5,0,,2025-10-01 13:36:24,,,
17464686-1e8c-4609-9d17-9666414e735c,Pengguna Google,https://play-lh.googleusercontent.com/EGemoI2NTXmTsBVtJqk8jxF9rh8ApRWfsIMQSt2uE4OcpQqbFu7f7NbTK05lx80nuSijCz7sc3a277R67g,"Aplikasinya sangat memudahkan orang orang yang kurang paham rute seperti saya, pemula friendly dan gampang dimengerti langsung pointnya.",5,0,,2025-10-01 13:35:25,,,
14d0b3a5-87ae-4405-9358-00dee1da94bd,Pengguna Google,https://play-lh.googleusercontent.com/EGemoI2NTXmTsBVtJqk8jxF9rh8ApRWfsIMQSt2uE4OcpQqbFu7f7NbTK05lx80nuSijCz7sc3a277R67g,"Aplikasi bagus, ringan, dan fiturnya lengkap. Bisa cek lokasi halte terdekat dan update jalur bus secara real time. Sangat membantu aktivitas harian saya",5,0,2.9.0,2025-10-01 13:35:21,,,2.9.0
efab6828-5b3c-4aee-8a60-3a654af33d96,Pengguna Google,https://play-lh.googleusercontent.com/EGemoI2NTXmTsBVtJqk8jxF9rh8ApRWfsIMQSt2uE4OcpQqbFu7f7NbTK05lx80nuSijCz7sc3a277R67g,sangat membantu pas bisa cari halte terdekat,5,0,2.9.0,2025-10-01 13:35:11,,,2.9.0
8fdafedc-36ec-40d5-bbc7-7864c03d492b,Pengguna Google,https://play-lh.googleusercontent.com/EGemoI2NTXmTsBVtJqk8jxF9rh8ApRWfsIMQSt2uE4OcpQqbFu7f7NbTK05lx80nuSijCz7sc3a277R67g,aplikasi yang sangat berguna untuk mengetahui lokasi bus,5,0,2.9.0,2025-10-01 13:33:50,,,2.9.0
481b9462-28e8-45e8-abb3-6f3273a3febe,Pengguna Google,https://play-lh.googleusercontent.com/EGemoI2NTXmTsBVtJqk8jxF9rh8ApRWfsIMQSt2uE4OcpQqbFu7f7NbTK05lx80nuSijCz7sc3a277R67g,"aplikasinya baguss, gampang dipakai dan bermanfaat bangett",5,0,2.9.0,2025-10-01 13:33:07,,,2.9.0
e0ddaf7e-2699-491a-b73e-80dd149a6eb4,Pengguna Google,https://play-lh.googleusercontent.com/EGemoI2NTXmTsBVtJqk8jxF9rh8ApRWfsIMQSt2uE4OcpQqbFu7f7NbTK05lx80nuSijCz7sc3a277R67g,"Saya sangat terbantu dengan aplikasi ini. Informasi yang ditampilkan detail dan mudah dimengerti. Dari pada bingung cek jalur secara manual, aplikasi ini lebih cepat dan praktis. Semoga Transjakarta bisa terus meningkatkan layanannya, karena aplikasi ini benar-benar memudahkan mobilitas warga.",5,0,,2025-10-01 13:33:02,,,
387231aa-1459-47ff-8228-13ab15ab0230,Pengguna Google,https://play-lh.googleusercontent.com/EGemoI2NTXmTsBVtJqk8jxF9rh8ApRWfsIMQSt2uE4OcpQqbFu7f7NbTK05lx80nuSijCz7sc3a277R67g,"aplikasi transjakarta sangat membantu buat aku yang sering naik bus jadi tau jadwal bus nya terus juga tau harus berenti di halte mana aja,tampilan aplikasi nya juga enak jadi gampang ngerti nya",5,0,,2025-10-01 13:31:34,,,
eeed4b70-4bdb-46d2-84a7-ec04b72b7ba4,Pengguna Google,https://play-lh.googleusercontent.com/EGemoI2NTXmTsBVtJqk8jxF9rh8ApRWfsIMQSt2uE4OcpQqbFu7f7NbTK05lx80nuSijCz7sc3a277R67g,keren ! sekarang jadi lebih gampang buat cek rute dan waktu kedatangan bus. sangat membantu aktivitas harian jakarta,5,0,2.9.0,2025-10-01 13:31:26,,,2.9.0
dd33b42e-0c4b-4b5c-abd3-6a2d18e6b603,Pengguna Google,https://play-lh.googleusercontent.com/EGemoI2NTXmTsBVtJqk8jxF9rh8ApRWfsIMQSt2uE4OcpQqbFu7f7NbTK05lx80nuSijCz7sc3a277R67g,"Dengan ada nya transjakarta ini sangat memudah kan Skali buat kita,slain tu jga nyaman serta sopir nya jga ramah🥰",5,0,2.9.0,2025-10-01 13:29:52,,,2.9.0
491e30f3-f55b-49a1-b206-2e69544dbcb3,Pengguna Google,https://play-lh.googleusercontent.com/EGemoI2NTXmTsBVtJqk8jxF9rh8ApRWfsIMQSt2uE4OcpQqbFu7f7NbTK05lx80nuSijCz7sc3a277R67g,"aplikasi mudah digunakan, bermanfaat untuk informasi busway dan jadwal2nya",5,0,2.9.0,2025-10-01 13:29:10,,,2.9.0
3bb6e757-8506-4285-b1e6-fed4995271b8,Pengguna Google,https://play-lh.googleusercontent.com/EGemoI2NTXmTsBVtJqk8jxF9rh8ApRWfsIMQSt2uE4OcpQqbFu7f7NbTK05lx80nuSijCz7sc3a277R67g,nggak susah buat nyari halte disetiap tempat pasti ada ditambah lagi sopirnya juga ramah banget pokoknya membantu banget deh buat aku yang biasa menggunakan angkutan umum,5,0,2.9.0,2025-10-01 13:27:48,,,2.9.0
ee5a9ea6-98c4-404c-acb1-7bb4c06dde2b,Pengguna Google,https://play-lh.googleusercontent.com/EGemoI2NTXmTsBVtJqk8jxF9rh8ApRWfsIMQSt2uE4OcpQqbFu7f7NbTK05lx80nuSijCz7sc3a277R67g,aplikasinya sangat bagus dan memudahkan untuk mencari rute yang sesuai.,5,0,2.9.0,2025-10-01 13:26:48,,,2.9.0
8048ce40-085c-4a57-a862-bce90e6eb4eb,Pengguna Google,https://play-lh.googleusercontent.com/EGemoI2NTXmTsBVtJqk8jxF9rh8ApRWfsIMQSt2uE4OcpQqbFu7f7NbTK05lx80nuSijCz7sc3a277R67g,"aplikasi ini tampilan simple, mudah digunakan. sejauh ini dipakai untuk memantau posisi transjakarta & sangat berbantu thanks",5,0,2.9.0,2025-10-01 13:26:30,,,2.9.0
f25126d0-a919-4a52-8687-708da39e77f1,Pengguna Google,https://play-lh.googleusercontent.com/EGemoI2NTXmTsBVtJqk8jxF9rh8ApRWfsIMQSt2uE4OcpQqbFu7f7NbTK05lx80nuSijCz7sc3a277R67g,mudah mencari rute di aplikasi ini jadi gk gampang kesasar...alternatif banget buat digunakan mencari rute2 bus yg mau kita naikin..fitur2 juga modern mudah dimengerti...pertahankan kualitasnya 😎💪,5,0,2.9.0,2025-10-01 13:25:39,,,2.9.0
42ebf675-1f0c-4da8-b4c4-f307b3ec7ce6,Pengguna Google,https://play-lh.googleusercontent.com/EGemoI2NTXmTsBVtJqk8jxF9rh8ApRWfsIMQSt2uE4OcpQqbFu7f7NbTK05lx80nuSijCz7sc3a277R67g,Aplikasi transjakarta ini sangat rekomendasi buat kita kalau mau nyari rute dan jadwal bus transjakarta jadi gak ribet kalau ada aplikasi in tampilan aplikasi nya yg sederhana dan mudah untuk di gunakan,5,0,2.9.0,2025-10-01 13:25:26,,,2.9.0
ae601198-4ba7-445e-b0a1-c9a43dfb8093,Pengguna Google,https://play-lh.googleusercontent.com/EGemoI2NTXmTsBVtJqk8jxF9rh8ApRWfsIMQSt2uE4OcpQqbFu7f7NbTK05lx80nuSijCz7sc3a277R67g,"aplikasi yang sangat bagus , memudahkan pengguna transportasi umum",5,0,2.9.0,2025-10-01 13:25:22,,,2.9.0
0d6dcf5b-80b6-4538-ae83-1f7616c32faa,Pengguna Google,https://play-lh.googleusercontent.com/EGemoI2NTXmTsBVtJqk8jxF9rh8ApRWfsIMQSt2uE4OcpQqbFu7f7NbTK05lx80nuSijCz7sc3a277R67g,"Pelayanannya cukup baik, petugas ramah dan membantu penumpang. Rute juga jelas dan mudah dipahamii. the bestt pokoknyaa",5,0,2.9.0,2025-10-01 13:24:53,,,2.9.0
2dcd8d5a-d2b5-4990-aaa0-5548e407685c,Pengguna Google,https://play-lh.googleusercontent.com/EGemoI2NTXmTsBVtJqk8jxF9rh8ApRWfsIMQSt2uE4OcpQqbFu7f7NbTK05lx80nuSijCz7sc3a277R67g,"aplikasi nya bagus banget tampilannya simple ga ribet tapi jelas,cocok banget buat kalo lagi cari halte,dan bisa tau kapan datang dan bisa cek jadwal bus jadi ga perlu bingung lagi",5,0,2.9.0,2025-10-01 13:24:48,,,2.9.0
5004552a-567d-453e-8648-585d01479585,Pengguna Google,https://play-lh.googleusercontent.com/EGemoI2NTXmTsBVtJqk8jxF9rh8ApRWfsIMQSt2uE4OcpQqbFu7f7NbTK05lx80nuSijCz7sc3a277R67g,"Aplikasi Transjakarta membantu saya dalam mencari rute dan jadwal bus lengkap,dan tampilanny simpel mudah dimengerti.",5,0,2.9.0,2025-10-01 13:24:19,,,2.9.0
26ae10d7-aea3-4547-b634-997d2bdb723e,Pengguna Google,https://play-lh.googleusercontent.com/EGemoI2NTXmTsBVtJqk8jxF9rh8ApRWfsIMQSt2uE4OcpQqbFu7f7NbTK05lx80nuSijCz7sc3a277R67g,ngebantu banget buat cek halte terdekat dan ngecek kapan bus dateng. pokoknya berguna buat yang suka pake transportasi umum👍,5,0,,2025-10-01 13:23:39,,,
b9e660fc-6a6f-4e26-a0a2-8789cd7c6b40,Pengguna Google,https://play-lh.googleusercontent.com/EGemoI2NTXmTsBVtJqk8jxF9rh8ApRWfsIMQSt2uE4OcpQqbFu7f7NbTK05lx80nuSijCz7sc3a277R67g,"Aplikasi Transjakarta ini sangat bermanfaat untuk para pengguna transportasi umum khususnya daerah jakarta, aplikasinya tidak memakan memori hp namun fasilitasnya lengkap, tidak perlu repot repot lagi panas-panasan nunggu angkutan umum, thank you aolikasi Transjakarta",5,0,,2025-10-01 13:21:12,,,
8b6018b0-4b03-4c39-855c-09435ccd9df6,Pengguna Google,https://play-lh.googleusercontent.com/EGemoI2NTXmTsBVtJqk8jxF9rh8ApRWfsIMQSt2uE4OcpQqbFu7f7NbTK05lx80nuSijCz7sc3a277R67g,"aplikasinya ringan dan mudah digunakan, recommended buat kita yang cari halte terdekat atau rute jalan, sangat membantu",5,0,2.9.0,2025-10-01 13:20:25,,,2.9.0
f497e325-73d2-4437-ae5c-7d15ff439ec9,Pengguna Google,https://play-lh.googleusercontent.com/EGemoI2NTXmTsBVtJqk8jxF9rh8ApRWfsIMQSt2uE4OcpQqbFu7f7NbTK05lx80nuSijCz7sc3a277R67g,"Aplikasi Transjakarta sangat membantu, mudah digunakan dan tampilannya jelas. Informasi rute dan jadwalnya lengkap sehingga perjalanan lebih nyaman dan praktis. Recommended banget untuk yang sering berpergian di Jakarta",5,0,2.9.0,2025-10-01 13:20:15,,,2.9.0
21a67fc2-0f40-4978-83e3-43f8b111a544,Pengguna Google,https://play-lh.googleusercontent.com/EGemoI2NTXmTsBVtJqk8jxF9rh8ApRWfsIMQSt2uE4OcpQqbFu7f7NbTK05lx80nuSijCz7sc3a277R67g,sangat berguna melihat tjnya sudah dimana,5,0,2.9.0,2025-10-01 13:19:13,,,2.9.0
54e5f256-42bf-4194-9c5c-d2d9de2b145e,Pengguna Google,https://play-lh.googleusercontent.com/EGemoI2NTXmTsBVtJqk8jxF9rh8ApRWfsIMQSt2uE4OcpQqbFu7f7NbTK05lx80nuSijCz7sc3a277R67g,Wahh Transjakarta Emang Keren banget aku jadi ga pernah ribet kalau pergi jauh,5,0,2.9.0,2025-10-01 13:19:01,,,2.9.0
6087cd86-8fe5-4c35-a51d-02abe218d818,Pengguna Google,https://play-lh.googleusercontent.com/EGemoI2NTXmTsBVtJqk8jxF9rh8ApRWfsIMQSt2uE4OcpQqbFu7f7NbTK05lx80nuSijCz7sc3a277R67g,"buat aku yg buta jalanan, aplikasi transjakrta ini membantu banget loh karena rutenya gampang dicari best deh tj",5,0,2.9.0,2025-10-01 13:15:22,,,2.9.0
93b6a88e-87a6-4f9e-885a-b9be346d3a80,Pengguna Google,https://play-lh.googleusercontent.com/EGemoI2NTXmTsBVtJqk8jxF9rh8ApRWfsIMQSt2uE4OcpQqbFu7f7NbTK05lx80nuSijCz7sc3a277R67g,"Aplikasinya sangat membantu! Jadwal bus jelas, fitur rute memudahkan perjalanan, dan update lokasi bus real-time cukup akurat. Sangat memudahkan saya untuk berpergian di Jakarta dengan lebih efisien.",5,0,2.9.0,2025-10-01 13:11:50,,,2.9.0
db323514-117e-4a48-8a9a-8c3e0a0e4705,Pengguna Google,https://play-lh.googleusercontent.com/EGemoI2NTXmTsBVtJqk8jxF9rh8ApRWfsIMQSt2uE4OcpQqbFu7f7NbTK05lx80nuSijCz7sc3a277R67g,aplikasi bagus sih. hanya saja home nya kalo orang pertama bikin emosi dan pusing. Kitakan download aplikasi ini buat beli tiket kenapa harus da map sih gak penting malah bikin kader.. langsung aja kalo bisa pas log in ke menu beli tiket.. gak usah aneh2 terlalu pengen terlihat canggih tapi bodoh malah rating turun.. terimakasih,5,0,2.8.0,2025-10-01 09:17:02,,,2.8.0
f885cb10-c155-4a22-bec8-3c3ae7c184af,Pengguna Google,https://play-lh.googleusercontent.com/EGemoI2NTXmTsBVtJqk8jxF9rh8ApRWfsIMQSt2uE4OcpQqbFu7f7NbTK05lx80nuSijCz7sc3a277R67g,aslm....bapak/ibu saya membuat kartu transjakarta,5,0,,2025-10-01 06:25:26,,,
2684ba8b-3159-4e07-a983-24f26c3f1a93,Pengguna Google,https://play-lh.googleusercontent.com/EGemoI2NTXmTsBVtJqk8jxF9rh8ApRWfsIMQSt2uE4OcpQqbFu7f7NbTK05lx80nuSijCz7sc3a277R67g,"mohon ditingkatkan fitur history search min, biar memudahkan user, harusnya no bus yg udh sering digunakan/search, udh otomatis muncul tdk perlu search manual terus. tks min",4,0,2.9.0,2025-10-01 06:24:01,,,2.9.0
c1936f8d-c6dd-457f-98ae-ace29c203324,Pengguna Google,https://play-lh.googleusercontent.com/EGemoI2NTXmTsBVtJqk8jxF9rh8ApRWfsIMQSt2uE4OcpQqbFu7f7NbTK05lx80nuSijCz7sc3a277R67g,bagus sekali kita bisa pantau,5,0,2.8.0,2025-10-01 06:10:43,,,2.8.0
34fd43ed-717e-4d66-aa62-5ff41ab46c2d,Pengguna Google,https://play-lh.googleusercontent.com/EGemoI2NTXmTsBVtJqk8jxF9rh8ApRWfsIMQSt2uE4OcpQqbFu7f7NbTK05lx80nuSijCz7sc3a277R67g,MANTAP,5,0,2.8.0,2025-09-28 00:11:29,,,2.8.0
e7c90b73-bc42-4c52-a045-38a6e4006263,Pengguna Google,https://play-lh.googleusercontent.com/EGemoI2NTXmTsBVtJqk8jxF9rh8ApRWfsIMQSt2uE4OcpQqbFu7f7NbTK05lx80nuSijCz7sc3a277R67g,awal install bagus bisa cek lokasi bus tapi after demo bulan Agustus 2025 malah jadi lemot super parah dan susah untuk lacak bus,2,0,2.8.0,2025-09-27 20:26:36,,,2.8.0
b30911c3-e973-48c0-bc87-86c31e67ec6d,Pengguna Google,https://play-lh.googleusercontent.com/EGemoI2NTXmTsBVtJqk8jxF9rh8ApRWfsIMQSt2uE4OcpQqbFu7f7NbTK05lx80nuSijCz7sc3a277R67g,Sangat membantu Route tujuan dan Koridornya,5,0,2.7.1,2025-09-27 10:33:22,,,2.7.1
7a8c0436-db95-485e-ad43-5249d0a6eac5,Pengguna Google,https://play-lh.googleusercontent.com/EGemoI2NTXmTsBVtJqk8jxF9rh8ApRWfsIMQSt2uE4OcpQqbFu7f7NbTK05lx80nuSijCz7sc3a277R67g,"jam operasional tidak dicantumkan, dan untuk reguler dan via tol juga tidak di cantumkan",3,0,2.8.0,2025-09-27 08:20:56,,,2.8.0
a147ce62-508d-4ff8-b1a7-1cb7ae9f12df,Pengguna Google,https://play-lh.googleusercontent.com/EGemoI2NTXmTsBVtJqk8jxF9rh8ApRWfsIMQSt2uE4OcpQqbFu7f7NbTK05lx80nuSijCz7sc3a277R67g,"sangat membantu di saat lagi mencari halte terdekat Transjakarta, lokasi yg akurat dan real time banget 👍🏻😍😍",5,0,2.8.0,2025-09-26 23:34:36,,,2.8.0
861014ec-aea6-4f98-bbf1-03623bfcd262,Pengguna Google,https://play-lh.googleusercontent.com/EGemoI2NTXmTsBVtJqk8jxF9rh8ApRWfsIMQSt2uE4OcpQqbFu7f7NbTK05lx80nuSijCz7sc3a277R67g,"pembelian tiket mudah dengan astrapay, rute yg spesifik dan jadwal bus tepat waktu .. pokoknya recommend banget deh 🥰🥰",5,0,2.8.0,2025-09-26 23:27:16,,,2.8.0
4ee9a03c-9878-42ca-ac6d-7b12a55d5750,Pengguna Google,https://play-lh.googleusercontent.com/EGemoI2NTXmTsBVtJqk8jxF9rh8ApRWfsIMQSt2uE4OcpQqbFu7f7NbTK05lx80nuSijCz7sc3a277R67g,"aplikasi sebenarnya sudah bagus, membantu dan memudahkan kita mencari rute, tapi disayangkan saya membeli tiket akan tetapi tidak bisa di scan pda saat di halte, sudh coba beberpa halte sma hasilnya tidak bisa terbaca qr barcode",4,0,2.8.0,2025-09-26 20:06:08,,,2.8.0
1525cac9-67bf-4fa4-ab57-86e885faa52d,Pengguna Google,https://play-lh.googleusercontent.com/EGemoI2NTXmTsBVtJqk8jxF9rh8ApRWfsIMQSt2uE4OcpQqbFu7f7NbTK05lx80nuSijCz7sc3a277R67g,"aku kira akurat, nunggu 7Q 10 menit, ga datang, cek jadwal 40mnt, yaudah naik yg pake tangga. eh hbs naik tangga, ke halte sebrang, 7Q malah lewat 😭 kan taiii",1,0,2.8.0,2025-09-26 17:59:50,,,2.8.0
b002dd8d-2834-4ff9-abf0-71f5839fb87f,Pengguna Google,https://play-lh.googleusercontent.com/EGemoI2NTXmTsBVtJqk8jxF9rh8ApRWfsIMQSt2uE4OcpQqbFu7f7NbTK05lx80nuSijCz7sc3a277R67g,Di handphone realme 3 pro (android 10) peta tidak nampak.,1,0,2.8.0,2025-09-26 16:57:09,,,2.8.0
b22e9a6b-2a59-4c9a-9462-1b39b2f2834c,Pengguna Google,https://play-lh.googleusercontent.com/EGemoI2NTXmTsBVtJqk8jxF9rh8ApRWfsIMQSt2uE4OcpQqbFu7f7NbTK05lx80nuSijCz7sc3a277R67g,Koneksi lokasi transum nya gak akurat dan lemot dan penyimpanannya yang menurutku cukup besar,1,0,,2025-09-26 15:58:42,,,
13f88763-ce07-499d-bba7-8ed628c284a6,Pengguna Google,https://play-lh.googleusercontent.com/EGemoI2NTXmTsBVtJqk8jxF9rh8ApRWfsIMQSt2uE4OcpQqbFu7f7NbTK05lx80nuSijCz7sc3a277R67g,aplikasi bagus tapi kenapa harus login pake email?,5,0,,2025-09-25 10:55:47,,,
5be798f7-3911-46a5-a690-29c0a6056fd6,Pengguna Google,https://play-lh.googleusercontent.com/EGemoI2NTXmTsBVtJqk8jxF9rh8ApRWfsIMQSt2uE4OcpQqbFu7f7NbTK05lx80nuSijCz7sc3a277R67g,Dari SMA udah make Transjakarta dan overall pengalamannya selalu bagus. Dengan adanya aplikasi ini sangat memudahkan aku untuk tahu tahu rute bus dan juga estimasinya jadi gak bingung lagi pas naik,5,0,2.8.0,2025-09-25 07:43:49,,,2.8.0
e5ca18f2-db59-4113-8488-f08be9473249,Pengguna Google,https://play-lh.googleusercontent.com/EGemoI2NTXmTsBVtJqk8jxF9rh8ApRWfsIMQSt2uE4OcpQqbFu7f7NbTK05lx80nuSijCz7sc3a277R67g,"bulan lalu bagus data bus keluar ada estiminasi di live terlihat, namun saat ini selalu menunggu data bus, lama nunggu tak muncul juga khususnya 11w dan 4c, coba di kondisikan lagi agar berjalan normal. thanks",2,1,2.8.0,2025-09-25 06:46:00,,,2.8.0
cbf987c5-edbb-4710-9152-5e63cc6794ec,Pengguna Google,https://play-lh.googleusercontent.com/EGemoI2NTXmTsBVtJqk8jxF9rh8ApRWfsIMQSt2uE4OcpQqbFu7f7NbTK05lx80nuSijCz7sc3a277R67g,ribedd,3,0,2.8.0,2025-09-25 01:20:09,,,2.8.0
941370b2-1e85-4f4b-938c-6e0ff25dddaf,Pengguna Google,https://play-lh.googleusercontent.com/EGemoI2NTXmTsBVtJqk8jxF9rh8ApRWfsIMQSt2uE4OcpQqbFu7f7NbTK05lx80nuSijCz7sc3a277R67g,"Suka banget sama aplikasi ini, tampilannya sederhana tapi informatif. Nyari halte atau cek jadwal bus jadi lebih gampang, nggak perlu bingung lagi. Apalagi estimasi kedatangan busnya cukup sesuai, jadi bisa prediksi waktu perjalanan lebih baik. Recommended banget buat pengguna Transjakarta sehari-hari.",5,1,2.8.0,2025-09-25 00:22:47,,,2.8.0
fc581479-28fc-4503-b2ec-e9a994e58798,Pengguna Google,https://play-lh.googleusercontent.com/EGemoI2NTXmTsBVtJqk8jxF9rh8ApRWfsIMQSt2uE4OcpQqbFu7f7NbTK05lx80nuSijCz7sc3a277R67g,"busway sering gk ke detect sma aplikasi ,, dan TOLONG BERI PERINGATAN KERAS ke sopir2 ,, banyak yg melanggar SOP ... banyak sopir tidak berhenti di point2 pemberhentian ,, mngkin karena ngejar target jadi SOP tidak di jalankan",1,2,2.7.1,2025-09-24 20:54:33,,,2.7.1
728ff607-c4ad-495f-b97b-7e994b9de80c,Pengguna Google,https://play-lh.googleusercontent.com/EGemoI2NTXmTsBVtJqk8jxF9rh8ApRWfsIMQSt2uE4OcpQqbFu7f7NbTK05lx80nuSijCz7sc3a277R67g,aplikasi yang sangat berguna bagi yang suka bepergian menggunakan bus dan visual nya yang bagus,5,0,2.8.0,2025-09-24 14:04:55,,,2.8.0
ff4ff92f-9790-4c1f-b33a-6be601bfde63,Pengguna Google,https://play-lh.googleusercontent.com/EGemoI2NTXmTsBVtJqk8jxF9rh8ApRWfsIMQSt2uE4OcpQqbFu7f7NbTK05lx80nuSijCz7sc3a277R67g,"Sangat membantu dan fasilitas nya nyaman sekali, memudahkan pengguna transportasi umum",5,0,2.8.0,2025-09-24 11:33:57,,,2.8.0
de7db10d-e618-4b69-a910-1ae09d887b31,Pengguna Google,https://play-lh.googleusercontent.com/EGemoI2NTXmTsBVtJqk8jxF9rh8ApRWfsIMQSt2uE4OcpQqbFu7f7NbTK05lx80nuSijCz7sc3a277R67g,"Terima kasih Transjakarta! Aplikasinya bermanfaat sekali, dari cari rute, lihat posisi bus, sampai info halte semua ada. Semoga terus dikembangkan biar makin mantap.",5,0,2.8.0,2025-09-24 10:30:57,,,2.8.0
8d1dd5c7-5e9a-4b55-9b5b-50bd5805ce23,Pengguna Google,https://play-lh.googleusercontent.com/EGemoI2NTXmTsBVtJqk8jxF9rh8ApRWfsIMQSt2uE4OcpQqbFu7f7NbTK05lx80nuSijCz7sc3a277R67g,aplikasinya mempermudah saya melakukan perjalanan,5,0,2.8.0,2025-09-24 10:25:56,,,2.8.0
695cb454-27d8-4bc3-8deb-52684e75d288,Pengguna Google,https://play-lh.googleusercontent.com/EGemoI2NTXmTsBVtJqk8jxF9rh8ApRWfsIMQSt2uE4OcpQqbFu7f7NbTK05lx80nuSijCz7sc3a277R67g,"Aplikasi ini enak banget dipakai, nyari rute gampang, bisa lihat halte terdekat, sama cek perkiraan bus datang juga jelas. Bener-bener ngebantu buat yang sering naik transportasi umum. Secara keseluruhan, pengalaman pakainya puas banget dan bikin perjalanan harian jadi lebih lancar dan nggak bikin stres",5,4,2.8.0,2025-09-24 09:22:36,,,2.8.0
7b5c4b4d-24a6-46cb-aca7-e5afac2eb1bc,Pengguna Google,https://play-lh.googleusercontent.com/EGemoI2NTXmTsBVtJqk8jxF9rh8ApRWfsIMQSt2uE4OcpQqbFu7f7NbTK05lx80nuSijCz7sc3a277R67g,transjakarta sangat membantu di saat kita susah berpergian penanganan cepet dan tidak menguras dompet dan yang paling bagus pelayanan nya ramah,5,0,2.8.0,2025-09-24 01:34:16,,,2.8.0
b9b0f0c5-0e05-4bac-9d4f-b462884644bb,Pengguna Google,https://play-lh.googleusercontent.com/EGemoI2NTXmTsBVtJqk8jxF9rh8ApRWfsIMQSt2uE4OcpQqbFu7f7NbTK05lx80nuSijCz7sc3a277R67g,sangat memudahkan kita yang pengen wisata,5,0,2.8.0,2025-09-23 18:25:34,,,2.8.0
706104b8-dc35-42e7-9f53-f61f7a62b91f,Pengguna Google,https://play-lh.googleusercontent.com/EGemoI2NTXmTsBVtJqk8jxF9rh8ApRWfsIMQSt2uE4OcpQqbFu7f7NbTK05lx80nuSijCz7sc3a277R67g,"perjalanan saya hari ini lancar, bus tiba sesuai jadwal diaplikasi, pembayaran juga bisa via aplikasi",5,0,2.8.0,2025-09-23 18:23:39,,,2.8.0
d64426bc-6008-441b-a19e-d6d550b7493f,Pengguna Google,https://play-lh.googleusercontent.com/EGemoI2NTXmTsBVtJqk8jxF9rh8ApRWfsIMQSt2uE4OcpQqbFu7f7NbTK05lx80nuSijCz7sc3a277R67g,transjakarta rekomendasi buat yang mau berpergian jauh atau mau ngecek bus nyampek mana..dari pada bingung mau makek apk ap saat perjalanan mending makek transjakarta lebih mudah dan cepat prosesnya,5,0,2.8.0,2025-09-23 17:32:43,,,2.8.0
ad40e8e5-24f7-46ef-8dc6-ac072878267e,Pengguna Google,https://play-lh.googleusercontent.com/EGemoI2NTXmTsBVtJqk8jxF9rh8ApRWfsIMQSt2uE4OcpQqbFu7f7NbTK05lx80nuSijCz7sc3a277R67g,"Aplikasi Transjakarta bagus dan mudah digunakan. Info rute jelas, fitur cek posisi bus membantu, jadi lebih nyaman saat menunggu. 👍",5,0,2.8.0,2025-09-23 17:16:48,,,2.8.0
afa4cde1-4a3b-43b2-bac9-60d42133534a,Pengguna Google,https://play-lh.googleusercontent.com/EGemoI2NTXmTsBVtJqk8jxF9rh8ApRWfsIMQSt2uE4OcpQqbFu7f7NbTK05lx80nuSijCz7sc3a277R67g,"mempermudah banget buat berpergian, transaksi jadi cepet ga perlu antri. jadwalnya juga jelas.",5,0,,2025-09-23 14:07:14,,,
918fc447-b183-4270-b6b7-cac5ec268ec4,Pengguna Google,https://play-lh.googleusercontent.com/EGemoI2NTXmTsBVtJqk8jxF9rh8ApRWfsIMQSt2uE4OcpQqbFu7f7NbTK05lx80nuSijCz7sc3a277R67g,"aplikasi ini berguna untuk mengetahui halte dan rute, Dan tidak ada iklan yang muncul, bagus",5,0,2.8.0,2025-09-23 13:50:56,,,2.8.0
58291337-6989-43fd-a07a-14703731acab,Pengguna Google,https://play-lh.googleusercontent.com/EGemoI2NTXmTsBVtJqk8jxF9rh8ApRWfsIMQSt2uE4OcpQqbFu7f7NbTK05lx80nuSijCz7sc3a277R67g,"Aplikasi Transjakarta sangat membantu memberikan jadwal dan informasi secara real time, untuk pembelian tiket Transjakarta sangat mudah dan ada banyak opsi metode pembayaran jadi kalian gak usah pusing the best dah",5,0,2.8.0,2025-09-23 13:07:05,,,2.8.0
d7915903-8bdc-4fb8-a46e-f01e9bfe6559,Pengguna Google,https://play-lh.googleusercontent.com/EGemoI2NTXmTsBVtJqk8jxF9rh8ApRWfsIMQSt2uE4OcpQqbFu7f7NbTK05lx80nuSijCz7sc3a277R67g,"Aplikasi Transjakarta membantu merencanakan perjalanan di Jakarta dengan fitur perencanaan rute dan update real-time. Mudah digunakan, namun ada masalah saat jam sibuk dan perlu peningkatan stabilitas.",5,0,,2025-09-23 13:04:06,,,
b188b98f-ee57-40ae-a158-1904d9e11f23,Pengguna Google,https://play-lh.googleusercontent.com/EGemoI2NTXmTsBVtJqk8jxF9rh8ApRWfsIMQSt2uE4OcpQqbFu7f7NbTK05lx80nuSijCz7sc3a277R67g,"Sebagai orang Palangkaraya yang liburan di Jakarta, gue sempat panik karena bingung naik transportasi umum. Untungnya, aplikasi Transjakarta jadi penyelamat. Gue bisa lihat posisi bus di peta, jadi anti nyasar dan liburan jadi lebih lancar.",5,0,,2025-09-23 12:44:33,,,
94f738b0-5308-4488-8729-08c6750038be,Pengguna Google,https://play-lh.googleusercontent.com/EGemoI2NTXmTsBVtJqk8jxF9rh8ApRWfsIMQSt2uE4OcpQqbFu7f7NbTK05lx80nuSijCz7sc3a277R67g,"mau naik bus transjakarta jadi lebih mudah karna bisa cek tracking real time busnya,, aplikasi nya sangat membantu sekali.",5,0,2.8.0,2025-09-23 12:34:41,,,2.8.0
ef458e5b-9733-4bca-a335-70deb145b98e,Pengguna Google,https://play-lh.googleusercontent.com/EGemoI2NTXmTsBVtJqk8jxF9rh8ApRWfsIMQSt2uE4OcpQqbFu7f7NbTK05lx80nuSijCz7sc3a277R67g,"Aplikasi Transjakarta sangat membantu untuk perjalanan sehari-hari. Informasi rute dan halte jelas, fitur pelacak bus juga memudahkan supaya tidak menunggu terlalu lama. Desain aplikasinya simpel, mudah dipahami bahkan untuk pengguna baru. Semoga ke depannya semakin stabil dan real-time tracking bus bisa lebih akurat. Overall, sangat bermanfaat untuk yang sering menggunakan transportasi umum di Jakarta",5,0,2.8.0,2025-09-23 12:28:15,,,2.8.0
d42a431e-b36e-4745-9bd0-e55bf7bed209,Pengguna Google,https://play-lh.googleusercontent.com/EGemoI2NTXmTsBVtJqk8jxF9rh8ApRWfsIMQSt2uE4OcpQqbFu7f7NbTK05lx80nuSijCz7sc3a277R67g,"Jujur sih, pake aplikasi Transjakarta enak banget. Info rute sama jadwalnya jelas, jadi ga bingung mau naik dari halte mana. Bikin perjalanan lebih gampang dan ga ribet. pokonya simple, praktis & user-friendly banget deh.",5,0,2.8.0,2025-09-23 12:17:32,,,2.8.0
294cb341-a82a-4a9c-9ec9-9f3acb793baf,Pengguna Google,https://play-lh.googleusercontent.com/EGemoI2NTXmTsBVtJqk8jxF9rh8ApRWfsIMQSt2uE4OcpQqbFu7f7NbTK05lx80nuSijCz7sc3a277R67g,"Sangat mudah di gunakan membuat pengalaman pertama saya dalam menggunakan Transjakarta sangat baik, terimakasih developer",5,0,2.8.0,2025-09-23 11:37:42,,,2.8.0
106ce331-90c4-4c02-b2ba-06cc2cc070e1,Pengguna Google,https://play-lh.googleusercontent.com/EGemoI2NTXmTsBVtJqk8jxF9rh8ApRWfsIMQSt2uE4OcpQqbFu7f7NbTK05lx80nuSijCz7sc3a277R67g,"Aplikasi yang bagus, setidaknya bisa melihat real time jadwal busway yg akan datang ke halte",5,0,,2025-09-23 11:23:39,,,
e110a836-f866-4718-b132-22a19c373d45,Pengguna Google,https://play-lh.googleusercontent.com/EGemoI2NTXmTsBVtJqk8jxF9rh8ApRWfsIMQSt2uE4OcpQqbFu7f7NbTK05lx80nuSijCz7sc3a277R67g,Transjakarta sangat membantu dalam perjalanan menuju ke berbagai tempat dan pas buat keluarga juga menyenangkan menggunakan Transjakarta tampak bagus secara visual apk yg ngga sulit di gunakan sebagai tempat untuk merencanakan liburan bersama keluarga dan teman 😍,5,0,2.8.0,2025-09-23 11:05:39,,,2.8.0
dee1b6dc-a007-49a3-ac51-2219a65c6f1a,Pengguna Google,https://play-lh.googleusercontent.com/EGemoI2NTXmTsBVtJqk8jxF9rh8ApRWfsIMQSt2uE4OcpQqbFu7f7NbTK05lx80nuSijCz7sc3a277R67g,"Aplikasinya sangat membantu sekali, Jadwal bus juga jelas, rute gampang dicari, dan informasi secara langsung jadi lebih nyaman dan ga bakalan ketinggalan bus",5,0,2.8.0,2025-09-23 10:59:12,,,2.8.0
b951c0c5-1371-43ce-aa3e-aaf99b9b9aed,Pengguna Google,https://play-lh.googleusercontent.com/EGemoI2NTXmTsBVtJqk8jxF9rh8ApRWfsIMQSt2uE4OcpQqbFu7f7NbTK05lx80nuSijCz7sc3a277R67g,"bagus aplikasinya, memudahkan buat yang ingin bepergian.bisa melihat lokasi halte bus terdekat",5,0,2.8.0,2025-09-23 10:57:41,,,2.8.0
4e8bfda1-0bf9-4145-8cb1-14b2d131d7ed,Pengguna Google,https://play-lh.googleusercontent.com/EGemoI2NTXmTsBVtJqk8jxF9rh8ApRWfsIMQSt2uE4OcpQqbFu7f7NbTK05lx80nuSijCz7sc3a277R67g,"Aplikasinya sangat membantu. karena macet, lebih enak naik transjakarta. Info terkini rute busnya, jadwalnya, sudah lengkap di aplikasi ini, keren banget",5,0,2.8.0,2025-09-23 10:54:34,,,2.8.0
db71a69e-4c11-4858-8800-be9798e422bf,Pengguna Google,https://play-lh.googleusercontent.com/EGemoI2NTXmTsBVtJqk8jxF9rh8ApRWfsIMQSt2uE4OcpQqbFu7f7NbTK05lx80nuSijCz7sc3a277R67g,"Enak banget pake aplikasi ini, jadi nggak nyasar kalo mau naik busway. Kadang info agak telat sih, tapi lumayan ngebantu banget",5,0,2.8.0,2025-09-23 10:15:51,,,2.8.0
fc2cc6f9-a647-48a9-8d2b-ab26bd8d8a28,Pengguna Google,https://play-lh.googleusercontent.com/EGemoI2NTXmTsBVtJqk8jxF9rh8ApRWfsIMQSt2uE4OcpQqbFu7f7NbTK05lx80nuSijCz7sc3a277R67g,"Nyaman, Tanpa Macet",5,0,2.8.0,2025-09-23 09:22:48,,,2.8.0
f8fa8221-2523-41d2-b3dc-3779b72aad6f,Pengguna Google,https://play-lh.googleusercontent.com/EGemoI2NTXmTsBVtJqk8jxF9rh8ApRWfsIMQSt2uE4OcpQqbFu7f7NbTK05lx80nuSijCz7sc3a277R67g,harga nya cukup murah. bus nya nyaman. sangat membantu sekali utk perjalanan saya 👍,5,0,,2025-09-23 07:08:51,,,
a661b119-13c3-40f7-bee8-3d014ef4e82e,Pengguna Google,https://play-lh.googleusercontent.com/EGemoI2NTXmTsBVtJqk8jxF9rh8ApRWfsIMQSt2uE4OcpQqbFu7f7NbTK05lx80nuSijCz7sc3a277R67g,Aplikasi baru malah banyak iklan pop up nya,1,0,2.8.0,2025-09-23 06:18:56,,,2.8.0
ec2346cb-3d21-497b-aac0-1588b59c037b,Pengguna Google,https://play-lh.googleusercontent.com/EGemoI2NTXmTsBVtJqk8jxF9rh8ApRWfsIMQSt2uE4OcpQqbFu7f7NbTK05lx80nuSijCz7sc3a277R67g,Jalur khusus busway membuat perjalanan relatif lebih cepat dibanding kendaraan pribadi di jam macet.,5,0,,2025-09-23 01:22:30,,,
f2dc6b2c-713a-429a-bfa1-5f9598a5d573,Pengguna Google,https://play-lh.googleusercontent.com/EGemoI2NTXmTsBVtJqk8jxF9rh8ApRWfsIMQSt2uE4OcpQqbFu7f7NbTK05lx80nuSijCz7sc3a277R67g,bus transjakarta panas banget ac nya mati. apa gak di cek sebelum beroperasi,1,0,2.3.0,2025-09-22 09:06:12,,,2.3.0
66872ebf-b35f-4905-b9e8-015c693e683a,Pengguna Google,https://play-lh.googleusercontent.com/EGemoI2NTXmTsBVtJqk8jxF9rh8ApRWfsIMQSt2uE4OcpQqbFu7f7NbTK05lx80nuSijCz7sc3a277R67g,"aplikasi apa ni ga bisa digunain sama sekali, lebih jelas pakai gojek atau grab. lemot nya parah bngt, pdhl internet uda bagus.",1,0,2.8.0,2025-09-22 05:12:42,,,2.8.0
1fb9ee89-0831-494f-9e58-6bfadf9d0d73,Pengguna Google,https://play-lh.googleusercontent.com/EGemoI2NTXmTsBVtJqk8jxF9rh8ApRWfsIMQSt2uE4OcpQqbFu7f7NbTK05lx80nuSijCz7sc3a277R67g,"Aplikasi Sahabat TJ ( Transjakarta ) benar-benar jadi teman perjalanan sehari-hari. Fitur informasinya lengkap, rute mudah dicari, dan update kedatangan bus cukup akurat. Desainnya sederhana tapi nyaman dipakai. Rasanya lebih tenang naik TransJakarta karena ada aplikasi ini. Terima kasih sudah membantu warga Jakarta bepergian dengan lebih praktis dan aman! ❤️",5,0,2.8.0,2025-09-21 16:46:00,,,2.8.0
268c5914-3788-4601-9d96-5fcf17a2b0db,Pengguna Google,https://play-lh.googleusercontent.com/EGemoI2NTXmTsBVtJqk8jxF9rh8ApRWfsIMQSt2uE4OcpQqbFu7f7NbTK05lx80nuSijCz7sc3a277R67g,aplikasi Transjakarta ini sangat berguna bagi saya banyak fitur-fitur transportasi yang ada di aplikasi Transjakarta baguss the best,5,0,2.8.0,2025-09-21 13:47:11,,,2.8.0
37709644-fbba-4eb6-b2e8-12394aefe95b,Pengguna Google,https://play-lh.googleusercontent.com/EGemoI2NTXmTsBVtJqk8jxF9rh8ApRWfsIMQSt2uE4OcpQqbFu7f7NbTK05lx80nuSijCz7sc3a277R67g,Aplikasi Transjakarta ini sangat membantu sekali! Tampilan aplikasinya simpel dan mudah dipahami. Jadwal bus selalu update sehingga memudahkan saya merencanakan perjalanan. Fitur cek rute juga akurat dan bikin perjalanan jadi lebih efisien. Terima kasih Transjakarta sudah menyediakan aplikasi yang bermanfaat dan ramah pengguna!,5,0,,2025-09-21 13:00:55,,,
ee193f7d-e9c9-4452-8fca-a6e474f2a4f4,Pengguna Google,https://play-lh.googleusercontent.com/EGemoI2NTXmTsBVtJqk8jxF9rh8ApRWfsIMQSt2uE4OcpQqbFu7f7NbTK05lx80nuSijCz7sc3a277R67g,"Transjakarta bikin perjalanan sehari-hari jadi lebih hemat dan efisien. Layanan makin bagus, bus bersih, dan petugas ramah. Semoga terus ditingkatkan pelayanannya.",5,0,2.8.0,2025-09-21 12:54:25,,,2.8.0
2d3449a0-15dd-4a8f-a4fa-9e001808fd4a,Pengguna Google,https://play-lh.googleusercontent.com/EGemoI2NTXmTsBVtJqk8jxF9rh8ApRWfsIMQSt2uE4OcpQqbFu7f7NbTK05lx80nuSijCz7sc3a277R67g,"aplikasinya sangat bagus dan sangat berguna untuk saya yang sering kali naik transjakarta. fitur pencarian rutenya akurat dan juga jadwal busnya juga cukup tepat, jadi bisa atur waktu perjalanan dengan lebih baik. sejauh ini, saya puas banget dengan adanya aplikasi transjakarta ini",5,0,2.8.0,2025-09-21 12:53:41,,,2.8.0
f6709af0-0041-48c7-ab81-f0ce6ab9efca,Pengguna Google,https://play-lh.googleusercontent.com/EGemoI2NTXmTsBVtJqk8jxF9rh8ApRWfsIMQSt2uE4OcpQqbFu7f7NbTK05lx80nuSijCz7sc3a277R67g,"aplikasi transjakarta sangat bermanfaat dan berguna sekali bagi saya, sangat membantu semua orang yg sering menggunakan transjakarta fitur aplikasi sangar lengkap dan akurat melihat keberangkatan dan rute transjakarta sangat bagus aplikasi ini",5,0,2.8.0,2025-09-21 12:48:59,,,2.8.0
2eb80ce0-14e6-4d51-a610-9a6d126bfa1d,Pengguna Google,https://play-lh.googleusercontent.com/EGemoI2NTXmTsBVtJqk8jxF9rh8ApRWfsIMQSt2uE4OcpQqbFu7f7NbTK05lx80nuSijCz7sc3a277R67g,"Aplikasinya bagus banget, sangat membantu untuk cek rute dan jadwal Transjakarta. Walaupun masih ada yang perlu ditingkatkan, tapi sudah menarik dan bermanfaat sekaliii",5,0,2.8.0,2025-09-21 12:46:22,,,2.8.0
5071d19b-7d5b-4364-8477-d69254623e50,Pengguna Google,https://play-lh.googleusercontent.com/EGemoI2NTXmTsBVtJqk8jxF9rh8ApRWfsIMQSt2uE4OcpQqbFu7f7NbTK05lx80nuSijCz7sc3a277R67g,Keren banget sangat membantu saya untuk rute-rute nya,5,0,2.8.0,2025-09-21 12:46:08,,,2.8.0
17f28a63-8cc7-4ee5-9737-0a7193d5f08b,Pengguna Google,https://play-lh.googleusercontent.com/EGemoI2NTXmTsBVtJqk8jxF9rh8ApRWfsIMQSt2uE4OcpQqbFu7f7NbTK05lx80nuSijCz7sc3a277R67g,"Aplikasinya benar-benar membantu banget buat pengguna Transjakarta. Info rute, jadwal, dan halte bisa dicek langsung tanpa ribet. Desainnya juga simpel jadi gampang dipahami, bahkan buat yang baru pertama kali pakai. Sejauh ini aplikasinya ringan, lancar dipakai, dan sangat memudahkan perjalanan harian saya. Semoga ke depannya terus ditingkatkan biar makin lengkap dan nyaman digunakan. Terima kasih Transjakarta!",5,0,,2025-09-21 09:33:00,,,
0c4bd48d-5e2e-4e51-a920-4eb63b80e442,Pengguna Google,https://play-lh.googleusercontent.com/EGemoI2NTXmTsBVtJqk8jxF9rh8ApRWfsIMQSt2uE4OcpQqbFu7f7NbTK05lx80nuSijCz7sc3a277R67g,"aplikasi yang mempermudah selama saya berada di jakarta. fitur-fitur didalamnya mempermudah saya untuk planning kegiatan selama di jakarta, seperti jadwal bus, cek rute, posisi bus dan informasi mengenai halte yg lengkap. bintang 10 ini mah.",5,0,2.8.0,2025-09-21 09:02:48,,,2.8.0
6a261fa2-a58a-4751-ba9e-e249eeaf9fdc,Pengguna Google,https://play-lh.googleusercontent.com/EGemoI2NTXmTsBVtJqk8jxF9rh8ApRWfsIMQSt2uE4OcpQqbFu7f7NbTK05lx80nuSijCz7sc3a277R67g,"Aplikasi transjakarta sangat membantu, aplikasi yang mudah digunakan dan recomended. Fitur pencarian rutenya akurat jadi ga ragu langganan disini",5,0,2.8.0,2025-09-21 08:45:51,,,2.8.0
368d2104-a5cd-4916-948c-ad15c114f0db,Pengguna Google,https://play-lh.googleusercontent.com/EGemoI2NTXmTsBVtJqk8jxF9rh8ApRWfsIMQSt2uE4OcpQqbFu7f7NbTK05lx80nuSijCz7sc3a277R67g,"aplikasinya transjakarta sangat membantu untuk mencari rute perjalanan, melihat jadwal bis, dan melacak posisi bis dengan akurat",5,0,2.8.0,2025-09-21 07:55:16,,,2.8.0
0d4670c6-c0cf-4c03-b2b3-4a81285bf479,Pengguna Google,https://play-lh.googleusercontent.com/EGemoI2NTXmTsBVtJqk8jxF9rh8ApRWfsIMQSt2uE4OcpQqbFu7f7NbTK05lx80nuSijCz7sc3a277R67g,"Aplikasinya berguna sekali, memiliki fitur rute akurat dan jadwal bus nya cukup cepat jadi bisa atur waktu",5,0,2.8.0,2025-09-21 07:31:22,,,2.8.0
80f14091-6dac-42e2-bf68-6b2788082bca,Pengguna Google,https://play-lh.googleusercontent.com/EGemoI2NTXmTsBVtJqk8jxF9rh8ApRWfsIMQSt2uE4OcpQqbFu7f7NbTK05lx80nuSijCz7sc3a277R67g,Awalnya bagus. lama kelamaan jadi lelet banget. lalu akurasinya terjun bebas 😒,1,0,2.8.0,2025-09-20 20:51:57,,,2.8.0
cb2cb565-f5b0-4339-ba82-76b5a2d4015c,Pengguna Google,https://play-lh.googleusercontent.com/EGemoI2NTXmTsBVtJqk8jxF9rh8ApRWfsIMQSt2uE4OcpQqbFu7f7NbTK05lx80nuSijCz7sc3a277R67g,"aplikasi cacat, lokasi ga akurat terus sebagian kaga terdeteksi busway/jaklingkonya",1,1,2.8.0,2025-09-20 19:39:49,,,2.8.0
a49803dd-9e67-4771-aab7-fb09e42285aa,Pengguna Google,https://play-lh.googleusercontent.com/EGemoI2NTXmTsBVtJqk8jxF9rh8ApRWfsIMQSt2uE4OcpQqbFu7f7NbTK05lx80nuSijCz7sc3a277R67g,petugas di halte dukuh atas judes banget... nanya baik2 malah judes banget jawab nya,1,0,2.8.0,2025-09-19 20:16:45,,,2.8.0
55067fbf-aafd-41a6-8fb9-adb91f99d7c7,Pengguna Google,https://play-lh.googleusercontent.com/EGemoI2NTXmTsBVtJqk8jxF9rh8ApRWfsIMQSt2uE4OcpQqbFu7f7NbTK05lx80nuSijCz7sc3a277R67g,Sangat mempermudah apalagi untuk transaksi sudah ada fitur pembayaran digital,5,0,,2025-09-19 12:21:20,,,
2d82d372-ce37-4530-9fd5-3ddcc83176c8,Pengguna Google,https://play-lh.googleusercontent.com/EGemoI2NTXmTsBVtJqk8jxF9rh8ApRWfsIMQSt2uE4OcpQqbFu7f7NbTK05lx80nuSijCz7sc3a277R67g,aplikasi yang sangat membantu untuk alur transportasi saya karena bisa ngecek posisi dengan sangat akurat,5,0,,2025-09-19 12:20:24,,,
fa04b0f1-dfa9-4f11-9478-f59edbf7bbe1,Pengguna Google,https://play-lh.googleusercontent.com/EGemoI2NTXmTsBVtJqk8jxF9rh8ApRWfsIMQSt2uE4OcpQqbFu7f7NbTK05lx80nuSijCz7sc3a277R67g,"aplikasi sangat membantu transportasi, mudah di akses sangat rekomended",5,0,2.8.0,2025-09-19 10:08:18,,,2.8.0
8a1af2d2-da63-4e65-8fae-cd7a159a58f9,Pengguna Google,https://play-lh.googleusercontent.com/EGemoI2NTXmTsBVtJqk8jxF9rh8ApRWfsIMQSt2uE4OcpQqbFu7f7NbTK05lx80nuSijCz7sc3a277R67g,"sangat membantu banget aplikasinya,jadwal tepat waktu,cocok buat yang belum tau rute nya biar ga nyasar disaranin pake apk ini",5,0,,2025-09-19 09:39:07,,,
71307b4b-f62f-4bb1-97c2-f71e91ac15a2,Pengguna Google,https://play-lh.googleusercontent.com/EGemoI2NTXmTsBVtJqk8jxF9rh8ApRWfsIMQSt2uE4OcpQqbFu7f7NbTK05lx80nuSijCz7sc3a277R67g,"Sejak pakai aplikasi ini perjalanan jadi lebih nyaman. Rute dan halte bisa langsung dicek, tampilannya simpel dan mudah dipahami. Sangat berguna buat yang sering naik Transjakarta tiap hari.",5,0,2.8.0,2025-09-19 08:58:14,,,2.8.0
5c4fd04d-4aa5-48a5-965b-e6dd85968d4f,Pengguna Google,https://play-lh.googleusercontent.com/EGemoI2NTXmTsBVtJqk8jxF9rh8ApRWfsIMQSt2uE4OcpQqbFu7f7NbTK05lx80nuSijCz7sc3a277R67g,"apk Transjakarta bener2 ngebantu bgt, rute bus jelas, jadwal lbh gampang dicek, tampilannya sederhana dan gampang dipake. bikin perjalanan sehari2 jadi lancar tanpa ribet",5,0,2.8.0,2025-09-19 08:52:30,,,2.8.0
59ab5d44-a2e7-44dc-9694-e596bcb28596,Pengguna Google,https://play-lh.googleusercontent.com/EGemoI2NTXmTsBVtJqk8jxF9rh8ApRWfsIMQSt2uE4OcpQqbFu7f7NbTK05lx80nuSijCz7sc3a277R67g,"Aplikasi Transjakarta sangat membantu saya dalam merencanakan perjalanan. Jadwal bus akurat dan rute yang ditampilkan jelas, jadi nggak bingung lagi mau naik dari halte mana.",5,0,2.8.0,2025-09-19 08:28:06,,,2.8.0
a294bd03-771e-4dbe-b33e-49bd52993512,Pengguna Google,https://play-lh.googleusercontent.com/EGemoI2NTXmTsBVtJqk8jxF9rh8ApRWfsIMQSt2uE4OcpQqbFu7f7NbTK05lx80nuSijCz7sc3a277R67g,sangat bagus banget pake aplikasi ini,5,0,2.8.0,2025-09-19 08:23:30,,,2.8.0
48686ce0-aa6c-4f27-89ba-6966262a4ead,Pengguna Google,https://play-lh.googleusercontent.com/EGemoI2NTXmTsBVtJqk8jxF9rh8ApRWfsIMQSt2uE4OcpQqbFu7f7NbTK05lx80nuSijCz7sc3a277R67g,"untuk saya yang pengguna Transjakarta aplikasi ini sangat bermanfaat dan mempermudah, rutenya juga akurat. Sejauh ini saya puas sekali👍",5,0,2.8.0,2025-09-19 07:49:23,,,2.8.0
0a430c28-c357-4025-9946-eb564431885a,Pengguna Google,https://play-lh.googleusercontent.com/EGemoI2NTXmTsBVtJqk8jxF9rh8ApRWfsIMQSt2uE4OcpQqbFu7f7NbTK05lx80nuSijCz7sc3a277R67g,bagus dan sgt membantu dalam perjalanan,5,0,2.8.0,2025-09-18 22:06:17,,,2.8.0
ab918b08-7281-4963-9683-6e74eb4e9f37,Pengguna Google,https://play-lh.googleusercontent.com/EGemoI2NTXmTsBVtJqk8jxF9rh8ApRWfsIMQSt2uE4OcpQqbFu7f7NbTK05lx80nuSijCz7sc3a277R67g,gabisa liat detail bus / jam kedatangan bus jaklingko. kalo untuk transjakarta udah cukup akurat,3,0,2.8.0,2025-09-18 21:29:59,,,2.8.0
b35fac7d-b774-495e-8c86-9dc8f942e981,Pengguna Google,https://play-lh.googleusercontent.com/EGemoI2NTXmTsBVtJqk8jxF9rh8ApRWfsIMQSt2uE4OcpQqbFu7f7NbTK05lx80nuSijCz7sc3a277R67g,"rute nya selalu berubah² untung aja aku dah screenshot coba kalo dicari lagi pasti tulisannya ""rute tidak ditemukan"" klo bisa respon secepatnya nya. bukannya membantu malah agak nyusahin",2,0,2.8.0,2025-09-18 17:55:59,,,2.8.0
5245a300-18ec-4486-8c2f-7105f1b1dcd4,Pengguna Google,https://play-lh.googleusercontent.com/EGemoI2NTXmTsBVtJqk8jxF9rh8ApRWfsIMQSt2uE4OcpQqbFu7f7NbTK05lx80nuSijCz7sc3a277R67g,Aplikasi yg sangat membantu untuk saya bepergian,5,0,,2025-09-18 12:38:33,,,
73ad6b65-fc4d-498a-bb3a-d8d48f7a384e,Pengguna Google,https://play-lh.googleusercontent.com/EGemoI2NTXmTsBVtJqk8jxF9rh8ApRWfsIMQSt2uE4OcpQqbFu7f7NbTK05lx80nuSijCz7sc3a277R67g,"Aplikasi yg sangat berguna, memudahkan saya untuk cek rute dan memudahkan untuk perjalanan jauh",5,0,,2025-09-18 12:00:23,,,
a77efec9-919f-43c6-b663-24755c064257,Pengguna Google,https://play-lh.googleusercontent.com/EGemoI2NTXmTsBVtJqk8jxF9rh8ApRWfsIMQSt2uE4OcpQqbFu7f7NbTK05lx80nuSijCz7sc3a277R67g,"Aplikasi ini sangat membantu untuk cek rute dan jadwal bus. Informasinya jelas, jadi lebih gampang atur perjalanan harian. Membantu banget buat yang sering pakai transportasi umum👍🏻👍🏻",5,0,,2025-09-18 11:33:24,,,
8bfa5390-3123-47bb-b826-ebdc3b62df3a,Pengguna Google,https://play-lh.googleusercontent.com/EGemoI2NTXmTsBVtJqk8jxF9rh8ApRWfsIMQSt2uE4OcpQqbFu7f7NbTK05lx80nuSijCz7sc3a277R67g,"aplikasi nya bagus banget mempermudah kita dalam naik bis transjakarta, rekomended sih aplikasi nya juga gak lemot secara visual bagus dan gampang kok",5,0,2.8.0,2025-09-18 11:00:53,,,2.8.0
b4fed993-ccb4-477f-85ce-3b5cbffb64e5,Pengguna Google,https://play-lh.googleusercontent.com/EGemoI2NTXmTsBVtJqk8jxF9rh8ApRWfsIMQSt2uE4OcpQqbFu7f7NbTK05lx80nuSijCz7sc3a277R67g,"sangat membantu sekali aplikasi Transjakarta ini,fitur nya juga mudah dipahami",5,0,2.8.0,2025-09-18 10:58:15,,,2.8.0
42bd1495-f860-4991-8bed-e2317206b8ad,Pengguna Google,https://play-lh.googleusercontent.com/EGemoI2NTXmTsBVtJqk8jxF9rh8ApRWfsIMQSt2uE4OcpQqbFu7f7NbTK05lx80nuSijCz7sc3a277R67g,"tolong lah dari mall BTC yg halte di sebrang jalur ke transmart berhenti nya sesuai titik dan masa nunggunya lama amat,dan kalo uda jam 9 mlm lewat dari transmart bekasi ke arah mall BTC nunggunya hampir 30 menit lebih kadang 1 jam",3,0,2.8.0,2025-09-18 10:57:19,,,2.8.0
f67a65c8-746a-4fb8-aeaf-0c90c9959179,Pengguna Google,https://play-lh.googleusercontent.com/EGemoI2NTXmTsBVtJqk8jxF9rh8ApRWfsIMQSt2uE4OcpQqbFu7f7NbTK05lx80nuSijCz7sc3a277R67g,"Aplikasi Transjakarta sangat membantu saya dalam bepergian sehari-hari. Informasi rute dan jadwal bus ditampilkan dengan jelas, sehingga saya tidak perlu bingung lagi mencari jalur yang tepat. Tampilan aplikasinya juga simpel, mudah dipahami, dan cukup responsif.",5,0,,2025-09-18 10:56:12,,,
d4ecb660-e93d-49ab-b85a-21a2eac8bcb9,Pengguna Google,https://play-lh.googleusercontent.com/EGemoI2NTXmTsBVtJqk8jxF9rh8ApRWfsIMQSt2uE4OcpQqbFu7f7NbTK05lx80nuSijCz7sc3a277R67g,"Aplikasi Transjakarta merupakan teman perjalanan yang sangat membantu bagi warga Jakarta. Aplikasi ini memudahkan kita untuk mengecek rute dan jadwal bus Transjakarta secara real-time, jadi kita tidak perlu lagi menunggu tanpa kepastian di halte. Fitur live trackingnya sangat akurat, dan kita bisa melihat posisi bus di peta. Ini sangat berguna, apalagi saat jam sibuk. ​Selain itu, informasi mengenai rute dan halte terdekat juga disajikan dengan jelas, membuat kita lebih mudah",5,0,,2025-09-18 10:56:06,,,
4e4e4303-b450-4424-aa3e-3cb2a012049c,Pengguna Google,https://play-lh.googleusercontent.com/EGemoI2NTXmTsBVtJqk8jxF9rh8ApRWfsIMQSt2uE4OcpQqbFu7f7NbTK05lx80nuSijCz7sc3a277R67g,aplikasinya transjakarta sangat berguna banget buat yg sering naik angkutan transjakarta. jadi lebih muda melihat rute dan jadwal pemberangkatan bus selanjutnya. semoga kedepannya bisa lebih berkembang lagi 😊.,5,0,2.8.0,2025-09-18 10:35:28,,,2.8.0
dbba440c-12fa-4b59-a4c5-07171ca5d846,Pengguna Google,https://play-lh.googleusercontent.com/EGemoI2NTXmTsBVtJqk8jxF9rh8ApRWfsIMQSt2uE4OcpQqbFu7f7NbTK05lx80nuSijCz7sc3a277R67g,sangat bermanfaat,5,0,2.8.0,2025-09-18 10:18:33,,,2.8.0
9a65c1c4-e165-4e80-80b0-310bcbf2324f,Pengguna Google,https://play-lh.googleusercontent.com/EGemoI2NTXmTsBVtJqk8jxF9rh8ApRWfsIMQSt2uE4OcpQqbFu7f7NbTK05lx80nuSijCz7sc3a277R67g,"tak bisa mencari jadwal kalau yang di tulis nama Halte tujuan, jadi mesti tahu nomor bisnya, tak ketahuan juga berapa menit lagi bis herikutnya",3,0,2.7.0,2025-09-17 17:54:13,,,2.7.0
d4ac90f9-3b46-42cf-a066-33706b512b0d,Pengguna Google,https://play-lh.googleusercontent.com/EGemoI2NTXmTsBVtJqk8jxF9rh8ApRWfsIMQSt2uE4OcpQqbFu7f7NbTK05lx80nuSijCz7sc3a277R67g,"suka ubah jadwal semaunya ! di posting dong jadwal berangkat busway nya itu jam berapa nya. tiap pagi telat berangkat kerja sebab suka ubah jadwal berangkat. kalo emang busway adalah solusi mencegah macet, seenggaknya jangan buat kami telat berangkat kerja !!!",1,0,2.8.0,2025-09-17 05:02:24,,,2.8.0
4684ba2e-d520-4110-87c3-398088c1e7ec,Pengguna Google,https://play-lh.googleusercontent.com/EGemoI2NTXmTsBVtJqk8jxF9rh8ApRWfsIMQSt2uE4OcpQqbFu7f7NbTK05lx80nuSijCz7sc3a277R67g,saya naik bis karena kegerahan haredang angek-angek lalu jalan2 naik bis trans ber AC.lalu turun lagi jika udh gak gerah lagi.hehe maklum orang pingiran saya ini.oke boss,5,0,2.8.0,2025-09-16 14:31:52,,,2.8.0
6684d678-daee-41bf-b7d2-30b88ded91dd,Pengguna Google,https://play-lh.googleusercontent.com/EGemoI2NTXmTsBVtJqk8jxF9rh8ApRWfsIMQSt2uE4OcpQqbFu7f7NbTK05lx80nuSijCz7sc3a277R67g,"sekarang kok malah ga jalan GPS mobilnya, jadinya ga realtime",2,0,2.8.0,2025-09-16 06:13:45,,,2.8.0
67a8cfba-787d-49b0-9104-1b382003494f,Pengguna Google,https://play-lh.googleusercontent.com/EGemoI2NTXmTsBVtJqk8jxF9rh8ApRWfsIMQSt2uE4OcpQqbFu7f7NbTK05lx80nuSijCz7sc3a277R67g,"bagus, memudahkan, lumayan detail juga rutenya. tapi tolong jangan sering sering ada permintaan harus perbarui aplikasi 😞",5,0,2.8.0,2025-09-14 14:38:02,,,2.8.0
8cdb7113-ba51-4fa1-ae70-a07d58c39cd2,Pengguna Google,https://play-lh.googleusercontent.com/EGemoI2NTXmTsBVtJqk8jxF9rh8ApRWfsIMQSt2uE4OcpQqbFu7f7NbTK05lx80nuSijCz7sc3a277R67g,ok,5,0,2.7.1,2025-09-13 21:52:22,,,2.7.1
423885d9-b0a4-43ee-9a49-f6d08e62f8e8,Pengguna Google,https://play-lh.googleusercontent.com/EGemoI2NTXmTsBVtJqk8jxF9rh8ApRWfsIMQSt2uE4OcpQqbFu7f7NbTK05lx80nuSijCz7sc3a277R67g,Mantap 👍,5,0,2.8.0,2025-09-13 18:54:22,,,2.8.0
d1a5d8aa-9fb9-4577-ae58-363851fc8078,Pengguna Google,https://play-lh.googleusercontent.com/EGemoI2NTXmTsBVtJqk8jxF9rh8ApRWfsIMQSt2uE4OcpQqbFu7f7NbTK05lx80nuSijCz7sc3a277R67g,sangat bagus bisa membantu posisi mobil nya,4,0,2.7.1,2025-09-13 09:37:47,,,2.7.1
76af14d6-fd12-419c-8f6f-6f65807b18a3,Pengguna Google,https://play-lh.googleusercontent.com/EGemoI2NTXmTsBVtJqk8jxF9rh8ApRWfsIMQSt2uE4OcpQqbFu7f7NbTK05lx80nuSijCz7sc3a277R67g,ok,5,0,2.7.1,2025-09-13 06:40:00,,,2.7.1
5b16bd86-a23a-45b7-98e6-331f0d48c9bd,Pengguna Google,https://play-lh.googleusercontent.com/EGemoI2NTXmTsBVtJqk8jxF9rh8ApRWfsIMQSt2uE4OcpQqbFu7f7NbTK05lx80nuSijCz7sc3a277R67g,upgrad mulu nih aplikasi udh mah kaga jelas kaga nimbul bus nya di apk ini,1,1,2.8.0,2025-09-13 05:53:51,,,2.8.0
20f14336-33ea-4726-a731-dccdb1f582b7,Pengguna Google,https://play-lh.googleusercontent.com/EGemoI2NTXmTsBVtJqk8jxF9rh8ApRWfsIMQSt2uE4OcpQqbFu7f7NbTK05lx80nuSijCz7sc3a277R67g,"mantap, tinggal update lokasi pengguna nih yg ga jalan2. lokasi kemaren masih aja ga pindah2..",5,0,2.8.0,2025-09-13 05:38:35,,,2.8.0
78f129de-d273-4e6b-87d6-4a53cf7fa5a4,Pengguna Google,https://play-lh.googleusercontent.com/EGemoI2NTXmTsBVtJqk8jxF9rh8ApRWfsIMQSt2uE4OcpQqbFu7f7NbTK05lx80nuSijCz7sc3a277R67g,sangat membantu sekali dalam perjalanan saya..terima ksh,5,0,2.7.1,2025-09-12 23:41:14,,,2.7.1
64a53ed1-624c-40ee-a065-44c11039a89b,Pengguna Google,https://play-lh.googleusercontent.com/EGemoI2NTXmTsBVtJqk8jxF9rh8ApRWfsIMQSt2uE4OcpQqbFu7f7NbTK05lx80nuSijCz7sc3a277R67g,sangat mudah,5,0,2.7.1,2025-09-12 21:56:03,,,2.7.1
adb29e22-5e05-4c14-8def-784210c4678f,Pengguna Google,https://play-lh.googleusercontent.com/EGemoI2NTXmTsBVtJqk8jxF9rh8ApRWfsIMQSt2uE4OcpQqbFu7f7NbTK05lx80nuSijCz7sc3a277R67g,Jaklingko rata rata tidak akurat. di update malah slow respon,3,0,2.8.0,2025-09-12 17:43:03,,,2.8.0
f2499b46-f8aa-4b5f-97a8-c5336e3e9f49,Pengguna Google,https://play-lh.googleusercontent.com/EGemoI2NTXmTsBVtJqk8jxF9rh8ApRWfsIMQSt2uE4OcpQqbFu7f7NbTK05lx80nuSijCz7sc3a277R67g,update tolol bikin eror doang,1,0,2.7.1,2025-09-12 16:21:16,,,2.7.1
857d99a3-72bd-4be1-8c29-df20ab5983d9,Pengguna Google,https://play-lh.googleusercontent.com/EGemoI2NTXmTsBVtJqk8jxF9rh8ApRWfsIMQSt2uE4OcpQqbFu7f7NbTK05lx80nuSijCz7sc3a277R67g,membantu sekali fiturnya dan untuk orang spt sy yg membutuhkan,5,0,2.7.1,2025-09-12 13:44:34,,,2.7.1
c06da26e-09c1-46c8-9178-e6cde79bdd50,Pengguna Google,https://play-lh.googleusercontent.com/EGemoI2NTXmTsBVtJqk8jxF9rh8ApRWfsIMQSt2uE4OcpQqbFu7f7NbTK05lx80nuSijCz7sc3a277R67g,"kode QR msih kurang stabil utuk di baca di mesin ,ktika di scan di pintu masuk halte busway,tlong agar bisa di perbaiki.",5,1,2.7.1,2025-09-12 07:02:07,,,2.7.1
cc2f9f9d-3ae1-462d-ac92-c143462cd878,Pengguna Google,https://play-lh.googleusercontent.com/EGemoI2NTXmTsBVtJqk8jxF9rh8ApRWfsIMQSt2uE4OcpQqbFu7f7NbTK05lx80nuSijCz7sc3a277R67g,"males banget, udh nunggu di pemberhentian bus lamaaaaa malah di lewatin gitu aja. sbnrnya SOP tj itu gmn sih, emang boleh ya gak berhenti yg Hrs nya berhenti?? nunggu lama sambil liat aplikasi tapi pas udh nyampe malah di lewatin trs jadinya nunggu lama lagi",2,0,2.7.1,2025-09-11 18:22:31,,,2.7.1
a3e9bd77-3616-4a7a-b8f6-7ad5d1e6a2c9,Pengguna Google,https://play-lh.googleusercontent.com/EGemoI2NTXmTsBVtJqk8jxF9rh8ApRWfsIMQSt2uE4OcpQqbFu7f7NbTK05lx80nuSijCz7sc3a277R67g,bagus akurat tp tidak untuk 33 dan 120,5,0,2.7.1,2025-09-11 15:50:15,,,2.7.1
f02ef7c4-b37e-45f4-a4e9-aff0290f60b6,Pengguna Google,https://play-lh.googleusercontent.com/EGemoI2NTXmTsBVtJqk8jxF9rh8ApRWfsIMQSt2uE4OcpQqbFu7f7NbTK05lx80nuSijCz7sc3a277R67g,sering error kendaraan nya tidak terdeteksi,1,1,2.7.1,2025-09-11 12:50:52,,,2.7.1
5f0ce614-c7f6-48ad-85bf-58c26208f334,Pengguna Google,https://play-lh.googleusercontent.com/EGemoI2NTXmTsBVtJqk8jxF9rh8ApRWfsIMQSt2uE4OcpQqbFu7f7NbTK05lx80nuSijCz7sc3a277R67g,aplikasi paling go*lok....jangan pernah pake lagi aplikasi TJ ini bakalan nyesel seumur hidup lu...lemot nya gak ada obat...apus aja aplikasi kaya gini,1,0,2.7.1,2025-09-10 21:43:41,,,2.7.1
a661db26-2195-4577-b977-12e10273b3be,Pengguna Google,https://play-lh.googleusercontent.com/EGemoI2NTXmTsBVtJqk8jxF9rh8ApRWfsIMQSt2uE4OcpQqbFu7f7NbTK05lx80nuSijCz7sc3a277R67g,"after update , cek tracking loading lama banget zzz",2,0,,2025-09-10 15:59:46,,,
ccfdc57e-a797-4539-982f-ea4528450b1e,Pengguna Google,https://play-lh.googleusercontent.com/EGemoI2NTXmTsBVtJqk8jxF9rh8ApRWfsIMQSt2uE4OcpQqbFu7f7NbTK05lx80nuSijCz7sc3a277R67g,"Kenapa sekarang aplikasi Tj selalu ada masalah ya.. Kemarin saya topup tidak masuk, sekarang beli tiket 2x gagal tapi saldo terpotong.. Kalo gagal kenapa saldo nya terpotong??",1,1,2.7.1,2025-09-10 15:56:57,,,2.7.1
6fab5a88-f8c9-46b2-b342-ccd5d51e20e7,Pengguna Google,https://play-lh.googleusercontent.com/EGemoI2NTXmTsBVtJqk8jxF9rh8ApRWfsIMQSt2uE4OcpQqbFu7f7NbTK05lx80nuSijCz7sc3a277R67g,dulu nya emas sekarang sampah,1,0,2.7.1,2025-09-10 15:47:53,,,2.7.1
1bf3e0e1-04f1-4a15-b7e6-9b5ae83a978c,Pengguna Google,https://play-lh.googleusercontent.com/EGemoI2NTXmTsBVtJqk8jxF9rh8ApRWfsIMQSt2uE4OcpQqbFu7f7NbTK05lx80nuSijCz7sc3a277R67g,"saya buka aplikasi Transjakarta buat ngecek posisi bus, tapi di layar nggak muncul sama sekali lokasi bus yang biasanya ditandain titik/bus icon. Jadi intinya fitur live location bus lagi kosong/eror, jadi nggak bisa liat bus ada di mana, udah dari 3 bulan yang lalu error ini.",1,22,2.7.1,2025-09-10 15:28:49,,,2.7.1
ee5ba6fa-9ddd-4586-b78e-0a739f817ae3,Pengguna Google,https://play-lh.googleusercontent.com/EGemoI2NTXmTsBVtJqk8jxF9rh8ApRWfsIMQSt2uE4OcpQqbFu7f7NbTK05lx80nuSijCz7sc3a277R67g,"aplikasinya kurang optimal. sering g muncul lokasi bus terkini. aplikasinya seringkali mode ""waiting bus data"", antara aplikasinya yang Anomali atau busnya g nampilin alhasil fungsi aplikasi ini buat apa?",2,2,2.7.1,2025-09-10 07:52:27,,,2.7.1
5623a022-8bf4-4c20-9ff0-8324ad13f11c,Pengguna Google,https://play-lh.googleusercontent.com/EGemoI2NTXmTsBVtJqk8jxF9rh8ApRWfsIMQSt2uE4OcpQqbFu7f7NbTK05lx80nuSijCz7sc3a277R67g,"aplikasinya delay, sering lemot padahal jaringan lancar, lihat mobilnya di map ga gerak",1,1,2.7.1,2025-09-09 19:12:06,,,2.7.1
6dc633b6-f72f-4430-9e29-a825acfee84e,Pengguna Google,https://play-lh.googleusercontent.com/EGemoI2NTXmTsBVtJqk8jxF9rh8ApRWfsIMQSt2uE4OcpQqbFu7f7NbTK05lx80nuSijCz7sc3a277R67g,"tolong PT trans jakarta untuk layanan angkot Jaklingko 59mohon ditertibkan lagi ada salah angkot yang melanggar lalu lintas yaitu lawan arah dan salah Jaklingko mempunyai bukti rekaman terjadi sebelum kearah sumur bor, sore hari ada dua angkot yang lawan arah dengan beralasan ganti ban",1,0,2.7.1,2025-09-09 16:09:25,,,2.7.1
abe8cc2a-c3d7-4592-bf91-0bff800cae9b,Pengguna Google,https://play-lh.googleusercontent.com/EGemoI2NTXmTsBVtJqk8jxF9rh8ApRWfsIMQSt2uE4OcpQqbFu7f7NbTK05lx80nuSijCz7sc3a277R67g,bagus,5,0,2.7.0,2025-09-08 11:09:28,,,2.7.0
fcd7eb15-1466-4980-a12f-8eb99af0466f,Pengguna Google,https://play-lh.googleusercontent.com/EGemoI2NTXmTsBVtJqk8jxF9rh8ApRWfsIMQSt2uE4OcpQqbFu7f7NbTK05lx80nuSijCz7sc3a277R67g,"dari aplikasi sih sdh cukup bagus. 🙂 cuma lemot . untuk layanan lain'nya agar di tambah lg jumlah armada busnya. khususnya di jam sibuk, spya tdk ada antrian atau penumpukan penumpang di halte dan di dlm bus.. untuk pengemudi/supir tolong seleksi dgn baik dan profesional, karna kenyamanan di dlm bus adalah hak semua penumpang.",4,1,2.7.1,2025-09-08 07:49:21,,,2.7.1
34639dd8-1e47-481a-b3dd-1a390f964f06,Pengguna Google,https://play-lh.googleusercontent.com/EGemoI2NTXmTsBVtJqk8jxF9rh8ApRWfsIMQSt2uE4OcpQqbFu7f7NbTK05lx80nuSijCz7sc3a277R67g,"udah bikin laporan soal bus stop, tapi di aplikasi tidak dilanjutkan,coba komplain kesini kali ada tanggepanya",1,0,2.7.1,2025-09-07 15:29:23,,,2.7.1
8f2294ed-82d1-41fe-8211-819b603fea43,Pengguna Google,https://play-lh.googleusercontent.com/EGemoI2NTXmTsBVtJqk8jxF9rh8ApRWfsIMQSt2uE4OcpQqbFu7f7NbTK05lx80nuSijCz7sc3a277R67g,lokasi mobil nya selalu tidak terbaca,1,0,2.7.1,2025-09-07 13:01:32,,,2.7.1
234b7bb0-8ce0-498a-9644-088811e7a521,Pengguna Google,https://play-lh.googleusercontent.com/EGemoI2NTXmTsBVtJqk8jxF9rh8ApRWfsIMQSt2uE4OcpQqbFu7f7NbTK05lx80nuSijCz7sc3a277R67g,"kesalahan yang sering terjadi, versi yang lebih baik sebelum pembaruan, tolong perbaiki",4,0,2.7.1,2025-09-06 18:03:16,,,2.7.1
06a6c78b-8a8d-4395-9ab7-7ecdd405e7f9,Pengguna Google,https://play-lh.googleusercontent.com/EGemoI2NTXmTsBVtJqk8jxF9rh8ApRWfsIMQSt2uE4OcpQqbFu7f7NbTK05lx80nuSijCz7sc3a277R67g,ok,5,0,2.7.1,2025-09-06 11:19:05,,,2.7.1
9ec5f40b-63e5-46d3-a9cf-85f8aa8bda29,Pengguna Google,https://play-lh.googleusercontent.com/EGemoI2NTXmTsBVtJqk8jxF9rh8ApRWfsIMQSt2uE4OcpQqbFu7f7NbTK05lx80nuSijCz7sc3a277R67g,"Tolong Gate scan nya Di perbaiki dan di bikin mudah, soalnya kadang kadang ngga bisa tap in atau tap out di halte. kan percuma ada fitur pembayaran digital jika alatnya ngga bisa di gunakan.",5,5,2.7.1,2025-09-06 08:45:32,,,2.7.1
3f1c44b5-aef1-4228-aaa2-d647488808c4,Pengguna Google,https://play-lh.googleusercontent.com/EGemoI2NTXmTsBVtJqk8jxF9rh8ApRWfsIMQSt2uE4OcpQqbFu7f7NbTK05lx80nuSijCz7sc3a277R67g,aplikasi tidak bisa memasukan kode otp selalu ada peringatan eror,3,0,,2025-09-06 00:19:45,,,
56ba978c-312c-436c-bbea-e10fe6c1de53,Pengguna Google,https://play-lh.googleusercontent.com/EGemoI2NTXmTsBVtJqk8jxF9rh8ApRWfsIMQSt2uE4OcpQqbFu7f7NbTK05lx80nuSijCz7sc3a277R67g,Aplikasi ini tidak benar-benar bisa digunakan di semua halte TJ. Jadi hanya bisa dipakai untuk lihat rute bus saja. Mungkin karena beberapa jalur/rute baru belum ada sistem scan tiket jadi kita harus betul-betul pakai kartu. Saya pikir aplikasi ini belum menjawab semua kebutuhan pengguna TJ atau Sistem di halte-halte baru yang belum memadai.,1,0,,2025-09-05 19:33:56,,,
73efb9e4-fed2-4ef1-a65e-6b9e4d8e81e1,Pengguna Google,https://play-lh.googleusercontent.com/EGemoI2NTXmTsBVtJqk8jxF9rh8ApRWfsIMQSt2uE4OcpQqbFu7f7NbTK05lx80nuSijCz7sc3a277R67g,gak update tracking nya sering gak keliatan posisi busway nya udah dimana. terus tolong untuk transjakarta D11 depok-cawang dan 6B Ragunan-balai kota itu gak on time waktu nya sering telat dan lama dateng macet gak macet tetep aja. aplikasi dan pelayanan nya sangat jelek.,1,0,,2025-09-05 07:23:42,,,
e5507444-a1f2-488e-b8e7-3336b8ca3594,Pengguna Google,https://play-lh.googleusercontent.com/EGemoI2NTXmTsBVtJqk8jxF9rh8ApRWfsIMQSt2uE4OcpQqbFu7f7NbTK05lx80nuSijCz7sc3a277R67g,👍👍👍👍👍👍👍👍👍👍mantap,5,0,2.7.0,2025-09-04 15:19:42,,,2.7.0
fbac7e6f-6d53-40d4-9670-d2cb79af1a2a,Pengguna Google,https://play-lh.googleusercontent.com/EGemoI2NTXmTsBVtJqk8jxF9rh8ApRWfsIMQSt2uE4OcpQqbFu7f7NbTK05lx80nuSijCz7sc3a277R67g,lebih cepat baik Tije L 13E,5,0,2.7.1,2025-09-04 13:25:02,,,2.7.1
938912ff-2c85-4ad4-a674-770d2ff4b0bb,Pengguna Google,https://play-lh.googleusercontent.com/EGemoI2NTXmTsBVtJqk8jxF9rh8ApRWfsIMQSt2uE4OcpQqbFu7f7NbTK05lx80nuSijCz7sc3a277R67g,kadang gx sesuai sama yg dateng bus y,1,0,2.7.0,2025-09-04 12:21:51,,,2.7.0
65a9ad4d-e6ac-46b7-a2a1-242914b3b396,Pengguna Google,https://play-lh.googleusercontent.com/EGemoI2NTXmTsBVtJqk8jxF9rh8ApRWfsIMQSt2uE4OcpQqbFu7f7NbTK05lx80nuSijCz7sc3a277R67g,kenapa berulang saya daftar email..kenpa terus tidak bisa...mohon untuk diperbaiki kembali🙏🏻,1,1,2.7.1,2025-09-04 08:19:20,,,2.7.1
d1c11a87-ca4a-463c-b941-cd949fdc7522,Pengguna Google,https://play-lh.googleusercontent.com/EGemoI2NTXmTsBVtJqk8jxF9rh8ApRWfsIMQSt2uE4OcpQqbFu7f7NbTK05lx80nuSijCz7sc3a277R67g,"sudah kritik schedule fiktif nya TJ di Jaki, tapi tetap tidak jujur oleh schedule fiktif fiktif nya. . . seharusnya keberatan terakhir dari kedua arah di jam 22.00, tapi sebelum jam 22.00 kita tunggu di halte ketiga dan ternyata malah tidak ada (sudah habis)... sering seperti ini sudah sejak 25 Agustus. gimana bisa maju coba, bukannya memperbaiki schedule sebijak dan sejujur mungkin, tapi malah tidak mengakui kesalahannya. lapor juga percuma, pemerintahan juga satu circle dengan ini app. Jelek!!",1,0,,2025-09-02 22:11:14,,,
410958b8-0150-4046-a4de-bbc7f312b73f,Pengguna Google,https://play-lh.googleusercontent.com/EGemoI2NTXmTsBVtJqk8jxF9rh8ApRWfsIMQSt2uE4OcpQqbFu7f7NbTK05lx80nuSijCz7sc3a277R67g,uang saya enggak kembali 50 ribu saya pengisian kartu sampai detik ini tidak ada tanggapan,1,0,2.7.1,2025-09-01 22:24:57,,,2.7.1
decbc99d-106b-4662-8afe-5c6b065a24c4,Pengguna Google,https://play-lh.googleusercontent.com/EGemoI2NTXmTsBVtJqk8jxF9rh8ApRWfsIMQSt2uE4OcpQqbFu7f7NbTK05lx80nuSijCz7sc3a277R67g,woy ini server knp error mulu,2,0,2.7.1,2025-09-01 19:25:28,,,2.7.1
bb106f25-0042-4e08-ba67-e6e5f4b5a530,Pengguna Google,https://play-lh.googleusercontent.com/EGemoI2NTXmTsBVtJqk8jxF9rh8ApRWfsIMQSt2uE4OcpQqbFu7f7NbTK05lx80nuSijCz7sc3a277R67g,GK bisa liat map buat nentuin rute,2,0,2.7.1,2025-09-01 15:02:58,,,2.7.1
bd04e915-f435-4ba7-8444-1fd84b0d9673,Pengguna Google,https://play-lh.googleusercontent.com/EGemoI2NTXmTsBVtJqk8jxF9rh8ApRWfsIMQSt2uE4OcpQqbFu7f7NbTK05lx80nuSijCz7sc3a277R67g,"Menu ""Tujuan Kamu"" tidak bisa diakses. Saat pilih ""titik awal anda"" maupun ""tujuan"", hanya icon mutar2 loading. Menu ""pilih dari peta"" juga kosong petanya. Mohon dibantu diperbaiki pak. Nanti saya update bintang ulasan ini",1,1,,2025-09-01 13:39:17,,,
034bf448-c26d-442e-b413-c2c3092889bd,Pengguna Google,https://play-lh.googleusercontent.com/EGemoI2NTXmTsBVtJqk8jxF9rh8ApRWfsIMQSt2uE4OcpQqbFu7f7NbTK05lx80nuSijCz7sc3a277R67g,"UPDATE MULU, FITUR DETAIL RUTE PENDING MULU ""waiting bus data"" jaringan wifi ama data seluler udah di coba sama aja di test pingnya bagus 6ms, sama fitur Mengikuti ga beres udah pencet mengikuti rute pas kembali ke halaman sebelumnya lalu check rute yang di ikuti malah statusnya ikuti harusnya mengikuti. tokong perbaiki",1,4,2.7.1,2025-09-01 10:49:49,,,2.7.1
b97dd113-771f-42d7-bc98-d8212f733f97,Pengguna Google,https://play-lh.googleusercontent.com/EGemoI2NTXmTsBVtJqk8jxF9rh8ApRWfsIMQSt2uE4OcpQqbFu7f7NbTK05lx80nuSijCz7sc3a277R67g,kadang suka gak sesuai dan lemot,4,0,2.7.0,2025-09-01 06:15:24,,,2.7.0
219bf81b-cfa5-407d-9c76-fe076f1134a5,Pengguna Google,https://play-lh.googleusercontent.com/EGemoI2NTXmTsBVtJqk8jxF9rh8ApRWfsIMQSt2uE4OcpQqbFu7f7NbTK05lx80nuSijCz7sc3a277R67g,ok,5,0,2.7.0,2025-09-01 05:42:37,,,2.7.0
b13d0da3-0794-4734-886b-2ee49d639898,Pengguna Google,https://play-lh.googleusercontent.com/EGemoI2NTXmTsBVtJqk8jxF9rh8ApRWfsIMQSt2uE4OcpQqbFu7f7NbTK05lx80nuSijCz7sc3a277R67g,Joss gandoss,5,0,2.7.0,2025-09-01 04:31:45,,,2.7.0
c88b1756-deef-4d08-a823-828de72dc7c2,Pengguna Google,https://play-lh.googleusercontent.com/EGemoI2NTXmTsBVtJqk8jxF9rh8ApRWfsIMQSt2uE4OcpQqbFu7f7NbTK05lx80nuSijCz7sc3a277R67g,good,3,0,2.7.0,2025-08-31 23:03:13,,,2.7.0
21b3e77e-0383-4edd-a5f9-009c3aea9f67,Pengguna Google,https://play-lh.googleusercontent.com/EGemoI2NTXmTsBVtJqk8jxF9rh8ApRWfsIMQSt2uE4OcpQqbFu7f7NbTK05lx80nuSijCz7sc3a277R67g,gajelas dah... bru juga update minta update lgi giliran nyari halte bus beberapa ada yg ga ketemu malah gaada pdhal ada aneh bet yg bener ngape bikin apk,1,0,2.7.1,2025-08-31 09:12:58,,,2.7.1
febe7f8f-1dd8-49b0-9a39-6efe8dc200cf,Pengguna Google,https://play-lh.googleusercontent.com/EGemoI2NTXmTsBVtJqk8jxF9rh8ApRWfsIMQSt2uE4OcpQqbFu7f7NbTK05lx80nuSijCz7sc3a277R67g,dikit dikit upgrade tp susah bngt buka nya hadeuh,3,0,2.7.0,2025-08-31 05:26:59,,,2.7.0
9006165d-ce3b-4fe3-9202-48c8299dadfd,Pengguna Google,https://play-lh.googleusercontent.com/EGemoI2NTXmTsBVtJqk8jxF9rh8ApRWfsIMQSt2uE4OcpQqbFu7f7NbTK05lx80nuSijCz7sc3a277R67g,"saya suka layanan TransJakarta, namun untuk MakroTrans seperti Jaklingko ada beberapa supir yang tidak ramah, saya pernah di bentak padahal saya sudah bilang dengan nada yang tidak terlalu pelan (normal pada umumnya) untuk turun di bus stop tujuan saya tapi malah dilewatkan begitu saja dengan kencang. lalu saya sigap mengingatkan bahwa saya turun di bus stop yang telah dilewati namun beliau (supir) marah-marah kepada saya dengan nada tinggi yang membuat saya ketakutan.",5,3,2.7.0,2025-08-31 03:36:14,,,2.7.0
b9ad58b5-bb3d-45fd-b720-1b36a74d61b5,Pengguna Google,https://play-lh.googleusercontent.com/EGemoI2NTXmTsBVtJqk8jxF9rh8ApRWfsIMQSt2uE4OcpQqbFu7f7NbTK05lx80nuSijCz7sc3a277R67g,"Ngecek posisi bus kadang suka ga akurat, bahkan ga kedetect sama sekali",3,1,2.7.0,2025-08-30 21:17:41,,,2.7.0
e6ca434d-1299-4a12-a1d7-9914a0655674,Pengguna Google,https://play-lh.googleusercontent.com/EGemoI2NTXmTsBVtJqk8jxF9rh8ApRWfsIMQSt2uE4OcpQqbFu7f7NbTK05lx80nuSijCz7sc3a277R67g,"aplikasi lemottttttt!!!!! sampai gw ketinggalan Bus,gara² scan lemotttt! parahhhhhhhhhh",1,0,2.7.1,2025-08-30 20:32:01,,,2.7.1
17b5f75d-c30d-441c-8348-f1cb40ca8e5b,Pengguna Google,https://play-lh.googleusercontent.com/EGemoI2NTXmTsBVtJqk8jxF9rh8ApRWfsIMQSt2uE4OcpQqbFu7f7NbTK05lx80nuSijCz7sc3a277R67g,tolong dong informasikan jika ada pengalihan rute,4,0,2.5.0,2025-08-30 15:08:43,,,2.5.0
72edaf8c-7cbb-4c8e-b0ae-d29ffe2c00fc,Pengguna Google,https://play-lh.googleusercontent.com/EGemoI2NTXmTsBVtJqk8jxF9rh8ApRWfsIMQSt2uE4OcpQqbFu7f7NbTK05lx80nuSijCz7sc3a277R67g,"mohon maaf aplikasinya makin hari makin lemot padahal sinyal nya lancar, waktu mau cari tujuan agar tau rute nya kemana loading terus sampe beberapa menit hampir 20 menit saya menunggu, mohon di perbaiki lagi aplikasinya. terimakasih",1,18,2.7.0,2025-08-30 13:39:32,,,2.7.0
f2f1aaea-aa1f-4735-8c09-85b2d87569f1,Pengguna Google,https://play-lh.googleusercontent.com/EGemoI2NTXmTsBVtJqk8jxF9rh8ApRWfsIMQSt2uE4OcpQqbFu7f7NbTK05lx80nuSijCz7sc3a277R67g,"waktu awal download memang sangat membantu, tapi makin kesini makin gajelas apk nya, rute bus gabisa kelacak jdi gabisa liat estimasi bus datang kapan, udah di update berkali kali pun tetap aja. klo niat mempermudah ya di permudah jangan dibikin sulit juga",1,10,2.7.1,2025-08-30 08:48:33,,,2.7.1
eb75c423-ce85-41e1-889a-0f52acd9de77,Pengguna Google,https://play-lh.googleusercontent.com/EGemoI2NTXmTsBVtJqk8jxF9rh8ApRWfsIMQSt2uE4OcpQqbFu7f7NbTK05lx80nuSijCz7sc3a277R67g,aplikasi yang sangat bagus sekali buat pengguna bus transjakarta dan fitur fitur nya yang lengkap dan mudah di pahami,5,0,,2025-08-30 03:18:19,,,
42541587-c35e-410c-826e-85aa4c192499,Pengguna Google,https://play-lh.googleusercontent.com/EGemoI2NTXmTsBVtJqk8jxF9rh8ApRWfsIMQSt2uE4OcpQqbFu7f7NbTK05lx80nuSijCz7sc3a277R67g,"Aplikasinya sangat membantu, informasi bus dan halte selalu update, jadi perjalanan lebih mudah dan teratur🤩🤩🤩🤩",5,0,2.7.0,2025-08-28 20:43:15,,,2.7.0
e3dff708-5a18-4b49-a746-3ae05977ab01,Pengguna Google,https://play-lh.googleusercontent.com/EGemoI2NTXmTsBVtJqk8jxF9rh8ApRWfsIMQSt2uE4OcpQqbFu7f7NbTK05lx80nuSijCz7sc3a277R67g,"Saya kira aplikasi transportasi bakal ribet dipakai, tapi aplikasi Transjakarta justru sebaliknya. Ringan, cepat, dan informatif. Saya bisa tahu busway terakhir lewat kapan, sekarang posisi di mana, dan kira-kira berapa menit lagi datang. Ini beneran solusi buat pengguna yang sering nunggu lama di halte. Nggak nyangka bisa semudah ini.",5,0,,2025-08-28 20:30:47,,,
9fc0a084-723e-4c4b-b23b-ce7befba151c,Pengguna Google,https://play-lh.googleusercontent.com/EGemoI2NTXmTsBVtJqk8jxF9rh8ApRWfsIMQSt2uE4OcpQqbFu7f7NbTK05lx80nuSijCz7sc3a277R67g,"""TransJakarta app-nya sangat membantu! Mudah digunakan, informasi rute dan jadwal yang akurat, membuat perjalanan saya jadi lebih efisien dan nyaman. Fitur real-time-nya juga sangat berguna untuk memantau posisi bus. Terima kasih TransJakarta! 🙌🏽🚍""",5,0,,2025-08-28 18:30:18,,,
730b1f4b-a7ef-4ee9-9e01-7f3de3c3753e,Pengguna Google,https://play-lh.googleusercontent.com/EGemoI2NTXmTsBVtJqk8jxF9rh8ApRWfsIMQSt2uE4OcpQqbFu7f7NbTK05lx80nuSijCz7sc3a277R67g,"aplikasinya ngebantu bgt si yakinn, bisa tau info tentang rute bus sama estimasi datangnya juga",5,0,2.7.1,2025-08-28 17:23:43,,,2.7.1
252c8d0b-4771-40e7-889f-61a7c65691c9,Pengguna Google,https://play-lh.googleusercontent.com/EGemoI2NTXmTsBVtJqk8jxF9rh8ApRWfsIMQSt2uE4OcpQqbFu7f7NbTK05lx80nuSijCz7sc3a277R67g,"Setiap hari kerja selalu andalin aplikasi ini. Fitur real-time tracking-nya akurat banget, jadi bisa tahu busnya sudah di mana dan nggak perlu nunggu kelamaan di halte. Benar-benar bikin perjalanan ke kantor jadi lebih gampang dan nggak was-was.",5,0,,2025-08-28 16:37:01,,,
e993bfce-1737-4577-bba7-3d7ac3cb531e,Pengguna Google,https://play-lh.googleusercontent.com/EGemoI2NTXmTsBVtJqk8jxF9rh8ApRWfsIMQSt2uE4OcpQqbFu7f7NbTK05lx80nuSijCz7sc3a277R67g,aplikasi bwt apa si sbnenrya ini? ko ga bisa dibuka. payah. udh di uninstall ulang tetep sama ga bisa dibuka. ternyata ada aplikasi jaklingko yg lebih berguna. lalu untuk apa ada aplikasi Transjakarta ini?? lebih baik hilangkan aja sekalian biar orang ga bingung.,1,0,2.7.0,2025-08-28 14:55:19,,,2.7.0
254ab27c-6118-41f9-acd6-8e5172c90b6c,Pengguna Google,https://play-lh.googleusercontent.com/EGemoI2NTXmTsBVtJqk8jxF9rh8ApRWfsIMQSt2uE4OcpQqbFu7f7NbTK05lx80nuSijCz7sc3a277R67g,informasi jadwal bus dan halte nya akurat jadi ga perlu bingung lagi kalo mau kemana mana tinggal buka aplikasi ini aja bisa memudahkan kita bangettt,5,0,2.7.0,2025-08-28 14:16:09,,,2.7.0
426118ac-e209-42a2-8a49-a05ef3fa07ee,Pengguna Google,https://play-lh.googleusercontent.com/EGemoI2NTXmTsBVtJqk8jxF9rh8ApRWfsIMQSt2uE4OcpQqbFu7f7NbTK05lx80nuSijCz7sc3a277R67g,Bagus,5,0,,2025-08-28 14:10:11,,,
91b7f2d6-e768-4309-9ec6-6a42f4055c39,Pengguna Google,https://play-lh.googleusercontent.com/EGemoI2NTXmTsBVtJqk8jxF9rh8ApRWfsIMQSt2uE4OcpQqbFu7f7NbTK05lx80nuSijCz7sc3a277R67g,"aplikasi Transjakarta memang apk paling praktis, dan recommended.tinggal buka aplikasi bisa langsung liat halte terdekat,rute dan waktu kedatangan bus.pokoknya aplikasinya paling top markotop deh",5,0,,2025-08-28 13:48:47,,,
c065b73e-80fd-4b2b-9c65-cc1617f8e414,Pengguna Google,https://play-lh.googleusercontent.com/EGemoI2NTXmTsBVtJqk8jxF9rh8ApRWfsIMQSt2uE4OcpQqbFu7f7NbTK05lx80nuSijCz7sc3a277R67g,sangat membantu untuk yg suka ngebolang pake transportasi umum. tinggal lihat aplikasi ini jadi tahu rute2 bus dan letak haltenya.,5,0,2.7.0,2025-08-28 13:46:01,,,2.7.0
11d61d18-b44f-45d9-bcbf-30d0947387a2,Pengguna Google,https://play-lh.googleusercontent.com/EGemoI2NTXmTsBVtJqk8jxF9rh8ApRWfsIMQSt2uE4OcpQqbFu7f7NbTK05lx80nuSijCz7sc3a277R67g,"""Aplikasi Transjakarta yang bikin hidup lebih mudah! Gampang banget buat cari rute dan pantau kedatangan bus. Fiturnya lengkap dan mudah digunakan. Tinggal berharap busnya tepat waktu aja . Terima kasih Transjakarta untuk pelayanan yang baik!",5,0,2.7.0,2025-08-28 12:06:40,,,2.7.0
72ce00b8-a912-4ed9-aca5-2557047e0182,Pengguna Google,https://play-lh.googleusercontent.com/EGemoI2NTXmTsBVtJqk8jxF9rh8ApRWfsIMQSt2uE4OcpQqbFu7f7NbTK05lx80nuSijCz7sc3a277R67g,aplikasi nya simpel kita bisa melacak bis yang mau kita naiki ke tujuan kita,5,0,2.7.0,2025-08-28 11:44:51,,,2.7.0
77e0766f-9178-42fd-830d-273e7525487e,Pengguna Google,https://play-lh.googleusercontent.com/EGemoI2NTXmTsBVtJqk8jxF9rh8ApRWfsIMQSt2uE4OcpQqbFu7f7NbTK05lx80nuSijCz7sc3a277R67g,"Aplikasinya sangat berguna untuk saya yang sering naik TransJakarta. Fitur pencarian rutenya akurat dan Jadwal bus juga cukup tepat, jadi bisa atur waktu perjalanan dengan lebih baik.Semoga ke depannya bisa ada peningkatan yang menarik, biar makin mantap. Tapi sejauh ini, saya puas banget. makasih TransJakarta.",5,4,2.7.1,2025-08-28 11:20:03,,,2.7.1
69d4bec9-6f65-4128-b70f-26138a803a59,Pengguna Google,https://play-lh.googleusercontent.com/EGemoI2NTXmTsBVtJqk8jxF9rh8ApRWfsIMQSt2uE4OcpQqbFu7f7NbTK05lx80nuSijCz7sc3a277R67g,memudahkan banget masyarakat👍🏻👍🏻,5,0,2.7.1,2025-08-28 11:19:04,,,2.7.1
3c3e5b36-3157-4c2b-8b1e-4f5f5200113c,Pengguna Google,https://play-lh.googleusercontent.com/EGemoI2NTXmTsBVtJqk8jxF9rh8ApRWfsIMQSt2uE4OcpQqbFu7f7NbTK05lx80nuSijCz7sc3a277R67g,mempermudah kita sebagai pengguna transjakarta untuk melihat rute bus yg sedang beroperasi,5,0,2.7.1,2025-08-28 10:05:02,,,2.7.1
6850e9bf-d5db-4387-ac19-1cad3582f2d0,Pengguna Google,https://play-lh.googleusercontent.com/EGemoI2NTXmTsBVtJqk8jxF9rh8ApRWfsIMQSt2uE4OcpQqbFu7f7NbTK05lx80nuSijCz7sc3a277R67g,aplikasi Transjakarta sangat membantu banget untuk perjalanan karna rute perjalanan lengkap dan sangat mudah di mengerti,5,0,2.7.0,2025-08-28 09:18:44,,,2.7.0
6a27d8fc-84d3-4db4-ad72-f883f608fccf,Pengguna Google,https://play-lh.googleusercontent.com/EGemoI2NTXmTsBVtJqk8jxF9rh8ApRWfsIMQSt2uE4OcpQqbFu7f7NbTK05lx80nuSijCz7sc3a277R67g,"aplikasi Transjakarta sangat membantu, berbagai rute bus berserta keberangkatan bus sangat lengkap",5,0,2.7.0,2025-08-28 08:50:14,,,2.7.0
6a09a3c2-cad6-4949-bd9f-28a90e2978af,Pengguna Google,https://play-lh.googleusercontent.com/EGemoI2NTXmTsBVtJqk8jxF9rh8ApRWfsIMQSt2uE4OcpQqbFu7f7NbTK05lx80nuSijCz7sc3a277R67g,suka banget apalagi untuk keperluan tranportasi,5,0,,2025-08-28 08:37:31,,,
54a0e1bc-b742-4514-b919-b2012ff72a56,Pengguna Google,https://play-lh.googleusercontent.com/EGemoI2NTXmTsBVtJqk8jxF9rh8ApRWfsIMQSt2uE4OcpQqbFu7f7NbTK05lx80nuSijCz7sc3a277R67g,"aplikasi nya sangat membantu sekali, informasi rute slalu update aplikasi nya juga simple sangat membantu sekali untuk saya apalagi klo lagi buru buru nyari rute atau nunggu bus",5,0,2.7.0,2025-08-28 08:36:57,,,2.7.0
ca5b0c4a-dbeb-41f1-852f-5f725b41ec2d,Pengguna Google,https://play-lh.googleusercontent.com/EGemoI2NTXmTsBVtJqk8jxF9rh8ApRWfsIMQSt2uE4OcpQqbFu7f7NbTK05lx80nuSijCz7sc3a277R67g,"aplikasi Transjakarta memudahkan aku untuk mencari rute segala arah tampilannya juga mudah dipahami lancar juga make nya, sejauh ini ngga ada kendala pakai aplikasi terimakasih",5,0,2.7.0,2025-08-28 08:36:39,,,2.7.0
fc679ec1-cdea-4df2-979b-5a653310747d,Pengguna Google,https://play-lh.googleusercontent.com/EGemoI2NTXmTsBVtJqk8jxF9rh8ApRWfsIMQSt2uE4OcpQqbFu7f7NbTK05lx80nuSijCz7sc3a277R67g,"aplikasi sangat membantu buat cek rute , Sangat bagus pokoknya, simpel 👍👍🔥",5,0,2.7.0,2025-08-28 08:27:36,,,2.7.0
1e983686-72db-4f61-83a1-fb14b392df18,Pengguna Google,https://play-lh.googleusercontent.com/EGemoI2NTXmTsBVtJqk8jxF9rh8ApRWfsIMQSt2uE4OcpQqbFu7f7NbTK05lx80nuSijCz7sc3a277R67g,aplikasi ini sangat membantu saya kita dapat melihat peta atau map jakarta dengan aplikasi ini terimakasih telah membuat apk ini 👍👍,5,0,2.7.0,2025-08-28 08:27:27,,,2.7.0
e0733f91-deb6-4d39-98c0-ce1f86c6e6a1,Pengguna Google,https://play-lh.googleusercontent.com/EGemoI2NTXmTsBVtJqk8jxF9rh8ApRWfsIMQSt2uE4OcpQqbFu7f7NbTK05lx80nuSijCz7sc3a277R67g,"aplikasi yg sangat berguna,dan memudahkan untuk bepergian, rutenya juga lengkap sangat membantu sekali",5,0,2.7.1,2025-08-28 08:20:35,,,2.7.1
d638a941-1079-4795-bb63-b09107cc2016,Pengguna Google,https://play-lh.googleusercontent.com/EGemoI2NTXmTsBVtJqk8jxF9rh8ApRWfsIMQSt2uE4OcpQqbFu7f7NbTK05lx80nuSijCz7sc3a277R67g,"aplikasinya ringan dan bagus, gak ribet the best lah",5,0,2.7.0,2025-08-28 08:06:55,,,2.7.0
8396abaf-dd40-4f4e-be88-3d793feb083f,Pengguna Google,https://play-lh.googleusercontent.com/EGemoI2NTXmTsBVtJqk8jxF9rh8ApRWfsIMQSt2uE4OcpQqbFu7f7NbTK05lx80nuSijCz7sc3a277R67g,aplikasinya sangat membantu sekali dan mudah untuk di pake,5,0,,2025-08-28 08:00:51,,,
e7727eff-717e-4834-9983-74b406fc6c56,Pengguna Google,https://play-lh.googleusercontent.com/EGemoI2NTXmTsBVtJqk8jxF9rh8ApRWfsIMQSt2uE4OcpQqbFu7f7NbTK05lx80nuSijCz7sc3a277R67g,"Aplikasi Transjakarta sangat membantu untuk mengetahui rute, halte, dan jadwal bus. Tampilan sederhana sehingga mudah digunakan, terutama bagi penumpang yang baru pertama kali naik Transjakarta. Kelebihan: Informasi rute dan halte cukup lengkap Notifikasi update rute cukup bermanfaat Performanya semakin stabil setelah update terbaru",5,0,2.7.0,2025-08-28 07:58:18,,,2.7.0
2a33ef5d-edd7-4896-9b29-bcfdd64083c1,Pengguna Google,https://play-lh.googleusercontent.com/EGemoI2NTXmTsBVtJqk8jxF9rh8ApRWfsIMQSt2uE4OcpQqbFu7f7NbTK05lx80nuSijCz7sc3a277R67g,Aplikasinya sangat membantu dan mudah di gunakan tidak ribet mantap deh,5,0,2.7.0,2025-08-28 07:45:41,,,2.7.0
4c3c2388-b0e5-49f4-ab47-70f8c05f0bb9,Pengguna Google,https://play-lh.googleusercontent.com/EGemoI2NTXmTsBVtJqk8jxF9rh8ApRWfsIMQSt2uE4OcpQqbFu7f7NbTK05lx80nuSijCz7sc3a277R67g,"buat aku yg sering pake bus Transjakarta ini membantu banget sih, bisa cek rute, halte, bahkan bus terdekat, sangat berguna banget",5,0,2.7.0,2025-08-28 07:44:06,,,2.7.0
deb4972c-94e1-4a37-8e85-8b76c173b24d,Pengguna Google,https://play-lh.googleusercontent.com/EGemoI2NTXmTsBVtJqk8jxF9rh8ApRWfsIMQSt2uE4OcpQqbFu7f7NbTK05lx80nuSijCz7sc3a277R67g,"Aplikasinya ringan dan gak ribet, semua informasi transportasi Transjakarta bisa diakses cepat. Pelayanannya juga semakin baik, jadi makin nyaman pakai transportasi umum.",5,0,,2025-08-27 18:53:39,,,
8229a21c-4026-41bf-9c4c-122c0655ff48,Pengguna Google,https://play-lh.googleusercontent.com/EGemoI2NTXmTsBVtJqk8jxF9rh8ApRWfsIMQSt2uE4OcpQqbFu7f7NbTK05lx80nuSijCz7sc3a277R67g,"aplikasi nya membantu banget, dan kalo mau keliling Jakarta juga gampang tinggal naik TJ (transjakarta) aja, tiketnya murah, suka banget sama TJ (transjakarta), the best banget..",5,0,2.7.0,2025-08-27 18:14:31,,,2.7.0
6043433e-8dd6-4362-a420-21a58b8352ec,Pengguna Google,https://play-lh.googleusercontent.com/EGemoI2NTXmTsBVtJqk8jxF9rh8ApRWfsIMQSt2uE4OcpQqbFu7f7NbTK05lx80nuSijCz7sc3a277R67g,"sejak adanya aplikasi ini, aku sebagai perantau jadi lebih mudah memantau bus transjakarta. lebih jelas dan gak bingung lagi buat cara naik bus transjakarta.",5,0,,2025-08-27 18:01:33,,,
d3676fd9-a401-40d9-8202-2c42dafe98ea,Pengguna Google,https://play-lh.googleusercontent.com/EGemoI2NTXmTsBVtJqk8jxF9rh8ApRWfsIMQSt2uE4OcpQqbFu7f7NbTK05lx80nuSijCz7sc3a277R67g,aplikasi nya bagus bngt sih mudahkan dalam mengetahui rute tersedia memberi kemudahan dalam pembayaran,5,0,2.7.0,2025-08-27 17:53:31,,,2.7.0
3fe1f1f4-3475-4c50-922a-e4bb3de752bc,Pengguna Google,https://play-lh.googleusercontent.com/EGemoI2NTXmTsBVtJqk8jxF9rh8ApRWfsIMQSt2uE4OcpQqbFu7f7NbTK05lx80nuSijCz7sc3a277R67g,"Informasi halte dan jadwal bus jelas, fitur pencarian rute akurat. Login cepat, aplikasi ringan dan user friendly. Mobilitas sehari-hari jadi lebih mudah.",5,0,2.7.0,2025-08-27 17:45:01,,,2.7.0
40c6fce7-dc62-44a6-95e0-ce1009bd9240,Pengguna Google,https://play-lh.googleusercontent.com/EGemoI2NTXmTsBVtJqk8jxF9rh8ApRWfsIMQSt2uE4OcpQqbFu7f7NbTK05lx80nuSijCz7sc3a277R67g,sejauh ini transjakarta sangat membantu untuk terhindar dari macet saat bepergian di jakarta,5,0,2.7.0,2025-08-27 17:06:24,,,2.7.0
8cce1995-67e7-417c-89a5-dd71ef60a26e,Pengguna Google,https://play-lh.googleusercontent.com/EGemoI2NTXmTsBVtJqk8jxF9rh8ApRWfsIMQSt2uE4OcpQqbFu7f7NbTK05lx80nuSijCz7sc3a277R67g,"definisi aplikasi simpel tapi fungsional, interfacenya user friendly banget padahal tampilannya simpel bgt tapi kek segala fitur ada di situ mula dari maps, rute, sampek informasi jadwal bus lengkap bangett, cocok buat dipake sehari hari lumayan lah",5,2,2.7.0,2025-08-27 15:17:48,,,2.7.0
54f34556-262c-4cc1-a857-c520670d3ccb,Pengguna Google,https://play-lh.googleusercontent.com/EGemoI2NTXmTsBVtJqk8jxF9rh8ApRWfsIMQSt2uE4OcpQqbFu7f7NbTK05lx80nuSijCz7sc3a277R67g,"paling suka sama apk ini sih buat yang gapunya kndaraan sndri bwt bepergian mnding pake apk ini aja sih, waktu informasinya real time dan fitur rute nya lengkap dan jelas memudahkan bgtt",5,0,2.7.0,2025-08-27 14:51:58,,,2.7.0
a935e026-4415-4e4b-b53c-8be481a6cf22,Pengguna Google,https://play-lh.googleusercontent.com/EGemoI2NTXmTsBVtJqk8jxF9rh8ApRWfsIMQSt2uE4OcpQqbFu7f7NbTK05lx80nuSijCz7sc3a277R67g,"Apl ini sangat membantu saya kalau mau melakukan perjalanan,kita jadi lebih mudah mencari rute dan jdwal bus tnpa lama menunggu",5,0,2.7.0,2025-08-27 14:45:37,,,2.7.0
a0301d4f-8129-4a6b-b19a-fc53512b3e4e,Pengguna Google,https://play-lh.googleusercontent.com/EGemoI2NTXmTsBVtJqk8jxF9rh8ApRWfsIMQSt2uE4OcpQqbFu7f7NbTK05lx80nuSijCz7sc3a277R67g,aplikasi nya bagus tidak ada kendala saat pemakaian,5,0,,2025-08-27 14:14:29,,,
82682d09-5b87-4efa-9a9b-d6eaddfff8ab,Pengguna Google,https://play-lh.googleusercontent.com/EGemoI2NTXmTsBVtJqk8jxF9rh8ApRWfsIMQSt2uE4OcpQqbFu7f7NbTK05lx80nuSijCz7sc3a277R67g,"Tarif yang sangat bersahabat bagi banyak kalangan masyarakat, serta transisi ke bus listrik dan emisi rendah membantu mengurangi polusi udara .",5,0,2.7.0,2025-08-27 13:31:54,,,2.7.0
9b9df506-58b9-4bb0-be75-741156fb06e7,Pengguna Google,https://play-lh.googleusercontent.com/EGemoI2NTXmTsBVtJqk8jxF9rh8ApRWfsIMQSt2uE4OcpQqbFu7f7NbTK05lx80nuSijCz7sc3a277R67g,"Hampir setiap hari saya naik Transjakarta, dan aplikasi ini jadi teman setia. Fitur update posisi bus real-time sangat berguna, nggak perlu lagi bingung bus kapan datang. Praktis banget!",5,0,,2025-08-27 13:30:40,,,
67dbfa35-9ef1-4b85-9b2b-d80fbf5891f5,Pengguna Google,https://play-lh.googleusercontent.com/EGemoI2NTXmTsBVtJqk8jxF9rh8ApRWfsIMQSt2uE4OcpQqbFu7f7NbTK05lx80nuSijCz7sc3a277R67g,"aplikasi nya sngt membantu dan mempermudah perjalanan di Jakarta, informasi juga akurat dan efektif, recomended.",5,0,,2025-08-27 12:46:12,,,
c7e94267-0273-43f0-8ecb-925b54a87256,Pengguna Google,https://play-lh.googleusercontent.com/EGemoI2NTXmTsBVtJqk8jxF9rh8ApRWfsIMQSt2uE4OcpQqbFu7f7NbTK05lx80nuSijCz7sc3a277R67g,"Buat warga Jakarta, aplikasi ini wajib banget di-install. Informasi lengkap tentang rute, halte, bahkan integrasi dengan MRT dan LRT juga ada. Saya paling suka fitur ETA (perkiraan waktu kedatangan bus), meski sesekali masih meleset tapi sangat membantu.",5,0,2.7.0,2025-08-27 11:54:25,,,2.7.0
c7c9b05e-9ea7-4735-981c-33804543362d,Pengguna Google,https://play-lh.googleusercontent.com/EGemoI2NTXmTsBVtJqk8jxF9rh8ApRWfsIMQSt2uE4OcpQqbFu7f7NbTK05lx80nuSijCz7sc3a277R67g,"Aplikasinya lumayan ngebantu, tinggal masukin tujuan langsung keluar rute bus sama halte terdekat. Info posisi bus juga cukup update, jadi bisa siap-siap sebelum bus datang. Cocok banget buat yang tiap hari naik TJ, perjalanan jadi lebih teratur ey",5,0,,2025-08-27 11:34:20,,,
ce711446-632b-4944-ad5f-3dc973028f2b,Pengguna Google,https://play-lh.googleusercontent.com/EGemoI2NTXmTsBVtJqk8jxF9rh8ApRWfsIMQSt2uE4OcpQqbFu7f7NbTK05lx80nuSijCz7sc3a277R67g,pkek trans jkrta lebih cepat dengan macetnya jkrta skrang.. apk in juga enak bisa tau loksi bis smpai mna jdi bisa menyesuai kan waktu kita. pembyaran lebih mudah dan murah lagi.,5,0,,2025-08-27 10:50:46,,,
ad8c3ab7-364d-4406-a016-d887187a0e45,Pengguna Google,https://play-lh.googleusercontent.com/EGemoI2NTXmTsBVtJqk8jxF9rh8ApRWfsIMQSt2uE4OcpQqbFu7f7NbTK05lx80nuSijCz7sc3a277R67g,aplikasinya sangat mudah di gunakan bagi yg mau pake transjakarta bagi kaum mageran dan mageran bisa banget pake aplikasi ini,5,0,2.7.0,2025-08-27 10:43:21,,,2.7.0
956e66c2-57fa-41b6-8bc8-8042524e0923,Pengguna Google,https://play-lh.googleusercontent.com/EGemoI2NTXmTsBVtJqk8jxF9rh8ApRWfsIMQSt2uE4OcpQqbFu7f7NbTK05lx80nuSijCz7sc3a277R67g,"Aplikasi Transjakarta membantu cek rute, halte, dan jadwal bus dengan tampilan simpel serta mudah digunakan. Cocok untuk perjalanan harian maupun wisata di Jakarta.",5,0,2.7.0,2025-08-27 10:13:36,,,2.7.0
fe3adf17-1f2d-43fa-ac1d-66d0202bb428,Pengguna Google,https://play-lh.googleusercontent.com/EGemoI2NTXmTsBVtJqk8jxF9rh8ApRWfsIMQSt2uE4OcpQqbFu7f7NbTK05lx80nuSijCz7sc3a277R67g,sangat memudahkan perjalanan saya dari memilih rute dari saya berada ٫sistem pay juga bisa lewat aplikasi ٫untuk yang setiap hari naik bus seperti saya ini sangat worth it,5,0,,2025-08-27 10:10:48,,,
e939fe5d-a667-4b23-8caa-ad0d1fd9e610,Pengguna Google,https://play-lh.googleusercontent.com/EGemoI2NTXmTsBVtJqk8jxF9rh8ApRWfsIMQSt2uE4OcpQqbFu7f7NbTK05lx80nuSijCz7sc3a277R67g,"Aplikasinya sangat membantu untuk bepergian di Jakarta. Informasi rute dan jadwal bus jelas, tampilannya simpel, serta performanya makin cepat setelah update terbaru. Membuat perjalanan jadi lebih mudah dan nyaman. Terima kasih Transjakarta!""",5,0,,2025-08-27 09:42:00,,,
13424b5c-9fe9-4f39-9651-00b4bdacc503,Pengguna Google,https://play-lh.googleusercontent.com/EGemoI2NTXmTsBVtJqk8jxF9rh8ApRWfsIMQSt2uE4OcpQqbFu7f7NbTK05lx80nuSijCz7sc3a277R67g,"memudahkan banget sih buat beli tiket, aplikasinya juga ringan dan gampang.",5,0,2.7.0,2025-08-27 09:39:15,,,2.7.0
8efec694-7824-4a03-a832-3b3d461eda94,Pengguna Google,https://play-lh.googleusercontent.com/EGemoI2NTXmTsBVtJqk8jxF9rh8ApRWfsIMQSt2uE4OcpQqbFu7f7NbTK05lx80nuSijCz7sc3a277R67g,"aplikasi sangat berguna, cocok bagi saya yang tidak punya kendaraan, sangat membantu sekali dan harganya sangat terjangkau untuk transportasi Transjakarta ini😍",5,0,2.7.0,2025-08-27 09:33:10,,,2.7.0
a9539cc2-834c-413b-a03c-75fc680476ec,Pengguna Google,https://play-lh.googleusercontent.com/EGemoI2NTXmTsBVtJqk8jxF9rh8ApRWfsIMQSt2uE4OcpQqbFu7f7NbTK05lx80nuSijCz7sc3a277R67g,"aplikasi ini membantu banget, rekomend banget untuk mencari rute dan kebarangkatan bus🥰",5,0,2.7.0,2025-08-27 09:31:48,,,2.7.0
846590c3-8db9-464d-83da-2c0da57b9402,Pengguna Google,https://play-lh.googleusercontent.com/EGemoI2NTXmTsBVtJqk8jxF9rh8ApRWfsIMQSt2uE4OcpQqbFu7f7NbTK05lx80nuSijCz7sc3a277R67g,"aplikasi ini sangat membantu dalam proses perjalanan, nyaman dan aman",5,0,2.7.0,2025-08-27 09:24:20,,,2.7.0
4082ec55-921b-4135-afda-939211392e97,Pengguna Google,https://play-lh.googleusercontent.com/EGemoI2NTXmTsBVtJqk8jxF9rh8ApRWfsIMQSt2uE4OcpQqbFu7f7NbTK05lx80nuSijCz7sc3a277R67g,aplikasi Transjakarta yang terbaikk 🤍 pokonya the best bgt 🤍,5,0,,2025-08-27 09:19:33,,,
767a20c4-e077-41c9-b8cd-f88e48e40b06,Pengguna Google,https://play-lh.googleusercontent.com/EGemoI2NTXmTsBVtJqk8jxF9rh8ApRWfsIMQSt2uE4OcpQqbFu7f7NbTK05lx80nuSijCz7sc3a277R67g,"makin hari makin gak jelas ni aplikasi, udah minta update Mulu trus posisi bus gak bisa di track lagi, GPS apps nya eror terus.. dan sekarang saldo e toll gua kepotong gak jelas terus tiap tap di halte maupun tap on the spot di dalam bus",1,14,2.7.0,2025-08-26 23:06:43,,,2.7.0
f824f8fe-785e-48db-8e9e-af838c52e8c3,Pengguna Google,https://play-lh.googleusercontent.com/EGemoI2NTXmTsBVtJqk8jxF9rh8ApRWfsIMQSt2uE4OcpQqbFu7f7NbTK05lx80nuSijCz7sc3a277R67g,"Jadi enak mau kemana"" bisa cek dulu di apk Transjakarta ini, mantap. apknya gampang digunain",5,0,2.7.0,2025-08-26 21:29:26,,,2.7.0
e5409dc0-717a-44fa-ad11-76fc75418f70,Pengguna Google,https://play-lh.googleusercontent.com/EGemoI2NTXmTsBVtJqk8jxF9rh8ApRWfsIMQSt2uE4OcpQqbFu7f7NbTK05lx80nuSijCz7sc3a277R67g,Selama pakai aplikasi ini jadi lebih mudah cek rute dan posisi bus. informasinya pun real-time bikin perjalanan lebih teratur. Semoga terus ditingkatkan biar makin lancar yaa,5,0,2.7.0,2025-08-26 20:12:29,,,2.7.0
7a51e21e-e4f5-472b-b2ca-aeffa71bc2c3,Pengguna Google,https://play-lh.googleusercontent.com/EGemoI2NTXmTsBVtJqk8jxF9rh8ApRWfsIMQSt2uE4OcpQqbFu7f7NbTK05lx80nuSijCz7sc3a277R67g,"apk yang sangat berguna buat orang kaya aku yang suka bingung sama rute tj, ga cuman rute aja disini juga ada haltenya dan kita juga tau waktu keberangkatan bus👌👌",5,0,2.7.0,2025-08-26 19:34:33,,,2.7.0
0e0c4d8c-751b-495a-aec7-dfcbf27daf33,Pengguna Google,https://play-lh.googleusercontent.com/EGemoI2NTXmTsBVtJqk8jxF9rh8ApRWfsIMQSt2uE4OcpQqbFu7f7NbTK05lx80nuSijCz7sc3a277R67g,saya sangat suka aplikasi transjakarta karena sangat bagus dan mudah digunakan agar kita tau rute bus,5,0,2.7.0,2025-08-26 19:31:57,,,2.7.0
f6d4337f-a4c2-4e8a-ab26-ba572b70d5d2,Pengguna Google,https://play-lh.googleusercontent.com/EGemoI2NTXmTsBVtJqk8jxF9rh8ApRWfsIMQSt2uE4OcpQqbFu7f7NbTK05lx80nuSijCz7sc3a277R67g,"app yang sangat luar biasa, terlebih untuk yang baru pertama ke jkt dan pertama pakai tj. penggunaannya sangat mudah untuk dimengerti",5,0,2.7.0,2025-08-26 19:26:59,,,2.7.0
025eac4a-8784-426e-a1a8-cdb118031413,Pengguna Google,https://play-lh.googleusercontent.com/EGemoI2NTXmTsBVtJqk8jxF9rh8ApRWfsIMQSt2uE4OcpQqbFu7f7NbTK05lx80nuSijCz7sc3a277R67g,"Praktis banget, Bisa cek halte terdekat, jadwal bus realtime, dan rute tercepat. Bikin perjalanan jadi lebih hemat waktu",5,0,2.7.0,2025-08-26 17:20:24,,,2.7.0
cf1fc2a4-997f-4db0-9ef7-69d457f7dec0,Pengguna Google,https://play-lh.googleusercontent.com/EGemoI2NTXmTsBVtJqk8jxF9rh8ApRWfsIMQSt2uE4OcpQqbFu7f7NbTK05lx80nuSijCz7sc3a277R67g,"Aplikasi ini memberikan opsi rute terbaik dari lokasi saya ke tujuan, lengkap dengan estimasi waktu tempuh dan informasi transit. Ini sangat membantu terutama saat saya mencoba rute baru atau menghindari kemacetan.",5,0,,2025-08-26 17:19:58,,,
bb1f10b3-35f4-40a0-a764-de34cbe911ca,Pengguna Google,https://play-lh.googleusercontent.com/EGemoI2NTXmTsBVtJqk8jxF9rh8ApRWfsIMQSt2uE4OcpQqbFu7f7NbTK05lx80nuSijCz7sc3a277R67g,"Aplikasi ini memungkinkan saya menemukan rute bus, jarak tempuh, lokasi halte, serta dapat melacak bus/mikrolet yang ada. Fitur pencariannya juga sangat membantu. Teman teman perlu mendownload aplikasi ini karena sangat membantu jadi tidak perlu pusing mencari rute dan lokasi halte",5,0,,2025-08-26 17:03:32,,,
fb14d3fe-7598-47b6-8b76-fd9f7c20770e,Pengguna Google,https://play-lh.googleusercontent.com/EGemoI2NTXmTsBVtJqk8jxF9rh8ApRWfsIMQSt2uE4OcpQqbFu7f7NbTK05lx80nuSijCz7sc3a277R67g,"apk Transjakarta sangat membantu aku yg hampir setiap hari bolak-balik bekasi-jakarta huhuhu.. bisa liat jadwal terupdate bisa liat rute juga Aaaaa super keren, praktis dan ngebantuuu bgtt luv!",5,0,2.7.0,2025-08-26 16:41:45,,,2.7.0
d4fea91e-d352-4545-b5c4-1ca64684ff5a,Pengguna Google,https://play-lh.googleusercontent.com/EGemoI2NTXmTsBVtJqk8jxF9rh8ApRWfsIMQSt2uE4OcpQqbFu7f7NbTK05lx80nuSijCz7sc3a277R67g,"aplikasi sangat bermanfaat, gampang menemukan rute dan bus terdekat, jadi gabakalan lambat kerja lagii selagi ada apk ini",5,0,2.7.0,2025-08-26 16:35:01,,,2.7.0
1fac50e3-87b4-41f8-8c3d-684012b7ece5,Pengguna Google,https://play-lh.googleusercontent.com/EGemoI2NTXmTsBVtJqk8jxF9rh8ApRWfsIMQSt2uE4OcpQqbFu7f7NbTK05lx80nuSijCz7sc3a277R67g,"Dengan aplikasi transjakarta, manajemen pengaturan waktu perjalanan lebih efisien, pengecekan real time, dengan adanya aplikasi transjakarta perjalanan lebih mudah",5,0,2.7.0,2025-08-26 16:29:21,,,2.7.0
678ae7ce-1066-4d4f-9fbb-5fdbedbb76c3,Pengguna Google,https://play-lh.googleusercontent.com/EGemoI2NTXmTsBVtJqk8jxF9rh8ApRWfsIMQSt2uE4OcpQqbFu7f7NbTK05lx80nuSijCz7sc3a277R67g,"setiap kali ke kota, aplikasi ini sangat memudahkan saya dalam menemukan halte terdekat, anti ribet juga praktis sekali.",5,0,2.7.0,2025-08-26 16:25:24,,,2.7.0
88752cf1-ff5f-4fe1-aced-19fea72c3984,Pengguna Google,https://play-lh.googleusercontent.com/EGemoI2NTXmTsBVtJqk8jxF9rh8ApRWfsIMQSt2uE4OcpQqbFu7f7NbTK05lx80nuSijCz7sc3a277R67g,"transjakarta sangat memudahkan perjalanan muter muter jakarta dengan murah, dengan adanya apk ini memudahkan saya untuk memesan tiket, melihat kapan tj tiba, melihat rute, dll. lovv bngtt sangat transjakarta",5,0,,2025-08-26 16:17:52,,,
92bbdf97-5434-437e-9d52-deaaf26caba9,Pengguna Google,https://play-lh.googleusercontent.com/EGemoI2NTXmTsBVtJqk8jxF9rh8ApRWfsIMQSt2uE4OcpQqbFu7f7NbTK05lx80nuSijCz7sc3a277R67g,"Aplikasi ini sangat membantu! Info rute dan posisi bus akurat, antarmuka mudah dipakai, dan fitur kepadatan penumpang bikin perjalanan makin nyaman. Wajib punya buat pengguna Transjakarta!",5,2,,2025-08-26 16:08:31,,,
b067627c-f6ab-4c4a-b958-0b1ec0328c9a,Pengguna Google,https://play-lh.googleusercontent.com/EGemoI2NTXmTsBVtJqk8jxF9rh8ApRWfsIMQSt2uE4OcpQqbFu7f7NbTK05lx80nuSijCz7sc3a277R67g,"Jangkauan luas, harga terjangkau, jalur khusus, integrasi, peningkatan armada... rekomendasi bgtt sih buat kalian",5,0,2.7.0,2025-08-26 15:56:40,,,2.7.0
6f215162-1a7f-4d10-9f97-985e67cd2e7d,Pengguna Google,https://play-lh.googleusercontent.com/EGemoI2NTXmTsBVtJqk8jxF9rh8ApRWfsIMQSt2uE4OcpQqbFu7f7NbTK05lx80nuSijCz7sc3a277R67g,"Praktis banget! Tinggal buka aplikasi bisa langsung lihat halte terdekat, rute, dan estimasi kedatangan bus. Selalu membantu tiap kali mau pergi tanpa bingung. Semoga terus dikembangkan biar makin lengkap fiturnya.",5,6,2.7.0,2025-08-26 14:58:31,,,2.7.0
399adca5-e775-470a-ad33-d32351a03ff2,Pengguna Google,https://play-lh.googleusercontent.com/EGemoI2NTXmTsBVtJqk8jxF9rh8ApRWfsIMQSt2uE4OcpQqbFu7f7NbTK05lx80nuSijCz7sc3a277R67g,"Aplikasinya sangat membantu untuk mengecek rute dan jadwal bus, jadi lebih mudah merencanakan perjalanan. Tampilan sederhana, informasi jelas, dan update lokasi bus real-time bikin nggak bingung lagi. Cocok banget buat yang sering naik TransJakarta!",5,0,,2025-08-26 14:54:32,,,
00eab67d-4e9e-488d-980e-66b5e3acbbdd,Pengguna Google,https://play-lh.googleusercontent.com/EGemoI2NTXmTsBVtJqk8jxF9rh8ApRWfsIMQSt2uE4OcpQqbFu7f7NbTK05lx80nuSijCz7sc3a277R67g,Aplikasi ini sangatlah bagus mempermudah untuk perjalanan prakti banget tinggal buka di hp dan aku dpt mengetahui Halte dan Rute yang mau aku tuju Love banget terus berkembang dengan baik yah developer ☺️🫶,5,0,2.7.0,2025-08-26 14:50:14,,,2.7.0
cab978a6-32d6-496c-b50c-670d0f4cb020,Pengguna Google,https://play-lh.googleusercontent.com/EGemoI2NTXmTsBVtJqk8jxF9rh8ApRWfsIMQSt2uE4OcpQqbFu7f7NbTK05lx80nuSijCz7sc3a277R67g,"aplikasi yang bikin saya gak kesulitan lagi buat naik transjakarta. bisa mantau perjalanan bus secara real, ada cek rute dan jadwal, gak bikin lagi ketinggalan dan salah naik.",5,0,2.7.0,2025-08-26 14:34:20,,,2.7.0
d30d81bc-4baa-4672-9cb2-6b11dd4dc7c2,Pengguna Google,https://play-lh.googleusercontent.com/EGemoI2NTXmTsBVtJqk8jxF9rh8ApRWfsIMQSt2uE4OcpQqbFu7f7NbTK05lx80nuSijCz7sc3a277R67g,aplikasi yang sangat bermanfaat dengan aplikasi ini saya bisa menjelajahi jakarta lebih mudah terima kasih transjakarta karena sudah membuat aplikasi ini,5,0,2.7.0,2025-08-26 14:26:25,,,2.7.0
5a6c3b25-1b35-45bf-9c62-041aa0fcd79f,Pengguna Google,https://play-lh.googleusercontent.com/EGemoI2NTXmTsBVtJqk8jxF9rh8ApRWfsIMQSt2uE4OcpQqbFu7f7NbTK05lx80nuSijCz7sc3a277R67g,bagus bangett biar ga ketinggalan biss dan sangat membantu buat pendatang seperti saya,5,0,2.7.0,2025-08-26 14:20:19,,,2.7.0
1ec0f28f-104f-4b26-ae2c-551c7aad5800,Pengguna Google,https://play-lh.googleusercontent.com/EGemoI2NTXmTsBVtJqk8jxF9rh8ApRWfsIMQSt2uE4OcpQqbFu7f7NbTK05lx80nuSijCz7sc3a277R67g,kemaren kan saya kesiangan berangkat kerja.untungnya ada busway.jadi kagak macet.walaupun jalan raya lagi macet macetnya.alhamdulilah sampai tepat waktu.,5,0,2.7.0,2025-08-26 14:15:20,,,2.7.0
fce11237-27e6-4633-94e2-eeb098ee5ccb,Pengguna Google,https://play-lh.googleusercontent.com/EGemoI2NTXmTsBVtJqk8jxF9rh8ApRWfsIMQSt2uE4OcpQqbFu7f7NbTK05lx80nuSijCz7sc3a277R67g,"menurut aku pribadi dgn adanya transportasi kayak Transjakarta memudahkan utk pengguna dalam berpergian selain aman dan nyaman , ongkos nya pun murah dan flat fee , selain itu bisa terhindar dari kemacetan jgn dan minim resiko kejahatan , 😁",5,0,2.7.0,2025-08-26 14:14:32,,,2.7.0
1eaea119-56de-4663-ae77-492c99672a89,Pengguna Google,https://play-lh.googleusercontent.com/EGemoI2NTXmTsBVtJqk8jxF9rh8ApRWfsIMQSt2uE4OcpQqbFu7f7NbTK05lx80nuSijCz7sc3a277R67g,Aplikasi Transjakarta memungkinkan saya untuk merencanakan perjalanan dengan lebih mudah. Saya bisa memantau posisi bus secara realtime. Aktivis saya juga tidak terkendala dan lancar.. Terimakasih aplikasi Transjakarta..,5,0,2.7.0,2025-08-26 14:10:28,,,2.7.0
2505a095-5784-4bd6-836d-186c956ceff5,Pengguna Google,https://play-lh.googleusercontent.com/EGemoI2NTXmTsBVtJqk8jxF9rh8ApRWfsIMQSt2uE4OcpQqbFu7f7NbTK05lx80nuSijCz7sc3a277R67g,"aplikasi ini membantu banget untuk aku yang baru pindah jakarta dan sering naik transportasi umum, memudahkan banget dan jadi ngerasa aman ga takut kesasar kalo berpergian",5,0,2.7.0,2025-08-26 14:04:30,,,2.7.0
08b8ff61-611d-493e-984f-d63a9c329461,Pengguna Google,https://play-lh.googleusercontent.com/EGemoI2NTXmTsBVtJqk8jxF9rh8ApRWfsIMQSt2uE4OcpQqbFu7f7NbTK05lx80nuSijCz7sc3a277R67g,"aku suka pake TransJakarta! Fiturnya lengkap, rute busnya jelas, dan estimasi waktunya pun akurat. Proses top-up juga mudah, bikin aku lebih mudah dan nyaman naik bus TransJakarta",5,0,,2025-08-26 13:55:59,,,
5fbdd729-765f-4d52-9e98-07945664e6f0,Pengguna Google,https://play-lh.googleusercontent.com/EGemoI2NTXmTsBVtJqk8jxF9rh8ApRWfsIMQSt2uE4OcpQqbFu7f7NbTK05lx80nuSijCz7sc3a277R67g,"aplikasinya simple, jelas, dan gampang dipakai. Rute dan saldo langsung kelihatan, jadi naik Transjakarta lebih praktis dan ga ribet",5,0,,2025-08-25 15:47:27,,,
80d47c02-691b-4048-a147-ef2ace477b8e,Pengguna Google,https://play-lh.googleusercontent.com/EGemoI2NTXmTsBVtJqk8jxF9rh8ApRWfsIMQSt2uE4OcpQqbFu7f7NbTK05lx80nuSijCz7sc3a277R67g,"transjakarta sangat memudahkan bagi orng yang baru pertama kali naik busway, karena ada rute yg jelas dan bisa tracking kapan datangnya busway",5,0,2.7.0,2025-08-25 14:27:45,,,2.7.0
99faddab-39b7-4800-8d46-c79df8291f51,Pengguna Google,https://play-lh.googleusercontent.com/EGemoI2NTXmTsBVtJqk8jxF9rh8ApRWfsIMQSt2uE4OcpQqbFu7f7NbTK05lx80nuSijCz7sc3a277R67g,"transjakarta sangat membatu, untuk melihat jadwal keberangkatan busway, dan nge tracking busway sudah dimna",5,0,2.7.0,2025-08-25 07:01:05,,,2.7.0
d9b0d058-5555-4757-aeea-31d9a0e7eeab,Pengguna Google,https://play-lh.googleusercontent.com/EGemoI2NTXmTsBVtJqk8jxF9rh8ApRWfsIMQSt2uE4OcpQqbFu7f7NbTK05lx80nuSijCz7sc3a277R67g,"Mantap aplikasi Transjakarta, mudah di gunakan dan gak ribet, simple banget pokoknya, best lah Transjakarta sukses pokoknya😁",5,0,,2025-08-25 02:06:39,,,
731d26ce-2b3b-4e24-a2a4-d029e9fdbe5f,Pengguna Google,https://play-lh.googleusercontent.com/EGemoI2NTXmTsBVtJqk8jxF9rh8ApRWfsIMQSt2uE4OcpQqbFu7f7NbTK05lx80nuSijCz7sc3a277R67g,suka eror buka peta lama,3,0,2.7.0,2025-08-25 02:00:00,,,2.7.0
2604192a-6548-4031-b89f-54b467f91660,Pengguna Google,https://play-lh.googleusercontent.com/EGemoI2NTXmTsBVtJqk8jxF9rh8ApRWfsIMQSt2uE4OcpQqbFu7f7NbTK05lx80nuSijCz7sc3a277R67g,"Aplikasi Transjakarta sangat membantu buat mobilitas sehari-hari. Registrasi gampang, tampilan aplikasinya jelas dan mudah dipahami. Paling suka fitur info rute dan jadwal bus, jadi lebih teratur kalau mau berangkat kerja. Bayar tiket juga jadi lebih praktis lewat aplikasi ini. 👍",5,0,,2025-08-24 19:41:25,,,
03fe41a6-2f87-4e19-a8b2-2f0754033e49,Pengguna Google,https://play-lh.googleusercontent.com/EGemoI2NTXmTsBVtJqk8jxF9rh8ApRWfsIMQSt2uE4OcpQqbFu7f7NbTK05lx80nuSijCz7sc3a277R67g,"Transjakarta ini sangat mempermudah saya dalam menemukan rute perjalanan dan jadwal bus terdekat, posisi bus juga sangat akurat. Mantap 👍🏻",5,0,,2025-08-24 18:06:43,,,
18c2cc7b-c823-45f8-8b3e-d4fcadcbdc69,Pengguna Google,https://play-lh.googleusercontent.com/EGemoI2NTXmTsBVtJqk8jxF9rh8ApRWfsIMQSt2uE4OcpQqbFu7f7NbTK05lx80nuSijCz7sc3a277R67g,"aplikasi Transjakarta sangat membantu sekali, kita Jd tau posisi dan jadwal keberangkatan dan kedatangan bus, terima kasih",5,0,,2025-08-24 17:28:22,,,
d2d6d670-b0a6-4fb4-9836-7a2e65c97375,Pengguna Google,https://play-lh.googleusercontent.com/EGemoI2NTXmTsBVtJqk8jxF9rh8ApRWfsIMQSt2uE4OcpQqbFu7f7NbTK05lx80nuSijCz7sc3a277R67g,Aplikasi Transjakarta sangat membantu! Antarmukanya sederhana dan mudah digunakan. Informasi jadwal bus dan rute sangat lengkap dan akurat. Sekarang naik bus jadi lebih nyaman karena bisa cek estimasi waktu kedatangan langsung dari aplikasi. Semoga ke depannya terus dikembangkan fitur-fiturnya. Terima kasih Transjakarta,5,3,2.7.0,2025-08-24 16:21:47,,,2.7.0
a411d3f2-1707-47c0-b720-db85c3aa5f1a,Pengguna Google,https://play-lh.googleusercontent.com/EGemoI2NTXmTsBVtJqk8jxF9rh8ApRWfsIMQSt2uE4OcpQqbFu7f7NbTK05lx80nuSijCz7sc3a277R67g,"Transjakarta emang ngebantu banget buat aktivitas sehari hariku, harganya juga terjangkau, terus bisa liat rute nya juga jadi ga takut nyasar, lebih efektif dan efisien tentunya",5,0,2.7.0,2025-08-24 16:03:29,,,2.7.0
14edafc2-1947-44b6-91be-d8711c9027e3,Pengguna Google,https://play-lh.googleusercontent.com/EGemoI2NTXmTsBVtJqk8jxF9rh8ApRWfsIMQSt2uE4OcpQqbFu7f7NbTK05lx80nuSijCz7sc3a277R67g,tracking bus jadi gampang banget sebagai orang yng baru pindah kerja ke jakarta aku jdi ga bingung lagi,5,0,2.7.0,2025-08-24 15:51:53,,,2.7.0
2b6e2461-2862-4044-9ffe-937a6646aff8,Pengguna Google,https://play-lh.googleusercontent.com/EGemoI2NTXmTsBVtJqk8jxF9rh8ApRWfsIMQSt2uE4OcpQqbFu7f7NbTK05lx80nuSijCz7sc3a277R67g,"Fiturnya lengkap, good joob trans jakarta",5,0,2.7.0,2025-08-24 15:33:24,,,2.7.0
224e24e4-0bd9-4ca8-ad9a-3f28bcd2bfdc,Pengguna Google,https://play-lh.googleusercontent.com/EGemoI2NTXmTsBVtJqk8jxF9rh8ApRWfsIMQSt2uE4OcpQqbFu7f7NbTK05lx80nuSijCz7sc3a277R67g,"terkadang icon busway 5M hilang, tapi selebihnya lumayan akurat",4,0,2.7.0,2025-08-24 15:02:55,,,2.7.0
6968040b-05ee-4dd5-8d06-a7996db3bae8,Pengguna Google,https://play-lh.googleusercontent.com/EGemoI2NTXmTsBVtJqk8jxF9rh8ApRWfsIMQSt2uE4OcpQqbFu7f7NbTK05lx80nuSijCz7sc3a277R67g,"aplikasi yang sangat membantu bagi penumpang Transjakarta. kemana mana jadi lebih mudah pakai aplikasi ini. bisa menemukan halte terdekat dengan cepat, sangat membantu 😁",5,0,2.7.0,2025-08-24 14:32:31,,,2.7.0
11d29fec-eb7d-42a4-b5e3-f6ddecb1a534,Pengguna Google,https://play-lh.googleusercontent.com/EGemoI2NTXmTsBVtJqk8jxF9rh8ApRWfsIMQSt2uE4OcpQqbFu7f7NbTK05lx80nuSijCz7sc3a277R67g,Transjakarta apk ini sangat membantu dan cocok buat berpergian,5,0,2.7.0,2025-08-24 14:22:39,,,2.7.0
ec754513-447a-4b72-b202-b1334634b625,Pengguna Google,https://play-lh.googleusercontent.com/EGemoI2NTXmTsBVtJqk8jxF9rh8ApRWfsIMQSt2uE4OcpQqbFu7f7NbTK05lx80nuSijCz7sc3a277R67g,Ini kenapa aplikasi nya bermasalah ya? Saya ingin memilih lokasi malah refersh sendiri apl nya saya ingin mencari rute juga seperti itu mohon di perbaiki,1,0,,2025-08-24 10:22:24,,,
57860cf5-b523-4189-af42-bd01b164f627,Pengguna Google,https://play-lh.googleusercontent.com/EGemoI2NTXmTsBVtJqk8jxF9rh8ApRWfsIMQSt2uE4OcpQqbFu7f7NbTK05lx80nuSijCz7sc3a277R67g,ketinggalan barang di busway 1 dus terus 1 jam kemudian bikin laporan sampai sekarang gak ada kabar nya pelayanan buruk keamanan tidak menjamin,1,0,,2025-08-23 10:27:26,,,
86b1f528-8076-42e5-b9cd-68bd375df9bc,Pengguna Google,https://play-lh.googleusercontent.com/EGemoI2NTXmTsBVtJqk8jxF9rh8ApRWfsIMQSt2uE4OcpQqbFu7f7NbTK05lx80nuSijCz7sc3a277R67g,"Aplikasinya cukup membantu banget buat cek rute busway. Tinggal buka, langsung tau halte terdekat dan posisi bus. Kadang infonya telat dikit, tapi tetap jauh lebih enak daripada nunggu tanpa kepastian. Simpel, ringan, dan kepake banget tiap hari. 👍",5,3,2.7.0,2025-08-22 19:36:59,,,2.7.0
9719ff33-ac72-4a5a-99aa-80b17195a032,Pengguna Google,https://play-lh.googleusercontent.com/EGemoI2NTXmTsBVtJqk8jxF9rh8ApRWfsIMQSt2uE4OcpQqbFu7f7NbTK05lx80nuSijCz7sc3a277R67g,"Jelek bgt masih banyak bug & ngelag, sinyal lancar padahal, tolong diperbaiki.",1,6,2.7.0,2025-08-22 10:16:33,,,2.7.0
39dde420-9e92-4228-9892-286e5bc1bb24,Pengguna Google,https://play-lh.googleusercontent.com/EGemoI2NTXmTsBVtJqk8jxF9rh8ApRWfsIMQSt2uE4OcpQqbFu7f7NbTK05lx80nuSijCz7sc3a277R67g,Lemot,2,0,2.7.0,2025-08-21 20:52:38,,,2.7.0
b406cdd8-d81c-43d6-b348-5caf409ade9e,Pengguna Google,https://play-lh.googleusercontent.com/EGemoI2NTXmTsBVtJqk8jxF9rh8ApRWfsIMQSt2uE4OcpQqbFu7f7NbTK05lx80nuSijCz7sc3a277R67g,แอปพลิเคชันนี้ยอดเยี่ยมมากและสมควรได้รับคะแนนห้าดาว แอปนี้ถูกออกแบบมาอย่างสมบูรณ์แบบเพื่อช่วยผู้ใช้ในการทำงานประจำวันได้อย่างมีประสิทธิภาพมากยิ่งขึ้น,5,0,2.7.0,2025-08-21 13:56:56,,,2.7.0
07f74c0d-c9c3-4064-a2b8-13dbf8abc31c,Pengguna Google,https://play-lh.googleusercontent.com/EGemoI2NTXmTsBVtJqk8jxF9rh8ApRWfsIMQSt2uE4OcpQqbFu7f7NbTK05lx80nuSijCz7sc3a277R67g,"ikh gak jelas aplikasinya, mo daftar aja loading melulu nanti balik lagi ke pendaftaran. Gak jelas banget sumpah!",1,0,,2025-08-21 08:18:00,,,
571eb100-bc83-47c3-ab31-018121d1fe29,Pengguna Google,https://play-lh.googleusercontent.com/EGemoI2NTXmTsBVtJqk8jxF9rh8ApRWfsIMQSt2uE4OcpQqbFu7f7NbTK05lx80nuSijCz7sc3a277R67g,membantu,5,0,2.7.0,2025-08-19 17:14:58,,,2.7.0
b030eb55-53a3-4edb-8c66-618840bbc007,Pengguna Google,https://play-lh.googleusercontent.com/EGemoI2NTXmTsBVtJqk8jxF9rh8ApRWfsIMQSt2uE4OcpQqbFu7f7NbTK05lx80nuSijCz7sc3a277R67g,suka suka banget tj ....kadang lama banget dateng nya heran,3,0,2.7.0,2025-08-17 23:16:47,,,2.7.0
3e92868e-4ca4-46cf-9268-5924e6314b64,Pengguna Google,https://play-lh.googleusercontent.com/EGemoI2NTXmTsBVtJqk8jxF9rh8ApRWfsIMQSt2uE4OcpQqbFu7f7NbTK05lx80nuSijCz7sc3a277R67g,"Apk nya membantu banget, jadi lebih praktis.",5,0,2.7.0,2025-08-17 19:55:58,,,2.7.0
7d6445a1-fa27-445f-aa16-8b9166d01305,Pengguna Google,https://play-lh.googleusercontent.com/EGemoI2NTXmTsBVtJqk8jxF9rh8ApRWfsIMQSt2uE4OcpQqbFu7f7NbTK05lx80nuSijCz7sc3a277R67g,"membantu banget, buat perjalanan ke sekolah, makasi tj",5,0,2.7.0,2025-08-16 17:46:57,,,2.7.0
dcfd0134-49fb-4da3-a52e-544638e8a9d7,Pengguna Google,https://play-lh.googleusercontent.com/EGemoI2NTXmTsBVtJqk8jxF9rh8ApRWfsIMQSt2uE4OcpQqbFu7f7NbTK05lx80nuSijCz7sc3a277R67g,"di dalam bus TJ Ciputat Kp.Rambutan belum bisa scan barcode, Aplikasinya belum siap digunakan saldonya jadi terpotong 😔",3,0,2.7.0,2025-08-16 12:03:48,,,2.7.0
63d7cab5-145a-490a-b529-3ff7db430048,Pengguna Google,https://play-lh.googleusercontent.com/EGemoI2NTXmTsBVtJqk8jxF9rh8ApRWfsIMQSt2uE4OcpQqbFu7f7NbTK05lx80nuSijCz7sc3a277R67g,top,5,0,2.6.0,2025-08-16 07:23:27,,,2.6.0
4985f841-f38d-44ef-a22f-1d593c650d16,Pengguna Google,https://play-lh.googleusercontent.com/EGemoI2NTXmTsBVtJqk8jxF9rh8ApRWfsIMQSt2uE4OcpQqbFu7f7NbTK05lx80nuSijCz7sc3a277R67g,"saya pengguna tije saya suka sekali dengan adanya aplikasi ini,tapi kendala dan keluhan serta saran saya: ""tolong diperbaiki alat sensor pintu in/out pada setiap haltenya. bintang satu ini bukti tije akan pernah bisa memberi kelancaran penggunanya untuk tap in/tap out",1,0,,2025-08-16 05:51:39,,,
106bfe16-bc39-4a24-8520-1c63658c52d4,Pengguna Google,https://play-lh.googleusercontent.com/EGemoI2NTXmTsBVtJqk8jxF9rh8ApRWfsIMQSt2uE4OcpQqbFu7f7NbTK05lx80nuSijCz7sc3a277R67g,Good,5,0,,2025-08-15 15:49:58,,,
faed08c5-e1e1-4c3d-9475-002b512095f4,Pengguna Google,https://play-lh.googleusercontent.com/EGemoI2NTXmTsBVtJqk8jxF9rh8ApRWfsIMQSt2uE4OcpQqbFu7f7NbTK05lx80nuSijCz7sc3a277R67g,👍,5,0,2.7.0,2025-08-15 14:54:40,,,2.7.0
6f3d397c-543b-4e87-8b27-82fbe4b74857,Pengguna Google,https://play-lh.googleusercontent.com/EGemoI2NTXmTsBVtJqk8jxF9rh8ApRWfsIMQSt2uE4OcpQqbFu7f7NbTK05lx80nuSijCz7sc3a277R67g,sangat membantu,5,0,,2025-08-15 13:43:53,,,
3579d0e6-f54a-4c89-9db5-9d13af8f12fc,Pengguna Google,https://play-lh.googleusercontent.com/EGemoI2NTXmTsBVtJqk8jxF9rh8ApRWfsIMQSt2uE4OcpQqbFu7f7NbTK05lx80nuSijCz7sc3a277R67g,lebih sering nge lag daripada fungsi. penggunaan harus dekat dengan halte. tidak bis pantau bus dari rumah.,2,0,2.6.0,2025-08-15 06:09:14,,,2.6.0
8c0a893a-ca72-48f6-9c8a-257e0a44801c,Pengguna Google,https://play-lh.googleusercontent.com/EGemoI2NTXmTsBVtJqk8jxF9rh8ApRWfsIMQSt2uE4OcpQqbFu7f7NbTK05lx80nuSijCz7sc3a277R67g,"abis update malah loading terus, gabisa liat traking, aplikaai gk bisa dipake",1,3,2.7.0,2025-08-14 18:48:58,,,2.7.0
37c54756-e8fc-45cf-8faa-299abee65f2c,Pengguna Google,https://play-lh.googleusercontent.com/EGemoI2NTXmTsBVtJqk8jxF9rh8ApRWfsIMQSt2uE4OcpQqbFu7f7NbTK05lx80nuSijCz7sc3a277R67g,mantap,5,0,2.6.0,2025-08-14 16:41:31,,,2.6.0
039d8d1c-589e-4fb3-b1d5-d0164cc0b88f,Pengguna Google,https://play-lh.googleusercontent.com/EGemoI2NTXmTsBVtJqk8jxF9rh8ApRWfsIMQSt2uE4OcpQqbFu7f7NbTK05lx80nuSijCz7sc3a277R67g,aplikasi aneh data bus suka ga akurat ni jaringan bagus tapi server tidak terkoneksi melulu pea bener,2,0,2.6.0,2025-08-14 12:32:19,,,2.6.0
d230f4a2-25b3-4b39-ad83-9385a7de1a0d,Pengguna Google,https://play-lh.googleusercontent.com/EGemoI2NTXmTsBVtJqk8jxF9rh8ApRWfsIMQSt2uE4OcpQqbFu7f7NbTK05lx80nuSijCz7sc3a277R67g,nice jadi tau tempat bis,5,0,2.6.0,2025-08-13 23:37:00,,,2.6.0
110ba41b-d721-4ad3-99f0-f37d41265abc,Pengguna Google,https://play-lh.googleusercontent.com/EGemoI2NTXmTsBVtJqk8jxF9rh8ApRWfsIMQSt2uE4OcpQqbFu7f7NbTK05lx80nuSijCz7sc3a277R67g,naise,5,0,,2025-08-13 20:30:32,,,
3d00bc3a-159b-4e21-adb2-b6e75980fdfa,Pengguna Google,https://play-lh.googleusercontent.com/EGemoI2NTXmTsBVtJqk8jxF9rh8ApRWfsIMQSt2uE4OcpQqbFu7f7NbTK05lx80nuSijCz7sc3a277R67g,sangat membantu 💯,5,0,2.6.0,2025-08-13 19:22:24,,,2.6.0
69f685df-e461-4933-a42f-966b2e845a2a,Pengguna Google,https://play-lh.googleusercontent.com/EGemoI2NTXmTsBVtJqk8jxF9rh8ApRWfsIMQSt2uE4OcpQqbFu7f7NbTK05lx80nuSijCz7sc3a277R67g,Good apply,5,0,2.4.0,2025-08-13 18:47:48,,,2.4.0
52cff165-277b-4369-b143-453ab3cb5c0e,Pengguna Google,https://play-lh.googleusercontent.com/EGemoI2NTXmTsBVtJqk8jxF9rh8ApRWfsIMQSt2uE4OcpQqbFu7f7NbTK05lx80nuSijCz7sc3a277R67g,"real aplikasi jembut gara gara app ini gua nunggu sampai hampir sejam tau gitu gua jalan aja cok, masa di app 4 menit tapi kaga nongol nongol hampir sejam kan jembut amburadul bgt ni tetep bagusan trafi kemana-mana",1,0,2.6.0,2025-08-12 20:49:25,,,2.6.0
13d57717-2580-4846-bf4c-cbca6d33f487,Pengguna Google,https://play-lh.googleusercontent.com/EGemoI2NTXmTsBVtJqk8jxF9rh8ApRWfsIMQSt2uE4OcpQqbFu7f7NbTK05lx80nuSijCz7sc3a277R67g,ndaftar nya ribet gagal terus,2,1,2.6.0,2025-08-10 17:54:56,,,2.6.0
5788abe9-e4fc-49ac-86a7-ab55e27d828b,Pengguna Google,https://play-lh.googleusercontent.com/EGemoI2NTXmTsBVtJqk8jxF9rh8ApRWfsIMQSt2uE4OcpQqbFu7f7NbTK05lx80nuSijCz7sc3a277R67g,"Aplikasi Transjakarta sangat membantu perjalanan di Jakarta karena menyediakan informasi rute dan jadwal bus secara jelas dan akurat, lengkap dengan peta halte terdekat serta estimasi waktu kedatangan.Dengan aplikasi ini, menggunakan transportasi umum jadi lebih praktis, efisien, dan nyaman, sehingga mendorong masyarakat untuk beralih dari kendaraan pribadi ke moda yang lebih ramah lingkungan. Rating dari saya 10/10 ❤️",5,0,,2025-08-09 18:28:01,,,
44e7506a-4dbd-4e7d-a2fb-7e0d8b74a125,Pengguna Google,https://play-lh.googleusercontent.com/EGemoI2NTXmTsBVtJqk8jxF9rh8ApRWfsIMQSt2uE4OcpQqbFu7f7NbTK05lx80nuSijCz7sc3a277R67g,"aku baru bgt di Jkt, kalo disuruh milih transportasi apa yg paling nyaman? ya cuma transjakarta sih. nyaman adem cepet sampainya... dahlah ok bgt",5,0,2.6.0,2025-08-09 11:10:24,,,2.6.0
d2f53cd3-e84b-4f52-9a20-2721474cae0e,Pengguna Google,https://play-lh.googleusercontent.com/EGemoI2NTXmTsBVtJqk8jxF9rh8ApRWfsIMQSt2uE4OcpQqbFu7f7NbTK05lx80nuSijCz7sc3a277R67g,"buat yang mau hemat pilihan terbaik ya naik kendaraan umum ya, best choice menurut aku ya Transjakarta aja. murah bersih nyaman pokonya selama aku naik masih okok aja dan worthit ...",5,0,2.6.0,2025-08-09 09:42:14,,,2.6.0
9cbcc0a1-f7e4-43d9-93a0-5b4913e979ad,Pengguna Google,https://play-lh.googleusercontent.com/EGemoI2NTXmTsBVtJqk8jxF9rh8ApRWfsIMQSt2uE4OcpQqbFu7f7NbTK05lx80nuSijCz7sc3a277R67g,"jelek banget, bapuk",1,0,2.5.1,2025-08-08 07:51:47,,,2.5.1
1099ffa9-b7ae-4521-b2d0-6027e1e4313f,Pengguna Google,https://play-lh.googleusercontent.com/EGemoI2NTXmTsBVtJqk8jxF9rh8ApRWfsIMQSt2uE4OcpQqbFu7f7NbTK05lx80nuSijCz7sc3a277R67g,"jelek, kalo pagi rute Bogornya suka gaada info jalurnya dan belakangan ini telat mulu",1,0,2.6.0,2025-08-08 05:49:01,,,2.6.0
8275cb9b-7928-40c0-b3f8-a1debf8209c6,Pengguna Google,https://play-lh.googleusercontent.com/EGemoI2NTXmTsBVtJqk8jxF9rh8ApRWfsIMQSt2uE4OcpQqbFu7f7NbTK05lx80nuSijCz7sc3a277R67g,"APLIKASI INII BENER BENER NGEBANTU BANGETT PLSS🤩, bisa cari rute, cari infomasi rute dan cari bus!! , pokoknya ga nyesel download aplikasi ini 😍🤍",5,0,2.6.0,2025-08-07 19:09:03,,,2.6.0
fab19610-eed2-4b95-87d0-98f22faabac2,Pengguna Google,https://play-lh.googleusercontent.com/EGemoI2NTXmTsBVtJqk8jxF9rh8ApRWfsIMQSt2uE4OcpQqbFu7f7NbTK05lx80nuSijCz7sc3a277R67g,"aplikasi yang sangat membantu, jadi memudahkan kita semua untuk mengetahui rute, dll , keren banget sih apk ini😻",5,0,2.6.0,2025-08-07 19:06:09,,,2.6.0
fe53a90d-954d-4a45-bb10-625a0a2179ac,Pengguna Google,https://play-lh.googleusercontent.com/EGemoI2NTXmTsBVtJqk8jxF9rh8ApRWfsIMQSt2uE4OcpQqbFu7f7NbTK05lx80nuSijCz7sc3a277R67g,APLIKASI GAK GUNA,1,0,,2025-08-06 19:58:20,,,
e5962280-f79f-46e4-8214-d573393d4452,Pengguna Google,https://play-lh.googleusercontent.com/EGemoI2NTXmTsBVtJqk8jxF9rh8ApRWfsIMQSt2uE4OcpQqbFu7f7NbTK05lx80nuSijCz7sc3a277R67g,keren,5,0,2.6.0,2025-08-06 13:51:12,,,2.6.0
8c0ab700-79c5-4790-9a6f-a2daf5bebc09,Pengguna Google,https://play-lh.googleusercontent.com/EGemoI2NTXmTsBVtJqk8jxF9rh8ApRWfsIMQSt2uE4OcpQqbFu7f7NbTK05lx80nuSijCz7sc3a277R67g,belum bisa buka aplikasi lainnya,5,0,2.6.0,2025-08-06 11:25:16,,,2.6.0
c2d93bf9-05fb-4a2a-9d64-dbec6f017c8f,Pengguna Google,https://play-lh.googleusercontent.com/EGemoI2NTXmTsBVtJqk8jxF9rh8ApRWfsIMQSt2uE4OcpQqbFu7f7NbTK05lx80nuSijCz7sc3a277R67g,"Apaan Coba tiket buss open top tour, tidak pernah ada yah, padahal baru buka untuk Seminggu kedepan ga ada Mulu, dibeli calo apa gimana?",2,0,2.6.0,2025-08-06 06:50:46,,,2.6.0
1ddc58e4-f9f5-4a80-b911-6fa4d0ddefd9,Pengguna Google,https://play-lh.googleusercontent.com/EGemoI2NTXmTsBVtJqk8jxF9rh8ApRWfsIMQSt2uE4OcpQqbFu7f7NbTK05lx80nuSijCz7sc3a277R67g,sumpah suka gajelas bgt aplikasi nya,2,0,,2025-08-06 06:29:03,,,
76a824b3-8bda-4486-b46a-af0ff6c3d441,Pengguna Google,https://play-lh.googleusercontent.com/EGemoI2NTXmTsBVtJqk8jxF9rh8ApRWfsIMQSt2uE4OcpQqbFu7f7NbTK05lx80nuSijCz7sc3a277R67g,g bisa Login lagi,1,0,2.6.0,2025-08-06 01:06:31,,,2.6.0
52c1dada-78e2-4c7a-a4c7-74f0ff715f2e,Pengguna Google,https://play-lh.googleusercontent.com/EGemoI2NTXmTsBVtJqk8jxF9rh8ApRWfsIMQSt2uE4OcpQqbFu7f7NbTK05lx80nuSijCz7sc3a277R67g,sekrang saldo kepotong 2x tap in bayar tap out juga kepotong katanya cuman sekali yaituu 3.500 malah jadi 7k hadehh,1,1,2.5.1,2025-08-05 16:02:04,,,2.5.1
e494b822-220f-4a21-acbc-1148666661e8,Pengguna Google,https://play-lh.googleusercontent.com/EGemoI2NTXmTsBVtJqk8jxF9rh8ApRWfsIMQSt2uE4OcpQqbFu7f7NbTK05lx80nuSijCz7sc3a277R67g,"aplikasi Transjakarta memudahkan banget buat mencari rute,ga perlu bingung lagi , tampilan bagus,simpel,membantu banget",5,0,,2025-08-05 14:04:47,,,
139c86f9-78df-443e-833d-36e5f731564e,Pengguna Google,https://play-lh.googleusercontent.com/EGemoI2NTXmTsBVtJqk8jxF9rh8ApRWfsIMQSt2uE4OcpQqbFu7f7NbTK05lx80nuSijCz7sc3a277R67g,"mantap, sangat membantu saya untuk memudahkan mencari rute yang dilalui transjakarta, bestt👍🏼👍🏼👍🏼👍🏼👍🏼",5,0,2.6.0,2025-08-04 11:30:08,,,2.6.0
6134eaf9-b86b-4ee6-9150-1182fd21b7e8,Pengguna Google,https://play-lh.googleusercontent.com/EGemoI2NTXmTsBVtJqk8jxF9rh8ApRWfsIMQSt2uE4OcpQqbFu7f7NbTK05lx80nuSijCz7sc3a277R67g,"transjakarta aplikasi terbaik buat warga jabodetabek, rutenya lengkap dan model aplikasinya lengkap",5,0,2.6.0,2025-08-03 14:33:34,,,2.6.0
1de98e1f-e09a-437d-afea-c2689c3f25f4,Pengguna Google,https://play-lh.googleusercontent.com/EGemoI2NTXmTsBVtJqk8jxF9rh8ApRWfsIMQSt2uE4OcpQqbFu7f7NbTK05lx80nuSijCz7sc3a277R67g,Terlalu lemot Untuk Menggunakan Barcodd,1,0,2.6.0,2025-08-03 14:23:44,,,2.6.0
821b4060-b84a-4121-b26b-9b723c6e10e0,Pengguna Google,https://play-lh.googleusercontent.com/EGemoI2NTXmTsBVtJqk8jxF9rh8ApRWfsIMQSt2uE4OcpQqbFu7f7NbTK05lx80nuSijCz7sc3a277R67g,"Aplikasi yang sangat membantu kita untuk tau kode bus, jadwal serta tujuan yang kita mau cari. Mudah dipahami dan gampang banget diakses oleh semua orang.",5,0,2.6.0,2025-08-03 01:53:37,,,2.6.0
2ff9a33f-03c1-413e-aac0-59a4a03337ed,Pengguna Google,https://play-lh.googleusercontent.com/EGemoI2NTXmTsBVtJqk8jxF9rh8ApRWfsIMQSt2uE4OcpQqbFu7f7NbTK05lx80nuSijCz7sc3a277R67g,"Mantap bangett joss, Aplikasi nya membantu sekali di era yang sudah serba digital seperti sekarang",5,0,,2025-08-02 08:59:13,,,
1c048bec-c67b-45df-8868-8e6761873f31,Pengguna Google,https://play-lh.googleusercontent.com/EGemoI2NTXmTsBVtJqk8jxF9rh8ApRWfsIMQSt2uE4OcpQqbFu7f7NbTK05lx80nuSijCz7sc3a277R67g,"memudahkan tracing rute, membantu pemula pake transjakarta, mudah digunakan juga",5,0,2.6.0,2025-08-01 07:24:23,,,2.6.0
88e5a6e4-9f67-4ee8-8732-87f605ab6fa2,Pengguna Google,https://play-lh.googleusercontent.com/EGemoI2NTXmTsBVtJqk8jxF9rh8ApRWfsIMQSt2uE4OcpQqbFu7f7NbTK05lx80nuSijCz7sc3a277R67g,"udah cape"" login harian buat kumpulin koin yg hijau bisa di tuker pulsa eh malah d updet skrng jadi ga ada koin harian nya di tambah skrng ga bisa di tuker koin hijau nya !!! kalo ujung"" begini mah kaga usah di Adain koin hijauNya belooon bener developer nya !!! udah aplikasi ngeleg Mulu !!! jangan download tar nyesel !!!",1,0,2.6.0,2025-07-31 23:10:39,,,2.6.0
05e981c0-70ac-46ff-8860-91a09e285b99,Pengguna Google,https://play-lh.googleusercontent.com/EGemoI2NTXmTsBVtJqk8jxF9rh8ApRWfsIMQSt2uE4OcpQqbFu7f7NbTK05lx80nuSijCz7sc3a277R67g,Sangat memudahkan ekali untuk transportasi sehari-hari...karena jadwal nya yg sangat sesuai dan pembayaran yang mudah,5,0,2.6.0,2025-07-31 19:12:45,,,2.6.0
bf4c5ea8-18f9-41d3-b993-8ff0e625c3b7,Pengguna Google,https://play-lh.googleusercontent.com/EGemoI2NTXmTsBVtJqk8jxF9rh8ApRWfsIMQSt2uE4OcpQqbFu7f7NbTK05lx80nuSijCz7sc3a277R67g,"seharusnya petugas yg di halte UKI bisa mengatur penumpang yg menumpuk ke arah cibubur, jg disatuin dgn penumpang lain",1,0,2.6.0,2025-07-31 17:21:11,,,2.6.0
a147533c-6eeb-4b16-abd4-99a96406312f,Pengguna Google,https://play-lh.googleusercontent.com/EGemoI2NTXmTsBVtJqk8jxF9rh8ApRWfsIMQSt2uE4OcpQqbFu7f7NbTK05lx80nuSijCz7sc3a277R67g,sangat membantu,5,0,,2025-07-31 12:47:51,,,
e15ae985-03dd-47c5-9260-2a8d31edf70a,Pengguna Google,https://play-lh.googleusercontent.com/EGemoI2NTXmTsBVtJqk8jxF9rh8ApRWfsIMQSt2uE4OcpQqbFu7f7NbTK05lx80nuSijCz7sc3a277R67g,"sangat mudah sekalu untum membantu pengguna aplikaai ini , rekomendeddd silahkan yg mau gunakan dijamin mudah dipahami",5,0,2.6.0,2025-07-31 12:06:42,,,2.6.0
65c0ded0-2ef2-4431-8977-8e1b547a3f0b,Pengguna Google,https://play-lh.googleusercontent.com/EGemoI2NTXmTsBVtJqk8jxF9rh8ApRWfsIMQSt2uE4OcpQqbFu7f7NbTK05lx80nuSijCz7sc3a277R67g,transjakarta sangat enak dan mudah dipahami untuk kalangan remaja/lansia aplikasi cepat,5,0,,2025-07-31 12:04:03,,,
089423f8-6fda-4122-abbd-909093f9d39b,Pengguna Google,https://play-lh.googleusercontent.com/EGemoI2NTXmTsBVtJqk8jxF9rh8ApRWfsIMQSt2uE4OcpQqbFu7f7NbTK05lx80nuSijCz7sc3a277R67g,aplikasi Transjakarta benar ² membantu ketika ingin mencari bus mendadak bisa banget diandalkan sopirnya juga mementingkan keselamatan penumpang selain itu aplikasinya selalu update cocok banget buat orang yang ingin berpergian mendadak Transjakarta selalu Redy 24 jam mantulll,5,0,2.6.0,2025-07-31 12:00:30,,,2.6.0
4091c004-f825-4eba-8b24-d407fc29fa73,Pengguna Google,https://play-lh.googleusercontent.com/EGemoI2NTXmTsBVtJqk8jxF9rh8ApRWfsIMQSt2uE4OcpQqbFu7f7NbTK05lx80nuSijCz7sc3a277R67g,"aplikasi Transjakarta sangat membantu perjalanan harian saya!! tampilannya simpel dan rute nya selalu update, mantap Transjakarta jaya selalu🙏🏻",5,0,2.6.0,2025-07-31 11:09:23,,,2.6.0
7397bbd1-f366-4f3d-8975-d932f62fe9a4,Pengguna Google,https://play-lh.googleusercontent.com/EGemoI2NTXmTsBVtJqk8jxF9rh8ApRWfsIMQSt2uE4OcpQqbFu7f7NbTK05lx80nuSijCz7sc3a277R67g,toppp mantaaappp banget dan informasi jelas,5,0,2.6.0,2025-07-30 22:52:50,,,2.6.0
496c59d1-f894-48fd-96d5-aaf25b8e4cf9,Pengguna Google,https://play-lh.googleusercontent.com/EGemoI2NTXmTsBVtJqk8jxF9rh8ApRWfsIMQSt2uE4OcpQqbFu7f7NbTK05lx80nuSijCz7sc3a277R67g,"apk slalu bug baru liat rute uda kembali lgi kembali lg, dan juga ga akurat emg ga jelas ciptain apk hha",1,0,,2025-07-30 06:08:01,,,
af32cfba-2a90-45ca-a964-1b11631e165a,Pengguna Google,https://play-lh.googleusercontent.com/EGemoI2NTXmTsBVtJqk8jxF9rh8ApRWfsIMQSt2uE4OcpQqbFu7f7NbTK05lx80nuSijCz7sc3a277R67g,"sangat bagus ada aplikasi ini, tapi menurut Saya masih kurang dan malah terkesan lambat aplikasinya sehingga terasa berat juga di hp. semoga kedepannya semakin bagus aplikasinya dan tidak berat di hp",3,0,,2025-07-28 12:12:32,,,
28926f12-5bbc-4155-899d-b27af808b6e3,Pengguna Google,https://play-lh.googleusercontent.com/EGemoI2NTXmTsBVtJqk8jxF9rh8ApRWfsIMQSt2uE4OcpQqbFu7f7NbTK05lx80nuSijCz7sc3a277R67g,KWK 254 ANDARA - BLOK M UGAL UGAL AN SOPIRNYA. SAYA BELUM SELESAI DUDUK LANGSUNG DIGAS OLEH SUPIR. TOLONG KINERJA DIPERBAIKI. TERIMS,1,2,2.6.0,2025-07-28 11:35:33,,,2.6.0
cb2c4c6a-9f8d-4438-af77-1b24f0c3275f,Pengguna Google,https://play-lh.googleusercontent.com/EGemoI2NTXmTsBVtJqk8jxF9rh8ApRWfsIMQSt2uE4OcpQqbFu7f7NbTK05lx80nuSijCz7sc3a277R67g,tambahin bayar via dana atau m banking,1,0,,2025-07-28 10:16:27,,,
0376265f-28b8-4173-9e40-d755e4cc51ff,Pengguna Google,https://play-lh.googleusercontent.com/EGemoI2NTXmTsBVtJqk8jxF9rh8ApRWfsIMQSt2uE4OcpQqbFu7f7NbTK05lx80nuSijCz7sc3a277R67g,sangat membantu untuk perantauan. rute dan jam buswaynya sangat jelas,5,0,2.6.0,2025-07-27 18:28:05,,,2.6.0
771cd5fa-3bb1-4e20-bb9f-a5706542fd5e,Pengguna Google,https://play-lh.googleusercontent.com/EGemoI2NTXmTsBVtJqk8jxF9rh8ApRWfsIMQSt2uE4OcpQqbFu7f7NbTK05lx80nuSijCz7sc3a277R67g,ok,5,0,2.5.0,2025-07-27 17:10:40,,,2.5.0
72cbdac6-f36d-46f1-ac9f-d1731cf93a82,Pengguna Google,https://play-lh.googleusercontent.com/EGemoI2NTXmTsBVtJqk8jxF9rh8ApRWfsIMQSt2uE4OcpQqbFu7f7NbTK05lx80nuSijCz7sc3a277R67g,Sesuai,5,0,2.6.0,2025-07-27 13:43:07,,,2.6.0
72ece24f-63f7-40aa-9220-5e911213be10,Pengguna Google,https://play-lh.googleusercontent.com/EGemoI2NTXmTsBVtJqk8jxF9rh8ApRWfsIMQSt2uE4OcpQqbFu7f7NbTK05lx80nuSijCz7sc3a277R67g,"aplikasinya kayaknya oke aja, cuma saya dari luar daerah hanya mau coba bus open trip Jakarta tapi sampe 3 hari gak dapet tiket dan di aplikasi kayak gak jelas deh cara liat tiket busnya. harus cek hari satu satu dan jam satu satu, tapi ujung ujungnya tiket tidak tersedia. maksud saya kalau emang dah habis di ganti lah status hari itu habis dll biar gak capek bolak balik aplikasi ngecek hari satu satu tapi tetep gak dapet",2,1,2.6.0,2025-07-27 13:25:57,,,2.6.0
bd7abf72-5dcf-4824-9b04-b8dcfe1cc917,Pengguna Google,https://play-lh.googleusercontent.com/EGemoI2NTXmTsBVtJqk8jxF9rh8ApRWfsIMQSt2uE4OcpQqbFu7f7NbTK05lx80nuSijCz7sc3a277R67g,top banget aplikasi udah seperti di luar negeri aja,4,0,2.3.0,2025-07-25 11:58:04,,,2.3.0
d9afe59f-0215-4ca7-9fba-75911481fc42,Pengguna Google,https://play-lh.googleusercontent.com/EGemoI2NTXmTsBVtJqk8jxF9rh8ApRWfsIMQSt2uE4OcpQqbFu7f7NbTK05lx80nuSijCz7sc3a277R67g,"Aplikasi Transjakarta Sangat Membantu! saya sangat terbantu dengan adanya aplikasi ini. Informasi rute dan jadwal bus disajikan dengan jelas dan akurat, sehingga saya bisa merencanakan perjalanan dengan lebih efisien. Antarmukanya simpel dan mudah digunakan, bahkan untuk orang yang baru pertama kali naik Transjakarta. Fitur pencarian rute dan posisi halte terdekat sangat berguna, apalagi ada estimasi waktu kedatangan bus yang cukup akurat.",5,0,,2025-07-24 22:28:46,,,
94403933-08b0-4a9e-a041-ccea7f614d14,Pengguna Google,https://play-lh.googleusercontent.com/EGemoI2NTXmTsBVtJqk8jxF9rh8ApRWfsIMQSt2uE4OcpQqbFu7f7NbTK05lx80nuSijCz7sc3a277R67g,"Aplikasi Transjakarta sangat membantu dalam menavigasi transportasi umum di Jakarta! Fitur pencarian rute dan informasi real-time sangat berguna, membuat perencanaan perjalanan menjadi lebih mudah. Pembelian tiket online juga sangat praktis dan efisien👍🏻",5,0,2.6.0,2025-07-24 14:49:12,,,2.6.0
c9cc5650-5a67-44fd-a4c4-2d0a3a65af45,Pengguna Google,https://play-lh.googleusercontent.com/EGemoI2NTXmTsBVtJqk8jxF9rh8ApRWfsIMQSt2uE4OcpQqbFu7f7NbTK05lx80nuSijCz7sc3a277R67g,"untuk 7f nya bus agak sdkit ya,orang yg berangkat harus terlambat tiap hatinya,tolong di perbanyak donk utk 7fnya",3,0,,2025-07-24 07:38:20,,,
e6ce25b5-2598-43bd-bdd0-3552c86ebd39,Pengguna Google,https://play-lh.googleusercontent.com/EGemoI2NTXmTsBVtJqk8jxF9rh8ApRWfsIMQSt2uE4OcpQqbFu7f7NbTK05lx80nuSijCz7sc3a277R67g,perlu ditingkatkan untuk keakuratan pergerakan real-time bus,2,0,2.6.0,2025-07-24 07:04:54,,,2.6.0
7fca5b8f-a4a0-4349-bcfa-ec5ab6da33a4,Pengguna Google,https://play-lh.googleusercontent.com/EGemoI2NTXmTsBVtJqk8jxF9rh8ApRWfsIMQSt2uE4OcpQqbFu7f7NbTK05lx80nuSijCz7sc3a277R67g,"untuk keakuratan waktu estimasi perjalanan tj sudah bagus dan sesuai perkiraan, saran untuk update selanjutnya bisa ditambahkan penanda di setiap TJ ketersediaan kursi jadi untuk penumpang yang akan menunggu bis selanjutnya ada kepastian.",4,0,2.6.0,2025-07-24 06:53:13,,,2.6.0
6143572b-afaa-4518-b3ca-fc1898a0ef50,Pengguna Google,https://play-lh.googleusercontent.com/EGemoI2NTXmTsBVtJqk8jxF9rh8ApRWfsIMQSt2uE4OcpQqbFu7f7NbTK05lx80nuSijCz7sc3a277R67g,ok,5,0,2.5.1,2025-07-24 06:24:52,,,2.5.1
46260cb8-4cf8-4f11-9d91-183c24a1cd30,Pengguna Google,https://play-lh.googleusercontent.com/EGemoI2NTXmTsBVtJqk8jxF9rh8ApRWfsIMQSt2uE4OcpQqbFu7f7NbTK05lx80nuSijCz7sc3a277R67g,top,5,0,2.5.1,2025-07-24 05:45:49,,,2.5.1
f316c9fb-cb62-4181-831e-b1a94590bced,Pengguna Google,https://play-lh.googleusercontent.com/EGemoI2NTXmTsBVtJqk8jxF9rh8ApRWfsIMQSt2uE4OcpQqbFu7f7NbTK05lx80nuSijCz7sc3a277R67g,"sebagai seorang pejuang rupiah di jakarta, aplikasi ini kepake banget tiap hari. buat mantau jadwal TJ dan cek trafic. terbantu banget dengan aplikasi ini.",5,0,2.6.0,2025-07-23 21:29:57,,,2.6.0
c5895760-5b91-4caf-b1a7-db8ac41e8535,Pengguna Google,https://play-lh.googleusercontent.com/EGemoI2NTXmTsBVtJqk8jxF9rh8ApRWfsIMQSt2uE4OcpQqbFu7f7NbTK05lx80nuSijCz7sc3a277R67g,"Awalnya nggak expect apa-apa, tapi ternyata aplikasinya oke juga. Info busnya cukup akurat, lumayan bantu banget pas jam-jam rame.",5,0,2.6.0,2025-07-23 12:22:27,,,2.6.0
bac1426c-20ad-407c-9766-b3e30825d7cb,Pengguna Google,https://play-lh.googleusercontent.com/EGemoI2NTXmTsBVtJqk8jxF9rh8ApRWfsIMQSt2uE4OcpQqbFu7f7NbTK05lx80nuSijCz7sc3a277R67g,sangat membantu,5,0,2.5.1,2025-07-23 11:43:53,,,2.5.1
9ef0435d-6292-4d8f-b73c-c2d897e18855,Pengguna Google,https://play-lh.googleusercontent.com/EGemoI2NTXmTsBVtJqk8jxF9rh8ApRWfsIMQSt2uE4OcpQqbFu7f7NbTK05lx80nuSijCz7sc3a277R67g,aplikasi transjakarta ini sangat membantu para warga yang senang menggunakan transportasi umum dan sangat berguna terutama berguna untuk melacak bus transjakarta ini,5,0,2.6.0,2025-07-23 11:35:25,,,2.6.0
2bf3382d-511f-46cc-9210-94d05d8ad1e0,Pengguna Google,https://play-lh.googleusercontent.com/EGemoI2NTXmTsBVtJqk8jxF9rh8ApRWfsIMQSt2uE4OcpQqbFu7f7NbTK05lx80nuSijCz7sc3a277R67g,"suka banget pake apk ini, gampang klo mau liat rute rute bus nya, juga gampang untuk pay nya",5,0,2.6.0,2025-07-23 10:14:54,,,2.6.0
c2513a00-fe50-4624-8412-097d841819c1,Pengguna Google,https://play-lh.googleusercontent.com/EGemoI2NTXmTsBVtJqk8jxF9rh8ApRWfsIMQSt2uE4OcpQqbFu7f7NbTK05lx80nuSijCz7sc3a277R67g,harus di perbaiki lagi dan data realtime armadanya,1,0,2.6.0,2025-07-23 09:35:38,,,2.6.0
880c84db-703f-4fad-9cad-ade6eea2e24d,Pengguna Google,https://play-lh.googleusercontent.com/EGemoI2NTXmTsBVtJqk8jxF9rh8ApRWfsIMQSt2uE4OcpQqbFu7f7NbTK05lx80nuSijCz7sc3a277R67g,"Sekarang klo mau naik bus transjakarta gk takut lagi ketinggalan busnya yg bikin kita harus lama nungguin lagi bus berikutnya.. krna diaplikasi ini sudah bisa cek informasi kedatangan busnya secara real-time,, jadi kita bisa memperkirakan waktu tunggu dg akurat",5,0,,2025-07-23 09:28:10,,,
e71f6e97-874f-4177-8cd2-a64d092ebae3,Pengguna Google,https://play-lh.googleusercontent.com/EGemoI2NTXmTsBVtJqk8jxF9rh8ApRWfsIMQSt2uE4OcpQqbFu7f7NbTK05lx80nuSijCz7sc3a277R67g,"aplikasinya ngebantu banget asli, jadwal bus nya real time, rutenya lengkap. dan jugaa desainnya super user friendly! jadi gampang deh sekarang kalo naik bus",5,0,2.6.0,2025-07-23 09:25:10,,,2.6.0
38b9a653-c6a7-4c3d-b5cb-871b55769f93,Pengguna Google,https://play-lh.googleusercontent.com/EGemoI2NTXmTsBVtJqk8jxF9rh8ApRWfsIMQSt2uE4OcpQqbFu7f7NbTK05lx80nuSijCz7sc3a277R67g,"kenapa saat saya search berdasarkan rute hanya ""waiting data bus"" tidak muncul gps, tp kalo dari home screen tanpa search muncul semua gpsnya",4,0,2.6.0,2025-07-23 06:32:24,,,2.6.0
2d489527-4992-45b2-be1d-bf44d1756c1d,Pengguna Google,https://play-lh.googleusercontent.com/EGemoI2NTXmTsBVtJqk8jxF9rh8ApRWfsIMQSt2uE4OcpQqbFu7f7NbTK05lx80nuSijCz7sc3a277R67g,tolong di tempelkan stiker dilarang merokok mulai dari naik tangga menuju bussway atau LRT seperti arah masuk ke MRT...supaya ga ada yg merokok ..jalur sempit manusia merokok sangat membahayakan manusia yg tidak merokok...ini anda respon berarti anda cinta kesehatan bila tidak anda salah satu pembunuh berdarah dingin...,1,0,,2025-07-23 06:30:33,,,
9a56f52c-d0af-42e2-8f91-996e3ec0830d,Pengguna Google,https://play-lh.googleusercontent.com/EGemoI2NTXmTsBVtJqk8jxF9rh8ApRWfsIMQSt2uE4OcpQqbFu7f7NbTK05lx80nuSijCz7sc3a277R67g,Aplikasi ini sangat membantu dalam mobilitas harian saya. Fitur-fitur seperti pencarian rute dan estimasi kedatangan bus sangat informatif dan akurat. Semoga terus dikembangkan untuk memberikan pelayanan terbaik bagi pengguna transportasi umum.,5,0,2.6.0,2025-07-22 22:10:04,,,2.6.0
2432f464-a33e-467f-a4ea-6c1ba5d242bc,Pengguna Google,https://play-lh.googleusercontent.com/EGemoI2NTXmTsBVtJqk8jxF9rh8ApRWfsIMQSt2uE4OcpQqbFu7f7NbTK05lx80nuSijCz7sc3a277R67g,"sukaa bgt aplikasinyaa, mudah dimengerti fiturnya",5,0,2.6.0,2025-07-22 20:03:47,,,2.6.0
b1fda45b-036a-4a54-9bb2-adc0ca818659,Pengguna Google,https://play-lh.googleusercontent.com/EGemoI2NTXmTsBVtJqk8jxF9rh8ApRWfsIMQSt2uE4OcpQqbFu7f7NbTK05lx80nuSijCz7sc3a277R67g,"suka banget pakai Bus Transjakarta buat berangkat kerja, karena tidak khawatir soal macet parahnya jakarta, selain itu juga kita bisa enjoy menikmati pemandangan kota Jakarta selama perjalanan ke tempat kerja.",5,0,2.6.0,2025-07-22 19:19:09,,,2.6.0
a96249d1-3e7e-43c3-a670-f3651e0cf077,Pengguna Google,https://play-lh.googleusercontent.com/EGemoI2NTXmTsBVtJqk8jxF9rh8ApRWfsIMQSt2uE4OcpQqbFu7f7NbTK05lx80nuSijCz7sc3a277R67g,Aplikasi yang sangat menguji kesabaran. GPS posisi bus/mikrotrans sering tidak akurat. Lokasi halte sering hilang setelah melihat detail rute. Perlu waktu cukup lama untuk memuat rute angkutan. Cukup untuk membeli bibit cabai lalu dipupuk dan disiram secara teratur sampai tumbuh kemerahan lalu dipanen.,1,35,2.5.1,2025-07-22 19:13:18,,,2.5.1
f5f8fd21-39fa-48e0-854a-f515afddafc9,Pengguna Google,https://play-lh.googleusercontent.com/EGemoI2NTXmTsBVtJqk8jxF9rh8ApRWfsIMQSt2uE4OcpQqbFu7f7NbTK05lx80nuSijCz7sc3a277R67g,habis di update kok malah data busnya bnyk yg ga masuk,4,0,2.6.0,2025-07-22 18:04:27,,,2.6.0
f9b85af2-f399-4457-a082-8f9833052313,Pengguna Google,https://play-lh.googleusercontent.com/EGemoI2NTXmTsBVtJqk8jxF9rh8ApRWfsIMQSt2uE4OcpQqbFu7f7NbTK05lx80nuSijCz7sc3a277R67g,"apk Transjakarta terbukti membantu banget nih, buat tau posisi bus ada dimana, jadi ngga perlu khawatir lagi deh ketinggalan jadwal keberangkatan waktu lagi main ;)",5,0,2.6.0,2025-07-22 17:36:20,,,2.6.0
5f7bb882-d3bb-4009-a457-4f1143e62c75,Pengguna Google,https://play-lh.googleusercontent.com/EGemoI2NTXmTsBVtJqk8jxF9rh8ApRWfsIMQSt2uE4OcpQqbFu7f7NbTK05lx80nuSijCz7sc3a277R67g,"disuruh update mulu, tapi gak ada perbaikan. loading lama. ngebug!",2,3,2.5.1,2025-07-22 17:27:13,,,2.5.1
0798800b-e221-4c62-8d7c-f4ac5cd7d51d,Pengguna Google,https://play-lh.googleusercontent.com/EGemoI2NTXmTsBVtJqk8jxF9rh8ApRWfsIMQSt2uE4OcpQqbFu7f7NbTK05lx80nuSijCz7sc3a277R67g,"Aplikasi Transjakarta sangat membantu saat perjalanan. Rute lengkap, gampang dipakai, dan tampilannya user-friendly. Sangat direkomendasikan!!",5,0,2.6.0,2025-07-22 17:20:13,,,2.6.0
a425a668-d8a2-45e3-b068-dc3c98d45357,Pengguna Google,https://play-lh.googleusercontent.com/EGemoI2NTXmTsBVtJqk8jxF9rh8ApRWfsIMQSt2uE4OcpQqbFu7f7NbTK05lx80nuSijCz7sc3a277R67g,Aplikasinya sangat membantu! Informasi rute dan jadwal lengkap. Sekarang perjalanan dari Bekasi ke Cawang Sentral jadi lebih mudah. Semoga terus ditingkat kan,5,0,,2025-07-22 16:58:02,,,
d704d92b-6a28-4644-ae38-86429e0a3228,Pengguna Google,https://play-lh.googleusercontent.com/EGemoI2NTXmTsBVtJqk8jxF9rh8ApRWfsIMQSt2uE4OcpQqbFu7f7NbTK05lx80nuSijCz7sc3a277R67g,sangat membantu untuk cari informasi halte dan tracking posisi bus,5,0,2.6.0,2025-07-22 16:00:25,,,2.6.0
9b204154-f2ed-428b-a4c5-9a96b9ab3f99,Pengguna Google,https://play-lh.googleusercontent.com/EGemoI2NTXmTsBVtJqk8jxF9rh8ApRWfsIMQSt2uE4OcpQqbFu7f7NbTK05lx80nuSijCz7sc3a277R67g,"apk ini sangat memudahkan mencari track untuk pemula yang mau naik tj, fiturnya juga okee dan sangat membantu, mantapp",5,0,,2025-07-22 15:30:23,,,
0681b580-d3e5-4a47-870c-d2b2d10dc52e,Pengguna Google,https://play-lh.googleusercontent.com/EGemoI2NTXmTsBVtJqk8jxF9rh8ApRWfsIMQSt2uE4OcpQqbFu7f7NbTK05lx80nuSijCz7sc3a277R67g,"""Saya sangat puas dengan layanan Transjakarta! Armada yang bersih dan nyaman, supir yang ramah dan profesional, serta rute yang strategis membuat saya tidak perlu khawatir tentang kemacetan di Jakarta. Proses pembayaran yang mudah dan tidak perlu repot membawa uang tunai juga sangat membantu. Saya sangat merekomendasikan Transjakarta kepada siapa saja yang ingin berkeliling Jakarta dengan nyaman dan efisien!",5,0,2.6.0,2025-07-22 15:10:59,,,2.6.0
2a3e9d94-694a-463c-b6ce-2598fa8c12e8,Pengguna Google,https://play-lh.googleusercontent.com/EGemoI2NTXmTsBVtJqk8jxF9rh8ApRWfsIMQSt2uE4OcpQqbFu7f7NbTK05lx80nuSijCz7sc3a277R67g,lumayan bisa tau posisi TJ Jaklinko memudahkan nunggunya,4,0,2.5.1,2025-07-22 13:21:58,,,2.5.1
6cb9c7d0-dea8-4ece-bec5-60376391db16,Pengguna Google,https://play-lh.googleusercontent.com/EGemoI2NTXmTsBVtJqk8jxF9rh8ApRWfsIMQSt2uE4OcpQqbFu7f7NbTK05lx80nuSijCz7sc3a277R67g,"aplikasinya ngebantu banget, jadi lebih mudah untuk tau halte, kode bus, tujuannya, dan jadwalnya. tampilannya sederhana, mudah dipahami, dan gampang banget. mempermudah sistem pembayaran dan banyak bonus/rewardnya juga dari poin yg udah kita kumpulin 😍😍😍",5,3,2.6.0,2025-07-22 12:23:14,,,2.6.0
b5e2f972-3fca-4811-9c1f-00655c321c86,Pengguna Google,https://play-lh.googleusercontent.com/EGemoI2NTXmTsBVtJqk8jxF9rh8ApRWfsIMQSt2uE4OcpQqbFu7f7NbTK05lx80nuSijCz7sc3a277R67g,"Aplikasi Transjakarta ini memiliki beberapa kelebihan dan fitur yang berguna bagi penggunanya. Fitur Lengkap Aplikasi Transjakarta seperti BuSpot, Komutta, dan ITS Jakarta menawarkan informasi rute dan peta koridor, jadwal, lokasi halte, dan fitur lainnya yang membantu pengguna merencanakan perjalanan",5,0,2.6.0,2025-07-22 11:47:29,,,2.6.0
6779016b-bced-425a-8321-daf19fdb5ed5,Pengguna Google,https://play-lh.googleusercontent.com/EGemoI2NTXmTsBVtJqk8jxF9rh8ApRWfsIMQSt2uE4OcpQqbFu7f7NbTK05lx80nuSijCz7sc3a277R67g,sangat membantu yang gak punya tiket fisik . efisien dan bisa digunakan lebih dari 1 orang . nice,5,0,2.6.0,2025-07-22 11:41:57,,,2.6.0
9bca5980-8fcb-4b7b-a8a5-81e502e4fe9c,Pengguna Google,https://play-lh.googleusercontent.com/EGemoI2NTXmTsBVtJqk8jxF9rh8ApRWfsIMQSt2uE4OcpQqbFu7f7NbTK05lx80nuSijCz7sc3a277R67g,"Aplikasi transjakarta bnr2 sangat membantu! Navigasi mudah, tampilan simpel & informasi rute selalu update. Cocok banget untuk warga JABODETABEK yg suka naik bus. Selain itu juga ada fitur ""LAPOR"" untuk kondisi halte/bus & pembelian tiket langsung dari HP jadi nya praktis 👍👍👍",5,0,,2025-07-22 11:40:25,,,
40db6860-3d18-42e6-b74a-aa054463997a,Pengguna Google,https://play-lh.googleusercontent.com/EGemoI2NTXmTsBVtJqk8jxF9rh8ApRWfsIMQSt2uE4OcpQqbFu7f7NbTK05lx80nuSijCz7sc3a277R67g,"Transjakarta membantu saya menghemat waktu dan tenaga saat bepergian di Jakarta. Fitur notifikasi untuk kedatangan bus sangat membantu, terutama saat saya sedang terburu-buru",5,0,2.6.0,2025-07-22 11:30:01,,,2.6.0
61b6ef84-ef30-45ad-9e3f-8539270eb60e,Pengguna Google,https://play-lh.googleusercontent.com/EGemoI2NTXmTsBVtJqk8jxF9rh8ApRWfsIMQSt2uE4OcpQqbFu7f7NbTK05lx80nuSijCz7sc3a277R67g,updated muluu,1,0,2.5.1,2025-07-22 10:35:20,,,2.5.1
61ac5cdd-a576-4242-8533-b0474445d064,Pengguna Google,https://play-lh.googleusercontent.com/EGemoI2NTXmTsBVtJqk8jxF9rh8ApRWfsIMQSt2uE4OcpQqbFu7f7NbTK05lx80nuSijCz7sc3a277R67g,Aplikasi Transjakarta memudahkan dalam mencari rute dan jadwal bus sehingga bisa merencanakan perjalanan yang efisien dan tidak bingung lagi harus naik dari halte mana. Fitur tracking juga berguna sekali untuk tahu kapan bus akan datang. Salute.,5,2,2.6.0,2025-07-22 10:27:35,,,2.6.0
443c5746-ced4-4a2a-af09-290abe7579bf,Pengguna Google,https://play-lh.googleusercontent.com/EGemoI2NTXmTsBVtJqk8jxF9rh8ApRWfsIMQSt2uE4OcpQqbFu7f7NbTK05lx80nuSijCz7sc3a277R67g,"membantu banget apk ini kita sekarang ngga perlu ngeluarin biaya lebih buat ke daerah lain dengan adanya transjakarta ini sangat membantu bangett,tempatnya bersih,pelayanannya juga ramah sangat recomend!!!!",5,1,2.6.0,2025-07-22 09:56:53,,,2.6.0
5f28fe48-c8b6-4fa4-9c24-4f4cbb7734e4,Pengguna Google,https://play-lh.googleusercontent.com/EGemoI2NTXmTsBVtJqk8jxF9rh8ApRWfsIMQSt2uE4OcpQqbFu7f7NbTK05lx80nuSijCz7sc3a277R67g,"buatt yang sering naik tj kaya aku giniii kebantu banget si install aplikasi ini sumpah kita jadi tau jadwal bus, posisi bus di mana, dan selain itu peta nya berfungsi dengan baik bangetttt",5,0,2.6.0,2025-07-22 09:49:19,,,2.6.0
24b7a1f0-fc93-425c-886f-f5eb4bd0d523,Pengguna Google,https://play-lh.googleusercontent.com/EGemoI2NTXmTsBVtJqk8jxF9rh8ApRWfsIMQSt2uE4OcpQqbFu7f7NbTK05lx80nuSijCz7sc3a277R67g,"Transjakarta sangat membantu dalam perjalanan, karena memiliki jalur sendiri yang terpisah dari kendaraan lain, sehingga perjalanan lebih cepat dan terhindar dari kemacetan.",5,0,2.6.0,2025-07-22 09:40:47,,,2.6.0
01d68bad-ebca-4c8c-987b-0bbadfca26b0,Pengguna Google,https://play-lh.googleusercontent.com/EGemoI2NTXmTsBVtJqk8jxF9rh8ApRWfsIMQSt2uE4OcpQqbFu7f7NbTK05lx80nuSijCz7sc3a277R67g,Aplikasi Trasportasi Terbaik👍🏻,5,0,2.6.0,2025-07-22 09:40:34,,,2.6.0
7fab43d1-2572-45e6-91d8-ce1b4b02b2cf,Pengguna Google,https://play-lh.googleusercontent.com/EGemoI2NTXmTsBVtJqk8jxF9rh8ApRWfsIMQSt2uE4OcpQqbFu7f7NbTK05lx80nuSijCz7sc3a277R67g,"Saya suka menggunakan aplikasi Transjakarta karena mudah digunakan dan informatif. Fitur pencarian rute terbaik sangat berguna, terutama saat saya harus berpindah jalur",5,0,2.6.0,2025-07-22 09:38:51,,,2.6.0
fb1d737d-2601-4ebb-860a-00eb2fdc19ef,Pengguna Google,https://play-lh.googleusercontent.com/EGemoI2NTXmTsBVtJqk8jxF9rh8ApRWfsIMQSt2uE4OcpQqbFu7f7NbTK05lx80nuSijCz7sc3a277R67g,"Keseharian dalam beraktivitas seperti bekerja sangat memudahkan bagi para karyawan untuk menggunakan transjakarta sebagai alat transportasi yang nyaman, murah dan fitur fitur canggih yang didapatkan pada kendaraan transjakarta.",5,0,2.6.0,2025-07-22 09:31:32,,,2.6.0
baec19fc-aa7f-4521-be74-b4a56a88d8d1,Pengguna Google,https://play-lh.googleusercontent.com/EGemoI2NTXmTsBVtJqk8jxF9rh8ApRWfsIMQSt2uE4OcpQqbFu7f7NbTK05lx80nuSijCz7sc3a277R67g,Aplikasinya keren! Ngebantu banget buat cari rute dan tau posisi bus. Sekarang naik TransJakarta jadi makin gampang. Lanjutkan terus pengembangannya!,5,0,2.6.0,2025-07-22 09:12:15,,,2.6.0
9347fbe4-1135-4b3a-aea7-a6fbbaf5dcda,Pengguna Google,https://play-lh.googleusercontent.com/EGemoI2NTXmTsBVtJqk8jxF9rh8ApRWfsIMQSt2uE4OcpQqbFu7f7NbTK05lx80nuSijCz7sc3a277R67g,sangat membantu untuk navigasi selama perjalanan,5,0,2.6.0,2025-07-22 08:33:29,,,2.6.0
32cb9f52-7449-4bcc-a57e-6aa7a7dc4fb8,Pengguna Google,https://play-lh.googleusercontent.com/EGemoI2NTXmTsBVtJqk8jxF9rh8ApRWfsIMQSt2uE4OcpQqbFu7f7NbTK05lx80nuSijCz7sc3a277R67g,aplikasinya bagus memudahkan kita untuk melihat rute bus untuk mencapai tujuan yang di inginkan tanpa susah susah bertanya ke petugas,5,0,2.6.0,2025-07-22 07:39:47,,,2.6.0
2a075831-66a1-4b37-b524-6a5e475c9961,Pengguna Google,https://play-lh.googleusercontent.com/EGemoI2NTXmTsBVtJqk8jxF9rh8ApRWfsIMQSt2uE4OcpQqbFu7f7NbTK05lx80nuSijCz7sc3a277R67g,Bagi saya transjakarta sangat membantu sekali buat perjalanan kerja saya sehari hari best lah,5,0,2.6.0,2025-07-22 07:35:29,,,2.6.0
47af9863-a1df-4a26-8728-3a3506d58049,Pengguna Google,https://play-lh.googleusercontent.com/EGemoI2NTXmTsBVtJqk8jxF9rh8ApRWfsIMQSt2uE4OcpQqbFu7f7NbTK05lx80nuSijCz7sc3a277R67g,"Aplikasi Transjakarta ini sangat membantu sekali karena sangat akurat dan juga mudah untuk diakses,tampilan aplikasinya juga sangat simple,menarik,dan mudah dipahami",5,0,,2025-07-22 07:24:25,,,
f5676cb4-ef05-40bb-a3be-af76586b6fd6,Pengguna Google,https://play-lh.googleusercontent.com/EGemoI2NTXmTsBVtJqk8jxF9rh8ApRWfsIMQSt2uE4OcpQqbFu7f7NbTK05lx80nuSijCz7sc3a277R67g,"transjakarta,membantu memudahkan segala aktivitas.",5,0,2.6.0,2025-07-22 07:23:43,,,2.6.0
c4386445-d924-4b4a-a2f4-c9248fe4e0ef,Pengguna Google,https://play-lh.googleusercontent.com/EGemoI2NTXmTsBVtJqk8jxF9rh8ApRWfsIMQSt2uE4OcpQqbFu7f7NbTK05lx80nuSijCz7sc3a277R67g,"Transjakarta sangat membantu sekali dalam merencanakan perjalan harian, fitur fitur yang di sediakan juga sangat membantu dan mudah di pahami.",5,0,,2025-07-22 07:18:41,,,
d95db2a6-04fe-4d0f-a6f5-271155f8d37d,Pengguna Google,https://play-lh.googleusercontent.com/EGemoI2NTXmTsBVtJqk8jxF9rh8ApRWfsIMQSt2uE4OcpQqbFu7f7NbTK05lx80nuSijCz7sc3a277R67g,kemana-mana naik tj dan aplikasi ini berguna banget untuk melihat rute berbagai macam nomor busway nyaa!,5,0,2.6.0,2025-07-22 07:18:25,,,2.6.0
dce5a0c9-4a46-46e1-8508-f62e10e282cc,Pengguna Google,https://play-lh.googleusercontent.com/EGemoI2NTXmTsBVtJqk8jxF9rh8ApRWfsIMQSt2uE4OcpQqbFu7f7NbTK05lx80nuSijCz7sc3a277R67g,"Aplikasi Transjakarta ini ngebantu banget. Fitur pelacak bus real timenya itu lho, bikin nggak perlu lagi nunggu nggak jelas di halte. Jadi bisa lebih santai dan tau kapan bus datang. Wajib banget punya buat yang sering naik Transjakarta!",5,0,2.6.0,2025-07-22 07:17:45,,,2.6.0
b39f8a60-575d-4350-8bfb-f63342497940,Pengguna Google,https://play-lh.googleusercontent.com/EGemoI2NTXmTsBVtJqk8jxF9rh8ApRWfsIMQSt2uE4OcpQqbFu7f7NbTK05lx80nuSijCz7sc3a277R67g,"dulu livetracking bus nya selalu akurat, setelah update livetracking bus nya jadi kurang akurat. bahkan loading nya sangat lama",4,1,2.6.0,2025-07-22 07:15:08,,,2.6.0
ecc63794-6e19-42f6-ba0e-c504482e2d76,Pengguna Google,https://play-lh.googleusercontent.com/EGemoI2NTXmTsBVtJqk8jxF9rh8ApRWfsIMQSt2uE4OcpQqbFu7f7NbTK05lx80nuSijCz7sc3a277R67g,"Aplikasi Transjakarta ngebantu banget buat cari rute dan halte, jadi gak nyasar lagi deh.",5,0,2.6.0,2025-07-22 07:10:19,,,2.6.0
f0b78b02-0104-4687-9cf1-927fc3d80471,Pengguna Google,https://play-lh.googleusercontent.com/EGemoI2NTXmTsBVtJqk8jxF9rh8ApRWfsIMQSt2uE4OcpQqbFu7f7NbTK05lx80nuSijCz7sc3a277R67g,Aplikasinya beneran membantu banget. Jadwal bus akurat dan gampang dipakai!,5,0,,2025-07-22 07:08:27,,,
082725f1-5c29-47b5-9d26-9e6b4a37b6a2,Pengguna Google,https://play-lh.googleusercontent.com/EGemoI2NTXmTsBVtJqk8jxF9rh8ApRWfsIMQSt2uE4OcpQqbFu7f7NbTK05lx80nuSijCz7sc3a277R67g,"harganya murah, dan mudah banget buat pesen nya jadi ga ribet lagi",5,0,2.6.0,2025-07-22 07:04:44,,,2.6.0
eb14bd5f-f25b-4dc6-94ec-1411e74a0865,Pengguna Google,https://play-lh.googleusercontent.com/EGemoI2NTXmTsBVtJqk8jxF9rh8ApRWfsIMQSt2uE4OcpQqbFu7f7NbTK05lx80nuSijCz7sc3a277R67g,"Transjakarta sangat membantu dalam merencanakan perjalanan, Transjakarta jadi lebih praktis, tampilan antarmuka bersih dan mudah digunakan.",5,0,2.6.0,2025-07-22 06:58:06,,,2.6.0
8f1dd0b9-483e-4337-a9e2-9a1e6050331c,Pengguna Google,https://play-lh.googleusercontent.com/EGemoI2NTXmTsBVtJqk8jxF9rh8ApRWfsIMQSt2uE4OcpQqbFu7f7NbTK05lx80nuSijCz7sc3a277R67g,"TransJakarta adalah aplikasi yang bikin pengguna bisa lihat rute bus di Jakarta secara langsung dan ketahui kapan busnya datang. Aplikasi ini juga ada fitur beli tiket online, jadi pengguna gak perlu antre di halte. Dengan begitu, naik bus jadi lebih gampang dan nyaman.",5,0,2.6.0,2025-07-22 06:31:23,,,2.6.0
e9fd7baa-0764-4aaa-8ccb-4fa10fb34bbb,Pengguna Google,https://play-lh.googleusercontent.com/EGemoI2NTXmTsBVtJqk8jxF9rh8ApRWfsIMQSt2uE4OcpQqbFu7f7NbTK05lx80nuSijCz7sc3a277R67g,apk tranajakarta sangat membantu untuk rencana jalan jalan dan apk bagus banget pokoknya puas dengan apk satu ini,5,0,2.6.0,2025-07-21 22:30:05,,,2.6.0
3582055d-7285-44ec-851b-5462c08e664c,Pengguna Google,https://play-lh.googleusercontent.com/EGemoI2NTXmTsBVtJqk8jxF9rh8ApRWfsIMQSt2uE4OcpQqbFu7f7NbTK05lx80nuSijCz7sc3a277R67g,"Alhamdulillah Terimakasih Apl Tj sangat membantu, setiap Persiapan mau Pergi, posisi Tj pergerakan Nampak Baik Sekali Jelas.",5,0,2.5.1,2025-07-21 21:09:43,,,2.5.1
0995df3b-50e5-412b-b7c7-93325e402df2,Pengguna Google,https://play-lh.googleusercontent.com/EGemoI2NTXmTsBVtJqk8jxF9rh8ApRWfsIMQSt2uE4OcpQqbFu7f7NbTK05lx80nuSijCz7sc3a277R67g,"Aplikasi Transjakarta sangat memudahkan banget jika ingin membeli tiket serta mencari rute yang ingin di tuju, fiturnya juga simple dan lengkap,.",5,0,,2025-07-21 17:13:24,,,
ded0061d-c3e3-4240-b9f8-bb69b7d66bcf,Pengguna Google,https://play-lh.googleusercontent.com/EGemoI2NTXmTsBVtJqk8jxF9rh8ApRWfsIMQSt2uE4OcpQqbFu7f7NbTK05lx80nuSijCz7sc3a277R67g,"sangat membantu bagi orang baru seperti saya fitur “Tujuan Kamu” memberikan panduan rute lengkap, termasuk transit dan estimasi halte, bagus bagi pendatang baru atau yang kurang hafal rute",5,0,,2025-07-21 16:45:26,,,
d26c0ea4-392c-4bca-aa95-762f63220dc4,Pengguna Google,https://play-lh.googleusercontent.com/EGemoI2NTXmTsBVtJqk8jxF9rh8ApRWfsIMQSt2uE4OcpQqbFu7f7NbTK05lx80nuSijCz7sc3a277R67g,aplikasi Transjakarta sangat membantu sekali.,5,0,2.5.1,2025-07-21 14:46:50,,,2.5.1
c3948805-7a3b-4271-a9e5-ce4f46eb690a,Pengguna Google,https://play-lh.googleusercontent.com/EGemoI2NTXmTsBVtJqk8jxF9rh8ApRWfsIMQSt2uE4OcpQqbFu7f7NbTK05lx80nuSijCz7sc3a277R67g,Aplikasi Transjakarta sangat membantu sayaa dalam merencanakan perjalanan. Fitur pencarian rute dan jadwal busnya lengkap. Kalian harus download aplikasi ini 🥳,5,0,2.5.1,2025-07-21 12:41:41,,,2.5.1
0c44508a-bacf-46b1-b4d1-ac1c6a2e2bf7,Pengguna Google,https://play-lh.googleusercontent.com/EGemoI2NTXmTsBVtJqk8jxF9rh8ApRWfsIMQSt2uE4OcpQqbFu7f7NbTK05lx80nuSijCz7sc3a277R67g,"apk ini ngebantu aku banget buat tahu kapan waktu bus trans lewatnya, jadi udah gak takut ketinggalan bus lagi kalo pake apk ini karena udah ada jadwalnya",5,0,2.5.1,2025-07-21 12:26:41,,,2.5.1
a760bf93-8562-4c1a-9848-b6e57f72ff6a,Pengguna Google,https://play-lh.googleusercontent.com/EGemoI2NTXmTsBVtJqk8jxF9rh8ApRWfsIMQSt2uE4OcpQqbFu7f7NbTK05lx80nuSijCz7sc3a277R67g,Aplikasi lemot,1,0,2.5.1,2025-07-21 12:09:15,,,2.5.1
530f221a-e0c6-43e1-9c87-9a579eb6efd9,Pengguna Google,https://play-lh.googleusercontent.com/EGemoI2NTXmTsBVtJqk8jxF9rh8ApRWfsIMQSt2uE4OcpQqbFu7f7NbTK05lx80nuSijCz7sc3a277R67g,Top Marko Top,5,0,2.5.1,2025-07-21 11:58:29,,,2.5.1
d72ea379-0e07-432c-aada-f30416bb40d3,Pengguna Google,https://play-lh.googleusercontent.com/EGemoI2NTXmTsBVtJqk8jxF9rh8ApRWfsIMQSt2uE4OcpQqbFu7f7NbTK05lx80nuSijCz7sc3a277R67g,plis banyakin bus b25,5,0,2.5.1,2025-07-21 05:37:10,,,2.5.1
f3fa0eaa-67da-4ebc-8d41-8d5079145f46,Pengguna Google,https://play-lh.googleusercontent.com/EGemoI2NTXmTsBVtJqk8jxF9rh8ApRWfsIMQSt2uE4OcpQqbFu7f7NbTK05lx80nuSijCz7sc3a277R67g,alah ribet buat pembayaran opsi nya sedikit aturan kaya MRT dong bisa bayar lewat gopay,2,0,,2025-07-21 01:33:59,,,
7aeeb05a-473d-49e7-abe1-222532eb51ba,Pengguna Google,https://play-lh.googleusercontent.com/EGemoI2NTXmTsBVtJqk8jxF9rh8ApRWfsIMQSt2uE4OcpQqbFu7f7NbTK05lx80nuSijCz7sc3a277R67g,"Aplikasi Transjakarta sangat membantu! Informasi rute dan jadwal yang akurat, membuat perjalanan saya lebih mudah dan efisien.",5,0,2.5.1,2025-07-20 06:29:09,,,2.5.1
47b26285-5e4e-43ce-9336-4da8d1228c75,Pengguna Google,https://play-lh.googleusercontent.com/EGemoI2NTXmTsBVtJqk8jxF9rh8ApRWfsIMQSt2uE4OcpQqbFu7f7NbTK05lx80nuSijCz7sc3a277R67g,"Aplikasi ini telah menjadi penyelamat! Saya telah menggunakan banyak aplikasi serupa sebelumnya, tetapi aplikasi ini jauh lebih unggul. Performa cepat, tidak ada bug yang saya temukan, dan dukungan pelanggannya responsif. Sangat berharga! Rating 5 bintang dari saya! 👍",5,0,2.5.1,2025-07-20 00:59:24,,,2.5.1
1214b72e-985e-4163-80fe-d4fed552589c,Pengguna Google,https://play-lh.googleusercontent.com/EGemoI2NTXmTsBVtJqk8jxF9rh8ApRWfsIMQSt2uE4OcpQqbFu7f7NbTK05lx80nuSijCz7sc3a277R67g,"transportasi nyaman dan bersih, tidak terlalu lama menunggu",5,0,,2025-07-19 14:18:18,,,
9163ca81-bde0-42b9-9b6b-cc18cb6a28e4,Pengguna Google,https://play-lh.googleusercontent.com/EGemoI2NTXmTsBVtJqk8jxF9rh8ApRWfsIMQSt2uE4OcpQqbFu7f7NbTK05lx80nuSijCz7sc3a277R67g,"aplikasi Transjakarta sangat membantu saya, navigasi nya bagus,rute selalu di update.Mantap pokonya👍🏼",5,0,2.5.1,2025-07-19 14:04:14,,,2.5.1
41c22be5-ab85-403c-bf2e-47cdaf927cf8,Pengguna Google,https://play-lh.googleusercontent.com/EGemoI2NTXmTsBVtJqk8jxF9rh8ApRWfsIMQSt2uE4OcpQqbFu7f7NbTK05lx80nuSijCz7sc3a277R67g,Ini si cocok banget untuk perjalanan apa lagi ada fitur tracking bus real time membuat naik bus lebih mudah,5,0,2.5.1,2025-07-19 13:52:28,,,2.5.1
61ecfc95-3a41-4866-93bd-4637e85342d4,Pengguna Google,https://play-lh.googleusercontent.com/EGemoI2NTXmTsBVtJqk8jxF9rh8ApRWfsIMQSt2uE4OcpQqbFu7f7NbTK05lx80nuSijCz7sc3a277R67g,transjakarta aplikasi yang sangat mudah digunakan dan fiturnya yang mudah dipahami serta memudahkan saya dalam melakukan navigasi,5,0,2.5.1,2025-07-19 13:28:03,,,2.5.1
e6ae87d2-7e0d-43b5-a8ed-ba884bf343d7,Pengguna Google,https://play-lh.googleusercontent.com/EGemoI2NTXmTsBVtJqk8jxF9rh8ApRWfsIMQSt2uE4OcpQqbFu7f7NbTK05lx80nuSijCz7sc3a277R67g,"aplikasinya mudah di gunakan, jadi sangat membantu berpergian selama di jakarta",5,0,2.5.1,2025-07-19 13:18:57,,,2.5.1
6e381d76-738b-4e94-a232-0cf9d86e9309,Pengguna Google,https://play-lh.googleusercontent.com/EGemoI2NTXmTsBVtJqk8jxF9rh8ApRWfsIMQSt2uE4OcpQqbFu7f7NbTK05lx80nuSijCz7sc3a277R67g,aplikasi ringan dan ga ribet jadi memudahkan penggunanya the best deh buat apk ini,5,0,,2025-07-19 13:18:50,,,
106f35d4-ff63-4258-909c-e4df7844d865,Pengguna Google,https://play-lh.googleusercontent.com/EGemoI2NTXmTsBVtJqk8jxF9rh8ApRWfsIMQSt2uE4OcpQqbFu7f7NbTK05lx80nuSijCz7sc3a277R67g,aplikasi tranportasi terbaik dan simpel bagi kita yang bolak balik ke Jakarta dengan Transjakarta semuanya jadi gampang,5,0,2.5.1,2025-07-19 13:16:47,,,2.5.1
372e0099-ec89-4b6c-8d06-3225d4815278,Pengguna Google,https://play-lh.googleusercontent.com/EGemoI2NTXmTsBVtJqk8jxF9rh8ApRWfsIMQSt2uE4OcpQqbFu7f7NbTK05lx80nuSijCz7sc3a277R67g,"useful di era digitalisasi ini, bener-bener memudahkan sih",5,0,2.5.1,2025-07-19 13:15:07,,,2.5.1
33a46a3d-2810-4739-8c27-8400d981b932,Pengguna Google,https://play-lh.googleusercontent.com/EGemoI2NTXmTsBVtJqk8jxF9rh8ApRWfsIMQSt2uE4OcpQqbFu7f7NbTK05lx80nuSijCz7sc3a277R67g,Terbaik,5,0,2.5.1,2025-07-19 10:41:23,,,2.5.1
2debd504-854e-47fa-84b8-996860258ded,Pengguna Google,https://play-lh.googleusercontent.com/EGemoI2NTXmTsBVtJqk8jxF9rh8ApRWfsIMQSt2uE4OcpQqbFu7f7NbTK05lx80nuSijCz7sc3a277R67g,"Sangat bagus aplikaai nya,dan harga nya sanagt murah dan faselitas nya sangat mantap",5,0,,2025-07-19 09:24:35,,,
14f6921c-5cbe-4f2a-ab65-5154ee10fad3,Pengguna Google,https://play-lh.googleusercontent.com/EGemoI2NTXmTsBVtJqk8jxF9rh8ApRWfsIMQSt2uE4OcpQqbFu7f7NbTK05lx80nuSijCz7sc3a277R67g,Bagus sekarang aplikasinya ga lemot.. pergerakan TJ nya on time & semakin bagus juga tampilannya..,5,0,2.5.1,2025-07-19 08:53:16,,,2.5.1
62f9243c-84e5-4e0e-a343-eb2937934aa3,Pengguna Google,https://play-lh.googleusercontent.com/EGemoI2NTXmTsBVtJqk8jxF9rh8ApRWfsIMQSt2uE4OcpQqbFu7f7NbTK05lx80nuSijCz7sc3a277R67g,"TransJakarta menggunakan kartu e-money sebagai metode pembayaran utama, membuat proses pembayaran lebih mudah dan cepat.",5,0,2.5.1,2025-07-19 08:16:44,,,2.5.1
c63dc241-c685-4e9a-ab88-3a3ae2a00970,Pengguna Google,https://play-lh.googleusercontent.com/EGemoI2NTXmTsBVtJqk8jxF9rh8ApRWfsIMQSt2uE4OcpQqbFu7f7NbTK05lx80nuSijCz7sc3a277R67g,"data bus gak sinkron, lemot juga",1,0,2.5.1,2025-07-19 07:35:23,,,2.5.1
9df465a4-7be7-4e4c-9e6c-53e32c518889,Pengguna Google,https://play-lh.googleusercontent.com/EGemoI2NTXmTsBVtJqk8jxF9rh8ApRWfsIMQSt2uE4OcpQqbFu7f7NbTK05lx80nuSijCz7sc3a277R67g,Aplikasinya bagus sangat mempermudah saya jika ingin pergi kemana mana.. harga juga ramah di kantong.. bener-bener hemat.,5,0,2.5.1,2025-07-19 07:34:30,,,2.5.1
2b6a642e-f122-40f7-a99f-c3040cb6cc25,Pengguna Google,https://play-lh.googleusercontent.com/EGemoI2NTXmTsBVtJqk8jxF9rh8ApRWfsIMQSt2uE4OcpQqbFu7f7NbTK05lx80nuSijCz7sc3a277R67g,"Sangat membantu sekali aplikasi ini dalam melakukan perjalanan sehari hari, fitur fitur nya juga membantu bagi para penggunanya",5,0,2.5.1,2025-07-19 06:53:38,,,2.5.1
1c597c7d-d1f2-47a3-804e-248845cebe25,Pengguna Google,https://play-lh.googleusercontent.com/EGemoI2NTXmTsBVtJqk8jxF9rh8ApRWfsIMQSt2uE4OcpQqbFu7f7NbTK05lx80nuSijCz7sc3a277R67g,"salah satu sarana transportasi yg ada di kota,bus nya nyaman",5,0,2.5.1,2025-07-19 06:35:42,,,2.5.1
42cb9a6d-c6de-4e88-b939-28e45eebd10b,Pengguna Google,https://play-lh.googleusercontent.com/EGemoI2NTXmTsBVtJqk8jxF9rh8ApRWfsIMQSt2uE4OcpQqbFu7f7NbTK05lx80nuSijCz7sc3a277R67g,"untuk rute Lebak bulus sawangan D41, kerja di point square didepan point square ada halte busway, otomatis saya naik dari situ dong lalu di halte busway Lebak bulus saya disuruh turun lalu disuruh antri lagi oleh petugas. otomatis yang saya tadi naik busway jadinya saya menunggu busway berikutnya. paraaahhh.....parahh...parahhg",1,0,2.5.1,2025-07-18 19:53:57,,,2.5.1
a62e8f66-b2e7-4bec-9683-8d7f878cc1fc,Pengguna Google,https://play-lh.googleusercontent.com/EGemoI2NTXmTsBVtJqk8jxF9rh8ApRWfsIMQSt2uE4OcpQqbFu7f7NbTK05lx80nuSijCz7sc3a277R67g,Aplikasi ini sangat membantu bagi kami yang sgt membutukan transjakarta :),5,0,2.5.1,2025-07-18 19:36:06,,,2.5.1
6ae576ef-39bd-488f-ae45-1745edb53ea1,Pengguna Google,https://play-lh.googleusercontent.com/EGemoI2NTXmTsBVtJqk8jxF9rh8ApRWfsIMQSt2uE4OcpQqbFu7f7NbTK05lx80nuSijCz7sc3a277R67g,"Apk nya harus diperbarui trs, gabisa beli tiket online tiba tiba",1,0,,2025-07-18 16:53:10,,,
b837ad18-4a6b-4f99-81fe-11d9e9d4780e,Pengguna Google,https://play-lh.googleusercontent.com/EGemoI2NTXmTsBVtJqk8jxF9rh8ApRWfsIMQSt2uE4OcpQqbFu7f7NbTK05lx80nuSijCz7sc3a277R67g,Aplikasinya sangat memudahkan penumpang untuk berpergian dan sangat membantu. Pelayanannya juga oke banget. Thanks transjakarta,5,0,2.5.1,2025-07-18 13:53:11,,,2.5.1
e649a6a3-bcd8-45d2-8362-fc29977d6415,Pengguna Google,https://play-lh.googleusercontent.com/EGemoI2NTXmTsBVtJqk8jxF9rh8ApRWfsIMQSt2uE4OcpQqbFu7f7NbTK05lx80nuSijCz7sc3a277R67g,Transjakarta aplikasi yang sangat mudah di gunakan. Navigasi yang mudah di pahami serta sangat cepat dalam memberikan informasi seputar perjalanan,5,0,2.5.1,2025-07-18 11:50:10,,,2.5.1
186417ee-f41e-4479-b6df-26cdafbbd59e,Pengguna Google,https://play-lh.googleusercontent.com/EGemoI2NTXmTsBVtJqk8jxF9rh8ApRWfsIMQSt2uE4OcpQqbFu7f7NbTK05lx80nuSijCz7sc3a277R67g,"aplikasi yang sangat membantu dan mudah di gunakan, sat set beres",5,0,2.5.1,2025-07-18 11:41:24,,,2.5.1
0c6271e2-16bf-42eb-a4e7-fb48efd7e97c,Pengguna Google,https://play-lh.googleusercontent.com/EGemoI2NTXmTsBVtJqk8jxF9rh8ApRWfsIMQSt2uE4OcpQqbFu7f7NbTK05lx80nuSijCz7sc3a277R67g,"fitur pencarian halte dan estimasi kedatangan bus sangat berguna. cocok buat warga jabodetabek yang suka naik transportasi umum. tampilan aplikasinya juga simple dan mudah dimengerti, recomended banget 👍",5,0,2.5.1,2025-07-18 11:09:33,,,2.5.1
560f89d7-f0b7-4111-9c8a-7ac12a601808,Pengguna Google,https://play-lh.googleusercontent.com/EGemoI2NTXmTsBVtJqk8jxF9rh8ApRWfsIMQSt2uE4OcpQqbFu7f7NbTK05lx80nuSijCz7sc3a277R67g,"semenjak ada aplikasinya, ga perlu ribet ribet lagi harus ini harus itu. aplikasinya udah paket lengkap mulai dari informasi route, jadwal, lokasi, pembelian tiketnya, smpe pembayaran. mantep banget dah pokonya",5,0,2.5.1,2025-07-18 10:47:53,,,2.5.1
86ee6afe-7016-4d4a-ac98-31080ac62b90,Pengguna Google,https://play-lh.googleusercontent.com/EGemoI2NTXmTsBVtJqk8jxF9rh8ApRWfsIMQSt2uE4OcpQqbFu7f7NbTK05lx80nuSijCz7sc3a277R67g,"berharap bisa sat set kerna pembelian tiket skrg sdh bisa pakai blu bca tp nyatanya tiket di scan QR pas mau masuk susah minta ampun,gw kira cm di 1 halte bsk nya coba lg di halte brbeda sm aja susah buat scan QR. Jd ttp butuh bantuan petugas halte buat mau msk, mau cepet jd lama",2,1,2.5.1,2025-07-18 09:01:58,,,2.5.1
1614f24e-fe0d-47f7-8980-d919e8be0a0a,Pengguna Google,https://play-lh.googleusercontent.com/EGemoI2NTXmTsBVtJqk8jxF9rh8ApRWfsIMQSt2uE4OcpQqbFu7f7NbTK05lx80nuSijCz7sc3a277R67g,"Saya sangat puas dengan pengalaman menggunakan Transjakarta! Bus yang bersih dan nyaman, serta supir yang ramah dan profesional, membuat perjalanan saya menjadi lebih menyenangkan. Rute yang luas dan jadwal yang teratur juga memudahkan saya untuk berpindah-pindah tempat di Jakarta. Selain itu, harga tiket yang terjangkau membuat Transjakarta menjadi pilihan yang tepat untuk transportasi sehari-hari.",5,0,2.5.1,2025-07-17 20:12:41,,,2.5.1
a6dcde36-8047-4dc8-aebf-7515bda99aa7,Pengguna Google,https://play-lh.googleusercontent.com/EGemoI2NTXmTsBVtJqk8jxF9rh8ApRWfsIMQSt2uE4OcpQqbFu7f7NbTK05lx80nuSijCz7sc3a277R67g,mantap nih aplikasi Transjakarta bisa tracking bisnya abis itu bisa liat jadwalnya juga ngebantu banget pokonya,5,0,2.5.1,2025-07-17 19:34:25,,,2.5.1
8465bf07-657c-419b-b217-a7d9a9059ea1,Pengguna Google,https://play-lh.googleusercontent.com/EGemoI2NTXmTsBVtJqk8jxF9rh8ApRWfsIMQSt2uE4OcpQqbFu7f7NbTK05lx80nuSijCz7sc3a277R67g,keren transjakarta ada appsnya ngebantu banget asli fitur tracking busnya buat gue yang tiap hari berangkat kerja pake TJ.,5,0,2.5.1,2025-07-17 19:25:25,,,2.5.1
2438e232-6812-4463-9e99-72d988fd6792,Pengguna Google,https://play-lh.googleusercontent.com/EGemoI2NTXmTsBVtJqk8jxF9rh8ApRWfsIMQSt2uE4OcpQqbFu7f7NbTK05lx80nuSijCz7sc3a277R67g,aplikasi Yang Sangat Bagus dengan Aplikasi Ini Kita Mudah berpegian Mana Saja Dan Kapan Saja Mudah dan Cepat,5,0,2.5.1,2025-07-17 18:46:06,,,2.5.1
eed3b051-0b3f-4ffe-bfab-87bf5e38769a,Pengguna Google,https://play-lh.googleusercontent.com/EGemoI2NTXmTsBVtJqk8jxF9rh8ApRWfsIMQSt2uE4OcpQqbFu7f7NbTK05lx80nuSijCz7sc3a277R67g,"Jujurly, ini aplikasi underrated banget. Padahal fiturnya mantep dan ngebantu parah.😍",5,0,2.5.1,2025-07-17 18:10:59,,,2.5.1
2e7474df-af93-4508-9ada-738f240a265a,Pengguna Google,https://play-lh.googleusercontent.com/EGemoI2NTXmTsBVtJqk8jxF9rh8ApRWfsIMQSt2uE4OcpQqbFu7f7NbTK05lx80nuSijCz7sc3a277R67g,bagus naik Transjakarta siang-siang adem banget bikin ngantuk👍🏻,5,0,2.5.1,2025-07-17 17:48:08,,,2.5.1
8c8aa9b3-fabe-4e7b-9ae9-8d1a0e03c76b,Pengguna Google,https://play-lh.googleusercontent.com/EGemoI2NTXmTsBVtJqk8jxF9rh8ApRWfsIMQSt2uE4OcpQqbFu7f7NbTK05lx80nuSijCz7sc3a277R67g,transjakarta sangat membantu saya waktu saya pertama kali merantau diibu kota dan saya merasa sangat terbantu dengan adanya transjakarta dikarenakan budget yang saya keluarkan setiap hari waktu berangkat kerja sangat murah dan terjangkau dan semoga lebih ditingkatkan lagi dalam pelayananya saya merasa sangat puas dengan adanya bis transjakarta,5,0,2.5.1,2025-07-17 17:35:30,,,2.5.1
228a29f1-a6e5-4481-ad3d-569b5726b402,Pengguna Google,https://play-lh.googleusercontent.com/EGemoI2NTXmTsBVtJqk8jxF9rh8ApRWfsIMQSt2uE4OcpQqbFu7f7NbTK05lx80nuSijCz7sc3a277R67g,sangat mempermudah meningkatkan pelayanan Transjakarta,5,0,2.5.1,2025-07-17 17:33:54,,,2.5.1
f2e524ac-e67f-49bd-a78f-89209f864f19,Pengguna Google,https://play-lh.googleusercontent.com/EGemoI2NTXmTsBVtJqk8jxF9rh8ApRWfsIMQSt2uE4OcpQqbFu7f7NbTK05lx80nuSijCz7sc3a277R67g,aplikasinya sangat membantu dan memudahkan pengguna menemukan rute bus. Biayanya juga terjangkau dan tampilan aplikasinya juga mudah untuk dipahami.,5,0,2.5.1,2025-07-17 17:31:53,,,2.5.1
42ae5815-90bd-4f11-8321-d32876dd2fcb,Pengguna Google,https://play-lh.googleusercontent.com/EGemoI2NTXmTsBVtJqk8jxF9rh8ApRWfsIMQSt2uE4OcpQqbFu7f7NbTK05lx80nuSijCz7sc3a277R67g,untuk layanan ini sangat bagus dan berguna untuk warga jakarta dan sangat memudahkan transportasi untuk kemana mana,5,0,2.5.1,2025-07-17 17:31:52,,,2.5.1
99267616-7eaa-4ef2-8f17-e2de3402a67f,Pengguna Google,https://play-lh.googleusercontent.com/EGemoI2NTXmTsBVtJqk8jxF9rh8ApRWfsIMQSt2uE4OcpQqbFu7f7NbTK05lx80nuSijCz7sc3a277R67g,aplikasi sangat membantu untuk transport jakarta fiturnya juga mudah di pahami untuk navigasinya juga jelas,5,0,2.5.1,2025-07-17 17:25:13,,,2.5.1
10ffb5f0-979a-4b10-8842-a2979a66e73d,Pengguna Google,https://play-lh.googleusercontent.com/EGemoI2NTXmTsBVtJqk8jxF9rh8ApRWfsIMQSt2uE4OcpQqbFu7f7NbTK05lx80nuSijCz7sc3a277R67g,"Aplikasi transjakarta sangat berguna dan berfungsi,Pelayanan nya cepat tidak susah dan tidak ribet,gampang yang lagi mau berpergian / kemana mana.",5,0,,2025-07-17 16:58:52,,,
7e10c050-de86-490c-8e49-5d8fa98e9000,Pengguna Google,https://play-lh.googleusercontent.com/EGemoI2NTXmTsBVtJqk8jxF9rh8ApRWfsIMQSt2uE4OcpQqbFu7f7NbTK05lx80nuSijCz7sc3a277R67g,setelah ada aplikasi ini enak banget buat ngecek rute&jadwal bus sih..semua real time dan sangat membantu untuk kebutuhan transportasi sehari hari..terimakasih,5,0,,2025-07-17 16:34:59,,,
54e98281-2510-43b0-89c0-fe789c68061d,Pengguna Google,https://play-lh.googleusercontent.com/EGemoI2NTXmTsBVtJqk8jxF9rh8ApRWfsIMQSt2uE4OcpQqbFu7f7NbTK05lx80nuSijCz7sc3a277R67g,"Transjakarta adalah sistem transportasi bus rapid transit (BRT) yang beroperasi di Jakarta sejak tahun 2004. Layanan ini dirancang untuk memberikan solusi transportasi massal yang cepat, efisien, dan terjangkau bagi warga ibu kota. Salah satu keunggulan Transjakarta adalah jalur busway khusus yang meminimalkan hambatan lalu lintas, sehingga waktu tempuh bisa lebih terprediksi dibanding kendaraan pribadi atau angkutan umum biasa. Armada bus yang digunakan cukup beragam, mulai dari bus gandeng,",5,0,2.5.1,2025-07-17 16:27:39,,,2.5.1
de018303-dd22-408a-ab88-53b5f7a972ef,Pengguna Google,https://play-lh.googleusercontent.com/EGemoI2NTXmTsBVtJqk8jxF9rh8ApRWfsIMQSt2uE4OcpQqbFu7f7NbTK05lx80nuSijCz7sc3a277R67g,"aplikasi transjakarta sangat bermanfaat, layanan nya baik dan ramah, jadi gampang buat kemana mana, buruan coba in deh ini aplikasi dijamin gampang + gak ribet.",5,0,2.5.1,2025-07-17 16:13:42,,,2.5.1
885c60d2-5644-41d9-b9a1-a42c63cb2b63,Pengguna Google,https://play-lh.googleusercontent.com/EGemoI2NTXmTsBVtJqk8jxF9rh8ApRWfsIMQSt2uE4OcpQqbFu7f7NbTK05lx80nuSijCz7sc3a277R67g,"data bus masuk gak sinkron, kadang bisa kadang kagak",1,1,2.5.1,2025-07-17 15:55:27,,,2.5.1
cf6193c2-8c1c-40a1-afc2-19557eb8337c,Pengguna Google,https://play-lh.googleusercontent.com/EGemoI2NTXmTsBVtJqk8jxF9rh8ApRWfsIMQSt2uE4OcpQqbFu7f7NbTK05lx80nuSijCz7sc3a277R67g,"suka banget, aku keliling"" jakarta pake aplikasi ini seneng bgt murah trs gampang bgt buat pembayaran nya. aplikasinya juga memudahkan buat cari halte sama rute terdekatnya😍👍",5,0,2.5.1,2025-07-17 15:53:38,,,2.5.1
380be21f-7d77-47f9-a8ee-87746a05d6da,Pengguna Google,https://play-lh.googleusercontent.com/EGemoI2NTXmTsBVtJqk8jxF9rh8ApRWfsIMQSt2uE4OcpQqbFu7f7NbTK05lx80nuSijCz7sc3a277R67g,"aplikasinya sangat ngebantu bangett kalo mau kemana-mana,terutama buatt pergi liburan/jalan-jalan,rutenya pokoknya rekomended bgt deh mnurutku",5,0,2.5.1,2025-07-17 15:51:37,,,2.5.1
ee5ce79c-69de-470f-adcf-012c4bc08fb0,Pengguna Google,https://play-lh.googleusercontent.com/EGemoI2NTXmTsBVtJqk8jxF9rh8ApRWfsIMQSt2uE4OcpQqbFu7f7NbTK05lx80nuSijCz7sc3a277R67g,"Transjakarta ini memudahkan kita untuk perjalanan, kita dapat membeli tiket dan bertransaksi lainya,mantap transjakarta pokoknya",5,0,,2025-07-17 15:17:29,,,
222d4773-81ff-4f53-9cea-3c3bc0747f38,Pengguna Google,https://play-lh.googleusercontent.com/EGemoI2NTXmTsBVtJqk8jxF9rh8ApRWfsIMQSt2uE4OcpQqbFu7f7NbTK05lx80nuSijCz7sc3a277R67g,"aplikasi yang sangat membantu untuk orang perantauan seperti saya, mempermudah cari halte bis dan bayar tiket👍",5,0,2.5.1,2025-07-17 14:59:05,,,2.5.1
039463d2-765a-4935-af0a-4afca1b5cdd6,Pengguna Google,https://play-lh.googleusercontent.com/EGemoI2NTXmTsBVtJqk8jxF9rh8ApRWfsIMQSt2uE4OcpQqbFu7f7NbTK05lx80nuSijCz7sc3a277R67g,aplikasi yang sangat membantu fitur yang lengkap dapat memantau perjalanan dg baik semoga kedepan nya semakin upgrade lagii..mantapp sihh terimakasih sudah membuat aplikasi ini 😍😍,5,0,2.5.1,2025-07-17 14:49:46,,,2.5.1
0c03cd5b-a306-4b4f-8034-9e0ae7916fa7,Pengguna Google,https://play-lh.googleusercontent.com/EGemoI2NTXmTsBVtJqk8jxF9rh8ApRWfsIMQSt2uE4OcpQqbFu7f7NbTK05lx80nuSijCz7sc3a277R67g,"Aplikasi ini kayak sahabat sejati di Jakarta! Mau kemana tinggal cek rute, bus-nya udah sampe mana, semua keliatan. Serius deh, hidupku yang tadinya penuh drama nunggu TJ sekarang lebih damai. Thank you Transjakarta, kamu bukan cuma bus... kamu harapan. 🚌✨",5,0,2.5.1,2025-07-17 13:44:09,,,2.5.1
0072cbfc-3eac-404c-ac2b-8842c88a9292,Pengguna Google,https://play-lh.googleusercontent.com/EGemoI2NTXmTsBVtJqk8jxF9rh8ApRWfsIMQSt2uE4OcpQqbFu7f7NbTK05lx80nuSijCz7sc3a277R67g,selalu gak akurat titik busnya,1,1,2.5.1,2025-07-17 09:34:12,,,2.5.1
62c6b845-50b7-4199-8b4f-23d9248e7969,Pengguna Google,https://play-lh.googleusercontent.com/EGemoI2NTXmTsBVtJqk8jxF9rh8ApRWfsIMQSt2uE4OcpQqbFu7f7NbTK05lx80nuSijCz7sc3a277R67g,"kirain bisa buat chek saldo kartu jaklingko,bikin apk nanggung amat fungsinya",3,1,2.5.1,2025-07-16 13:40:25,,,2.5.1
81b9a04e-565b-4d38-a980-0b8b0d0ef48e,Pengguna Google,https://play-lh.googleusercontent.com/EGemoI2NTXmTsBVtJqk8jxF9rh8ApRWfsIMQSt2uE4OcpQqbFu7f7NbTK05lx80nuSijCz7sc3a277R67g,"interval Tj 10h biasanya 10 menit. tapi hari ini jadi 20 menit, g ad pemberitahuan apapun atau berita yang ngasih tau ada kendala atau bagaimana.",1,0,,2025-07-16 09:17:45,,,
36ca985a-0e19-4ecb-93c0-9afb9eff0172,Pengguna Google,https://play-lh.googleusercontent.com/EGemoI2NTXmTsBVtJqk8jxF9rh8ApRWfsIMQSt2uE4OcpQqbFu7f7NbTK05lx80nuSijCz7sc3a277R67g,app kurang memuaskan,1,0,2.5.1,2025-07-16 03:22:47,,,2.5.1
18c0c3b5-5028-4d94-ab94-750ae47bb8b1,Pengguna Google,https://play-lh.googleusercontent.com/EGemoI2NTXmTsBVtJqk8jxF9rh8ApRWfsIMQSt2uE4OcpQqbFu7f7NbTK05lx80nuSijCz7sc3a277R67g,"Kenapa saat saya cari PRJ 1, PRJ 2 kenapa tidak bisa dilihat rutenya dan saya bingung padahal saya ingin naik bus PRJ 1 dan PRJ 2, tolong di perbaiki untuk rutenya saat saya cek rute katanya jaringan bermasalah pas saya liat rute yang lain itu bisa kelihatan",2,0,2.5.1,2025-07-14 16:59:51,,,2.5.1
f02c0412-4db5-4f2a-8ee5-2594cc72001c,Pengguna Google,https://play-lh.googleusercontent.com/EGemoI2NTXmTsBVtJqk8jxF9rh8ApRWfsIMQSt2uE4OcpQqbFu7f7NbTK05lx80nuSijCz7sc3a277R67g,"update keluar masuk busway nya banyak yg meleset, jelek banget",1,0,2.5.1,2025-07-14 16:21:12,,,2.5.1
4f665744-cc86-4d20-b3bc-5af8a08d8f45,Pengguna Google,https://play-lh.googleusercontent.com/EGemoI2NTXmTsBVtJqk8jxF9rh8ApRWfsIMQSt2uE4OcpQqbFu7f7NbTK05lx80nuSijCz7sc3a277R67g,kenapa untuk busway yang no 6 ragunan Galunggung unit nya cuma sedikit mana lama lagi nunggu nya di liat di aplikasi nya cuma jalan 3unit kalau pulang malam,2,0,,2025-07-13 23:53:33,,,
3cdb0aa7-89fb-450a-86bc-ea5a3ffb8874,Pengguna Google,https://play-lh.googleusercontent.com/EGemoI2NTXmTsBVtJqk8jxF9rh8ApRWfsIMQSt2uE4OcpQqbFu7f7NbTK05lx80nuSijCz7sc3a277R67g,Membantu perjalanan jadi tahu,5,0,2.5.0,2025-07-13 13:10:17,,,2.5.0
67c0a2b3-2315-4eea-9ff1-182b0693c55b,Pengguna Google,https://play-lh.googleusercontent.com/EGemoI2NTXmTsBVtJqk8jxF9rh8ApRWfsIMQSt2uE4OcpQqbFu7f7NbTK05lx80nuSijCz7sc3a277R67g,sangat membantu,5,0,2.5.1,2025-07-12 19:47:07,,,2.5.1
e75c6f03-da1d-432a-8619-6d8b9112c00c,Pengguna Google,https://play-lh.googleusercontent.com/EGemoI2NTXmTsBVtJqk8jxF9rh8ApRWfsIMQSt2uE4OcpQqbFu7f7NbTK05lx80nuSijCz7sc3a277R67g,bagus,5,0,2.5.1,2025-07-12 17:58:30,,,2.5.1
7ff4ac16-0034-4a39-bf57-97b4a836f99b,Pengguna Google,https://play-lh.googleusercontent.com/EGemoI2NTXmTsBVtJqk8jxF9rh8ApRWfsIMQSt2uE4OcpQqbFu7f7NbTK05lx80nuSijCz7sc3a277R67g,"fitur rute dan busnya sudah ok, tapi Qris TJ masih butuh perbaikan tap out / tap in susah dan lama, apalagi transit dari bus BRT ke NON-BRT sering terkendala",2,0,2.5.1,2025-07-12 17:34:30,,,2.5.1
96e6ee3c-95b7-4c33-b6b7-cbc9b54cf821,Pengguna Google,https://play-lh.googleusercontent.com/EGemoI2NTXmTsBVtJqk8jxF9rh8ApRWfsIMQSt2uE4OcpQqbFu7f7NbTK05lx80nuSijCz7sc3a277R67g,jaringan stabil tpi ngambil data bus sama rute aja makan waktu 5 menit lebih,1,0,2.5.1,2025-07-12 09:00:10,,,2.5.1
4b646b0f-fd97-406d-85ae-bce6f8c21983,Pengguna Google,https://play-lh.googleusercontent.com/EGemoI2NTXmTsBVtJqk8jxF9rh8ApRWfsIMQSt2uE4OcpQqbFu7f7NbTK05lx80nuSijCz7sc3a277R67g,"kalau bisa rute dari csw ke puribeta/CBD di perbanyak lagii busnya,,,nunggu 15 menit sampe 30 menitan",4,0,2.5.1,2025-07-12 07:36:59,,,2.5.1
a42ac581-ce91-4e14-91d9-2f380e9c6093,Pengguna Google,https://play-lh.googleusercontent.com/EGemoI2NTXmTsBVtJqk8jxF9rh8ApRWfsIMQSt2uE4OcpQqbFu7f7NbTK05lx80nuSijCz7sc3a277R67g,"Aplikasi Transjakarta benar-benar membantu! Navigasi mudah, tampilannya simpel, dan informasi rute selalu update. Cocok banget buat warga Jabodetabek yang sering naik bus. Fitur pencarian halte dan estimasi waktu kedatangan juga sangat berguna. Semoga ke depannya terus ditingkatkan stabilitas dan fitur-fiturnya. Mantap, Transjakarta! 🙌🚌",5,3,2.5.1,2025-07-11 01:07:37,,,2.5.1
982ef902-e3d8-4ba4-b86b-65dea06ca0e6,Pengguna Google,https://play-lh.googleusercontent.com/EGemoI2NTXmTsBVtJqk8jxF9rh8ApRWfsIMQSt2uE4OcpQqbFu7f7NbTK05lx80nuSijCz7sc3a277R67g,sangat membantu,5,0,2.5.1,2025-07-10 22:58:14,,,2.5.1
0dca3954-4fdd-4d09-b2b8-314be45d1230,Pengguna Google,https://play-lh.googleusercontent.com/EGemoI2NTXmTsBVtJqk8jxF9rh8ApRWfsIMQSt2uE4OcpQqbFu7f7NbTK05lx80nuSijCz7sc3a277R67g,"sudah 3 kali beli tiket,, ketika scan selalu gagal trus,,, bahkan gk respon... sampe"" penjaga pintunya bilang,, hp'a jadul sih.... !",2,0,2.5.1,2025-07-10 11:14:42,,,2.5.1
3cc88048-aa0d-49fd-b135-f16dcbcba700,Pengguna Google,https://play-lh.googleusercontent.com/EGemoI2NTXmTsBVtJqk8jxF9rh8ApRWfsIMQSt2uE4OcpQqbFu7f7NbTK05lx80nuSijCz7sc3a277R67g,"Turun bintang, setelah update, saya tidak bisa melacak kendaraan yang saya mau naiki, sinyal aman, wifi kenceng, tapi tetap tidak bisa mendeteksi posisi bus yg saya tunggu",1,2,2.5.1,2025-07-10 09:07:06,,,2.5.1
f6bddbfd-bcc4-4673-9738-b26396d40215,Pengguna Google,https://play-lh.googleusercontent.com/EGemoI2NTXmTsBVtJqk8jxF9rh8ApRWfsIMQSt2uE4OcpQqbFu7f7NbTK05lx80nuSijCz7sc3a277R67g,download lama,3,0,,2025-07-09 13:48:29,,,
ef87a2ac-05b8-4a7a-9cbc-f771af757189,Pengguna Google,https://play-lh.googleusercontent.com/EGemoI2NTXmTsBVtJqk8jxF9rh8ApRWfsIMQSt2uE4OcpQqbFu7f7NbTK05lx80nuSijCz7sc3a277R67g,"Mohon maaf, ini kenapa ya semenjak di update ketika saya mau klik tujuan kemana, sering coba lagi terus, padahal sinyal bagus, mohon di jawab",4,0,,2025-07-09 04:42:32,,,
b4fac485-c8fe-430d-9605-3515507f7b88,Pengguna Google,https://play-lh.googleusercontent.com/EGemoI2NTXmTsBVtJqk8jxF9rh8ApRWfsIMQSt2uE4OcpQqbFu7f7NbTK05lx80nuSijCz7sc3a277R67g,"tidak bisa mengirimkan gambar, harus foto / video langsung dan aplikasi sulit untuk pengguna,harus banyak yg dirubah. anggaran mahal2 cuma buat bayar buzzer playstore doang.",1,15,2.5.1,2025-07-08 23:18:27,,,2.5.1
78f89aab-fa33-4744-898c-6c58c00007ee,Pengguna Google,https://play-lh.googleusercontent.com/EGemoI2NTXmTsBVtJqk8jxF9rh8ApRWfsIMQSt2uE4OcpQqbFu7f7NbTK05lx80nuSijCz7sc3a277R67g,jak10 banyakin dong masa dikit bener,5,0,2.5.1,2025-07-08 09:25:14,,,2.5.1
922a191a-4e05-4ea3-9c98-6f989beea4e7,Pengguna Google,https://play-lh.googleusercontent.com/EGemoI2NTXmTsBVtJqk8jxF9rh8ApRWfsIMQSt2uE4OcpQqbFu7f7NbTK05lx80nuSijCz7sc3a277R67g,ok banget,5,0,2.5.0,2025-07-07 17:44:08,,,2.5.0
c8044e0a-4756-4b00-9e9b-31261a06928c,Pengguna Google,https://play-lh.googleusercontent.com/EGemoI2NTXmTsBVtJqk8jxF9rh8ApRWfsIMQSt2uE4OcpQqbFu7f7NbTK05lx80nuSijCz7sc3a277R67g,"penjaga halte pasar Pulo gadung sangat tidak membantu justru mempersulit penumpang, dan memperlambat penumpang untuk baik bus Transjakarta. tidak seperti penjaga di halte lain yang mempercepat penumpang untuk naik ke bus",3,0,2.5.1,2025-07-07 08:27:09,,,2.5.1
6c5e6fa8-7c14-40a8-826a-34e0dd829918,Pengguna Google,https://play-lh.googleusercontent.com/EGemoI2NTXmTsBVtJqk8jxF9rh8ApRWfsIMQSt2uE4OcpQqbFu7f7NbTK05lx80nuSijCz7sc3a277R67g,4k bergerombol ke arah kejaksaan agung.. di tengah kosong.. manajemen operator checker nya bagaimana ya ?? konyol bin kocak... kenapa ngga 5 atau 10menit di lepas ! bukannya berGEROMBOL KONVOI...kasihan penumpang pukul 21.30 anak² dan Lansia TERLANTAR !!! TOLONG OPERATOR 4K !!! ANDA SEMUA BISA KEEJA TIDAK !!!,1,0,2.5.0,2025-07-06 21:33:11,,,2.5.0
a41b97b8-e198-4b93-bcf6-e611dee6209e,Pengguna Google,https://play-lh.googleusercontent.com/EGemoI2NTXmTsBVtJqk8jxF9rh8ApRWfsIMQSt2uE4OcpQqbFu7f7NbTK05lx80nuSijCz7sc3a277R67g,baik,2,0,2.4.2,2025-07-06 11:43:09,,,2.4.2
5cf0b4ac-e0a3-47fd-9f60-acebb586daaf,Pengguna Google,https://play-lh.googleusercontent.com/EGemoI2NTXmTsBVtJqk8jxF9rh8ApRWfsIMQSt2uE4OcpQqbFu7f7NbTK05lx80nuSijCz7sc3a277R67g,"rute senen lebak bulus (6H) ,kenapa gak update, masa rutenya dari ujung ke ujung lebak bulus ke lebak bulus, tolong diperbaiki",3,0,2.5.1,2025-07-06 10:37:04,,,2.5.1
88b54e2f-2f29-4c7f-a1e7-d801ec08eeb3,Pengguna Google,https://play-lh.googleusercontent.com/EGemoI2NTXmTsBVtJqk8jxF9rh8ApRWfsIMQSt2uE4OcpQqbFu7f7NbTK05lx80nuSijCz7sc3a277R67g,mantap,5,0,2.4.2,2025-07-05 17:13:18,,,2.4.2
7bb96144-e738-4c72-add0-2b39392e5e9e,Pengguna Google,https://play-lh.googleusercontent.com/EGemoI2NTXmTsBVtJqk8jxF9rh8ApRWfsIMQSt2uE4OcpQqbFu7f7NbTK05lx80nuSijCz7sc3a277R67g,beberapa minggu ini erorr mulu kalo mau liat rute,4,0,2.5.1,2025-07-05 16:32:47,,,2.5.1
681838e0-ec26-4755-8a1d-906f46bd6093,Pengguna Google,https://play-lh.googleusercontent.com/EGemoI2NTXmTsBVtJqk8jxF9rh8ApRWfsIMQSt2uE4OcpQqbFu7f7NbTK05lx80nuSijCz7sc3a277R67g,"bagus, sesuai ketepatan posisi & waktu busnya.",5,0,2.5.1,2025-07-05 14:07:05,,,2.5.1
6c5b0f00-fda1-4445-a8f6-c8b8858968c5,Pengguna Google,https://play-lh.googleusercontent.com/EGemoI2NTXmTsBVtJqk8jxF9rh8ApRWfsIMQSt2uE4OcpQqbFu7f7NbTK05lx80nuSijCz7sc3a277R67g,pembayarannya tidak ada pilihan yg mudah ?,2,0,2.5.1,2025-07-05 13:51:19,,,2.5.1
71ae5db3-a523-4154-9c89-889f7ef5f7ab,Pengguna Google,https://play-lh.googleusercontent.com/EGemoI2NTXmTsBVtJqk8jxF9rh8ApRWfsIMQSt2uE4OcpQqbFu7f7NbTK05lx80nuSijCz7sc3a277R67g,makasih TJ liburan ny bisa keliling Jakarta😍,5,0,2.5.1,2025-07-05 04:08:28,,,2.5.1
1ab0c918-6b73-4df3-a996-3be220f01265,Pengguna Google,https://play-lh.googleusercontent.com/EGemoI2NTXmTsBVtJqk8jxF9rh8ApRWfsIMQSt2uE4OcpQqbFu7f7NbTK05lx80nuSijCz7sc3a277R67g,aplikasinya mah bagus2 aja yg ga bagus sistem refundnya lelet. udah bikin aduan pengembalian dari jam setengah 8 sampe skrg belum ada duit balik padahal bukti udah jelas😭,1,1,2.5.1,2025-07-04 18:13:21,,,2.5.1
eae39da5-c57b-4c96-8733-19973b8e3849,Pengguna Google,https://play-lh.googleusercontent.com/EGemoI2NTXmTsBVtJqk8jxF9rh8ApRWfsIMQSt2uE4OcpQqbFu7f7NbTK05lx80nuSijCz7sc3a277R67g,"tidak bisa daftar, internal server error",1,1,2.5.1,2025-07-04 16:25:28,,,2.5.1
4a39deb5-3208-46b3-b449-58a8e6ff5ee8,Pengguna Google,https://play-lh.googleusercontent.com/EGemoI2NTXmTsBVtJqk8jxF9rh8ApRWfsIMQSt2uE4OcpQqbFu7f7NbTK05lx80nuSijCz7sc3a277R67g,"semenjak update terbaru, kenapa apk-ny tidak bisa digunakan ...",1,1,,2025-07-04 09:35:00,,,
46d94a76-0153-4bcf-afdc-af97979257b3,Pengguna Google,https://play-lh.googleusercontent.com/EGemoI2NTXmTsBVtJqk8jxF9rh8ApRWfsIMQSt2uE4OcpQqbFu7f7NbTK05lx80nuSijCz7sc3a277R67g,"titik map banyak yang ngaco, ayolah di update!",1,2,2.5.1,2025-07-04 08:26:33,,,2.5.1
dc690be9-dbcf-413b-a344-3a8478c9162d,Pengguna Google,https://play-lh.googleusercontent.com/EGemoI2NTXmTsBVtJqk8jxF9rh8ApRWfsIMQSt2uE4OcpQqbFu7f7NbTK05lx80nuSijCz7sc3a277R67g,cukup membantu mngetahui posisi armada yg ingin dinaiki,5,0,2.5.1,2025-07-04 05:38:57,,,2.5.1
7078dade-84a7-4c93-8ded-0b51b77e8d80,Pengguna Google,https://play-lh.googleusercontent.com/EGemoI2NTXmTsBVtJqk8jxF9rh8ApRWfsIMQSt2uE4OcpQqbFu7f7NbTK05lx80nuSijCz7sc3a277R67g,ok,5,0,2.5.0,2025-07-03 12:20:11,,,2.5.0
81fcb2a9-aae9-4679-b130-3a53287b5a35,Pengguna Google,https://play-lh.googleusercontent.com/EGemoI2NTXmTsBVtJqk8jxF9rh8ApRWfsIMQSt2uE4OcpQqbFu7f7NbTK05lx80nuSijCz7sc3a277R67g,"aplikasinya benar2 ngebantu banget, proses pembelian tiket nya mudah dan ga ribet harga nya juga sangat terjangkau di tambah lagi fitur fitur yang ada di aplikasi sangat mudah di fahami jadi ngebantu banget",5,0,2.5.0,2025-07-03 08:00:53,,,2.5.0
f1c20cd2-5409-455e-879a-bb2c80a9b98a,Pengguna Google,https://play-lh.googleusercontent.com/EGemoI2NTXmTsBVtJqk8jxF9rh8ApRWfsIMQSt2uE4OcpQqbFu7f7NbTK05lx80nuSijCz7sc3a277R67g,"GPS utk tentukan lokasi saya tdk fungsi, sebelumnya fungsi, mau masuk ligin jg trouble hrs via google, fix it",1,0,,2025-07-02 16:42:07,,,
f7697391-1dee-43a1-a0ba-7a9140afbb83,Pengguna Google,https://play-lh.googleusercontent.com/EGemoI2NTXmTsBVtJqk8jxF9rh8ApRWfsIMQSt2uE4OcpQqbFu7f7NbTK05lx80nuSijCz7sc3a277R67g,"supir gak berhenti di bus stop mentang-mentang bus stop berikut nya deketan, kadang blom selesai naik juga udah main gas aja, trs juga suka gak dibuka 2 pintu malah cuma buka pintu belakang padahal ada motor parkir deket pintu belakang jadi susah mau naik, kocakk, gak profesional bangett",1,0,2.5.0,2025-07-02 14:00:50,,,2.5.0
1b59ac9b-9222-4180-8404-a7fb52b5f57c,Pengguna Google,https://play-lh.googleusercontent.com/EGemoI2NTXmTsBVtJqk8jxF9rh8ApRWfsIMQSt2uE4OcpQqbFu7f7NbTK05lx80nuSijCz7sc3a277R67g,barcode pembelian tiket bus ga boleh di pake di halte st. palmerah,2,0,2.5.0,2025-07-02 08:35:06,,,2.5.0
db8d9f75-c1be-4c8a-8cc0-87edd49c8a2e,Pengguna Google,https://play-lh.googleusercontent.com/EGemoI2NTXmTsBVtJqk8jxF9rh8ApRWfsIMQSt2uE4OcpQqbFu7f7NbTK05lx80nuSijCz7sc3a277R67g,Aplikasi yang cukup membantu! Interfacenya simple dan praktis. Dapat bantu mempermudah berpergian kemana saja menggunakan bus Transjakarta dengan menampilkan titik bus yang terdekat disekitar anda.,5,0,,2025-07-02 00:42:30,,,
c8ec372a-2496-4ae3-943e-7699e0182b37,Pengguna Google,https://play-lh.googleusercontent.com/EGemoI2NTXmTsBVtJqk8jxF9rh8ApRWfsIMQSt2uE4OcpQqbFu7f7NbTK05lx80nuSijCz7sc3a277R67g,aplikasi yang sangat bagusss,5,0,2.5.0,2025-07-01 21:10:40,,,2.5.0
b6eeb496-16c6-43a9-8994-ecc2f36829c3,Pengguna Google,https://play-lh.googleusercontent.com/EGemoI2NTXmTsBVtJqk8jxF9rh8ApRWfsIMQSt2uE4OcpQqbFu7f7NbTK05lx80nuSijCz7sc3a277R67g,"Aplikasi Transjakarta sangat membantu untuk mobilitas di Jakarta. Fitur pencarian rute dan informasi waktu kedatangan bus cukup akurat dan real-time. Tampilan aplikasinya juga sederhana dan mudah dipahami, bahkan bagi pengguna baru.",5,0,2.5.0,2025-07-01 20:18:20,,,2.5.0
adc8be6b-a45c-40b5-9d89-5e52d91eabf8,Pengguna Google,https://play-lh.googleusercontent.com/EGemoI2NTXmTsBVtJqk8jxF9rh8ApRWfsIMQSt2uE4OcpQqbFu7f7NbTK05lx80nuSijCz7sc3a277R67g,aplikasi transjakarta ini sangat membantu saat mau pergi karena bisa melihat rute lokasi yang ingin dituju bagus fitur-fitur nya juga,5,0,2.5.0,2025-07-01 16:21:03,,,2.5.0
0ba9df31-aeb7-42f6-8335-91a5bacd1b15,Pengguna Google,https://play-lh.googleusercontent.com/EGemoI2NTXmTsBVtJqk8jxF9rh8ApRWfsIMQSt2uE4OcpQqbFu7f7NbTK05lx80nuSijCz7sc3a277R67g,sangat bermanfaat dan berguna sekali untuk selanjutnya lebih ditingkatkan lagi untuk apknya 🙏,5,0,,2025-07-01 16:18:06,,,
e08647fc-de98-4c2b-abb0-a57d2bae0e95,Pengguna Google,https://play-lh.googleusercontent.com/EGemoI2NTXmTsBVtJqk8jxF9rh8ApRWfsIMQSt2uE4OcpQqbFu7f7NbTK05lx80nuSijCz7sc3a277R67g,aplikasi nya sangat berguna,5,0,2.5.0,2025-07-01 16:16:05,,,2.5.0
ab979c4b-15f3-4e54-9aa7-b446f34150af,Pengguna Google,https://play-lh.googleusercontent.com/EGemoI2NTXmTsBVtJqk8jxF9rh8ApRWfsIMQSt2uE4OcpQqbFu7f7NbTK05lx80nuSijCz7sc3a277R67g,"Aplikasi Transjakarta sangat memudahkan dalam bepergian, karna aplikasi ini bepergian jadi lebih simple dan praktis, sangat baik untuk terus dikembangkan agar dapat terus membantu masyarakat dalam hal transportasi",5,0,,2025-07-01 16:04:10,,,
65e85a18-6deb-407b-ac1c-36dc927124cf,Pengguna Google,https://play-lh.googleusercontent.com/EGemoI2NTXmTsBVtJqk8jxF9rh8ApRWfsIMQSt2uE4OcpQqbFu7f7NbTK05lx80nuSijCz7sc3a277R67g,sangat bermanfaat,5,0,2.4.2,2025-07-01 13:23:25,,,2.4.2
40207e09-2209-4a08-a5c6-431886aa64e0,Pengguna Google,https://play-lh.googleusercontent.com/EGemoI2NTXmTsBVtJqk8jxF9rh8ApRWfsIMQSt2uE4OcpQqbFu7f7NbTK05lx80nuSijCz7sc3a277R67g,"transjakarta sangat efisien dalam pelayanannya , transportasi memadai sangat cocok untuk sarana transport tampilannya simple , selain itu juga respon cepat bgt.",5,0,2.5.0,2025-07-01 11:28:44,,,2.5.0
130654d8-5c8a-459d-a681-e629f8f4358c,Pengguna Google,https://play-lh.googleusercontent.com/EGemoI2NTXmTsBVtJqk8jxF9rh8ApRWfsIMQSt2uE4OcpQqbFu7f7NbTK05lx80nuSijCz7sc3a277R67g,"Aplikasi sangat membantu banget jadi mempermudah perjalanan,,apalagi fitur fitur nya mudah di pahami dang sangat bermanfaat",5,0,2.5.0,2025-07-01 08:52:18,,,2.5.0
a7cc851c-b867-4b2e-9120-ea52ce5d5f87,Pengguna Google,https://play-lh.googleusercontent.com/EGemoI2NTXmTsBVtJqk8jxF9rh8ApRWfsIMQSt2uE4OcpQqbFu7f7NbTK05lx80nuSijCz7sc3a277R67g,"Aplikasi TransJakarta ini sangat membantu sekali. Proses pembelian tiket mudah gak ribet. Bisa melihat rute bus, jadwal keberangkatan, dan posisi bus langsung secara real time.",5,0,2.5.0,2025-07-01 08:41:13,,,2.5.0
bfcee06c-fdc2-458c-9358-b7009b0e19df,Pengguna Google,https://play-lh.googleusercontent.com/EGemoI2NTXmTsBVtJqk8jxF9rh8ApRWfsIMQSt2uE4OcpQqbFu7f7NbTK05lx80nuSijCz7sc3a277R67g,"aplikasi ini mempermudah saya saat ke jakarta , jadi bisa mengecek rute yang harus saya tempuh",5,0,2.5.0,2025-07-01 08:04:27,,,2.5.0
d6f43741-ab19-4340-ae60-cf9932ec5f73,Pengguna Google,https://play-lh.googleusercontent.com/EGemoI2NTXmTsBVtJqk8jxF9rh8ApRWfsIMQSt2uE4OcpQqbFu7f7NbTK05lx80nuSijCz7sc3a277R67g,"baguss banget aplikasii nyaa bikin mudah akses kemanaa mana, fiturnya jugaa udah diperbaruii dan gampangg bgtt mesennyaaa rute nyaa jugaaa bisa🫶🫶",5,0,2.5.0,2025-07-01 07:37:21,,,2.5.0
104ab2a6-6ab8-4a07-b9a1-f5c298f27d4e,Pengguna Google,https://play-lh.googleusercontent.com/EGemoI2NTXmTsBVtJqk8jxF9rh8ApRWfsIMQSt2uE4OcpQqbFu7f7NbTK05lx80nuSijCz7sc3a277R67g,"..Aplikasi Transjakarta bener-bener berguna banget....Fitur-fiturnya kayak cek rute, jadwal, posisi bus, navigasi yang gampang, dan info halte yang lengkap bikin perjalanan jadi lebih mudah dan nggak bikin pusing lagi deh...",5,2,2.5.0,2025-07-01 07:21:13,,,2.5.0
ed810bbf-9d80-41c5-a466-1fba355e34a2,Pengguna Google,https://play-lh.googleusercontent.com/EGemoI2NTXmTsBVtJqk8jxF9rh8ApRWfsIMQSt2uE4OcpQqbFu7f7NbTK05lx80nuSijCz7sc3a277R67g,"aplikasi transjakarta ini sangat berguna sekali,karena sangat membantu dalam berpergian,memiliki beberapa fungsi seperti cek rute,jadwal,posisi bus,nafigasi simpel info halte lengkap dan tampilan nya mudah untuk di pahami.",5,0,2.5.0,2025-07-01 07:00:53,,,2.5.0
a753fc58-17c0-48fe-b134-d06f5ac1b515,Pengguna Google,https://play-lh.googleusercontent.com/EGemoI2NTXmTsBVtJqk8jxF9rh8ApRWfsIMQSt2uE4OcpQqbFu7f7NbTK05lx80nuSijCz7sc3a277R67g,"ada bug. dimana saya ga bisa daftar ketika klik tombol ""lanjut"" padahal internet saya lancar -_-",1,0,2.5.0,2025-07-01 06:20:31,,,2.5.0
f826bad9-dbc4-42e8-b7f1-7a644641b50b,Pengguna Google,https://play-lh.googleusercontent.com/EGemoI2NTXmTsBVtJqk8jxF9rh8ApRWfsIMQSt2uE4OcpQqbFu7f7NbTK05lx80nuSijCz7sc3a277R67g,aplikasi yang sangat bagus dan mudah dimengerti dan gampang kepergian kemana pun👍,5,0,2.5.0,2025-06-30 20:59:35,,,2.5.0
3bcaf5a0-1c01-49c0-a18c-17a51916c771,Pengguna Google,https://play-lh.googleusercontent.com/EGemoI2NTXmTsBVtJqk8jxF9rh8ApRWfsIMQSt2uE4OcpQqbFu7f7NbTK05lx80nuSijCz7sc3a277R67g,"Khusus untuk sopir jaklingko diedukasi lagi, banyak dari mereka yg Arogan, pemarah, bawa mobil ugal-ugalan.",1,0,2.4.2,2025-06-30 13:19:08,,,2.4.2
517d0446-61a9-4dd8-b4c0-17b36b9c737b,Pengguna Google,https://play-lh.googleusercontent.com/EGemoI2NTXmTsBVtJqk8jxF9rh8ApRWfsIMQSt2uE4OcpQqbFu7f7NbTK05lx80nuSijCz7sc3a277R67g,"1. ""Jelajah Jakarta dengan Mudah"" 2. ""Satu Aplikasi, Semua Rute"" 3. ""TransJakarta, Lebih Cepat Lebih Mudah"" 4. ""Akses Transportasi Kota yang Lebih Baik"" 5. ""Rencanakan Perjalananmu dengan Praktis"" 6. ""Jakarta Lebih Dekat dengan TransJakarta"" 7. ""Mudah, Cepat, dan Tepat Waktu""",5,0,2.5.0,2025-06-30 09:56:59,,,2.5.0
ac08001b-325c-4686-bdf3-695090cf3d19,Pengguna Google,https://play-lh.googleusercontent.com/EGemoI2NTXmTsBVtJqk8jxF9rh8ApRWfsIMQSt2uE4OcpQqbFu7f7NbTK05lx80nuSijCz7sc3a277R67g,"mempunyai jalur yang luar, menjangkau banyak area di jakarta, layanan nya yang sangat cepat, dan waktu tempuh nya relatif singkat dan cepat",5,0,,2025-06-30 09:32:52,,,
bc74cafa-44e7-4792-9ea8-cfad12cfc1cb,Pengguna Google,https://play-lh.googleusercontent.com/EGemoI2NTXmTsBVtJqk8jxF9rh8ApRWfsIMQSt2uE4OcpQqbFu7f7NbTK05lx80nuSijCz7sc3a277R67g,"aplikasi transjakarta sangat berguna sekali, bisa buat berpergian untuk sehari hari dan saya untuk pergi pulang dalam bekerja",5,0,2.5.0,2025-06-30 09:22:37,,,2.5.0
9101e6f8-19fd-4599-b5c1-150b59cd21e5,Pengguna Google,https://play-lh.googleusercontent.com/EGemoI2NTXmTsBVtJqk8jxF9rh8ApRWfsIMQSt2uE4OcpQqbFu7f7NbTK05lx80nuSijCz7sc3a277R67g,TransJakarta! Sistem transportasi bus rapid transit (BRT) di Jakarta yang efisien dan nyaman.,5,0,2.5.0,2025-06-30 08:30:39,,,2.5.0
bc626fc9-04bd-4ba8-90e2-a6bc8c9df0ef,Pengguna Google,https://play-lh.googleusercontent.com/EGemoI2NTXmTsBVtJqk8jxF9rh8ApRWfsIMQSt2uE4OcpQqbFu7f7NbTK05lx80nuSijCz7sc3a277R67g,Mantap,5,0,,2025-06-30 05:40:03,,,
19dc568e-9a58-4d17-9133-bff1da2364ee,Pengguna Google,https://play-lh.googleusercontent.com/EGemoI2NTXmTsBVtJqk8jxF9rh8ApRWfsIMQSt2uE4OcpQqbFu7f7NbTK05lx80nuSijCz7sc3a277R67g,TransJakarta terus berbenah dan meningkatkan layanan untuk warga Jakarta. Semoga semakin nyaman dan efisien!,5,0,2.5.0,2025-06-30 04:17:06,,,2.5.0
cc84de40-e333-4acb-8998-e576da3fb1f4,Pengguna Google,https://play-lh.googleusercontent.com/EGemoI2NTXmTsBVtJqk8jxF9rh8ApRWfsIMQSt2uE4OcpQqbFu7f7NbTK05lx80nuSijCz7sc3a277R67g,TransJakarta! Salah satu moda transportasi umum favorit di Jakarta.,5,0,2.5.0,2025-06-29 20:39:42,,,2.5.0
8e8c74a2-9401-4e32-9677-801de3090bc2,Pengguna Google,https://play-lh.googleusercontent.com/EGemoI2NTXmTsBVtJqk8jxF9rh8ApRWfsIMQSt2uE4OcpQqbFu7f7NbTK05lx80nuSijCz7sc3a277R67g,"aplikasi Transjakarta sangat berguna sekali,, karena sangat membantu dalam berpergian.memiliki berbagai fungsi seperti cek rute, jadwal, posisi bus.navigasi simpel info halte lengkap dan tampilannya mudah untuk dipahami,, sekarang nggak perlu pusing' lagi karna ada Transjakarta",5,7,2.5.0,2025-06-29 20:18:10,,,2.5.0
45878ea7-5872-4a5e-b940-a5cf4827bc29,Pengguna Google,https://play-lh.googleusercontent.com/EGemoI2NTXmTsBVtJqk8jxF9rh8ApRWfsIMQSt2uE4OcpQqbFu7f7NbTK05lx80nuSijCz7sc3a277R67g,sangat berguna untuk membaca rute perjalanan Transjakarta,5,0,2.4.1,2025-06-29 19:00:22,,,2.4.1
b1af1393-f1b9-4082-b1f8-83ba85b5b134,Pengguna Google,https://play-lh.googleusercontent.com/EGemoI2NTXmTsBVtJqk8jxF9rh8ApRWfsIMQSt2uE4OcpQqbFu7f7NbTK05lx80nuSijCz7sc3a277R67g,aplikasi ini sangat membantu sekali dalam pembelian tiket proses juga sangat cepat dan juga tersedia banyak metode pembayaran jadi mempermudah sekali,5,0,2.5.0,2025-06-29 18:36:24,,,2.5.0
f49852ce-57ca-4ed7-9fb9-d22947f56576,Pengguna Google,https://play-lh.googleusercontent.com/EGemoI2NTXmTsBVtJqk8jxF9rh8ApRWfsIMQSt2uE4OcpQqbFu7f7NbTK05lx80nuSijCz7sc3a277R67g,"Aplikasinya sangat membantu, info halte dan rutenya lengkap. Mantap.",5,0,2.5.0,2025-06-29 17:21:28,,,2.5.0
957501fc-3cc8-4c95-80bb-f11bb1b03e00,Pengguna Google,https://play-lh.googleusercontent.com/EGemoI2NTXmTsBVtJqk8jxF9rh8ApRWfsIMQSt2uE4OcpQqbFu7f7NbTK05lx80nuSijCz7sc3a277R67g,"Aplikasi sangat berguna sekali, karena membantu memberitahukan rute dan jadwal keberangkatan bus sehingga bisa tau kapan jadwal pemberangkatan dan tampilan user yang menarik",5,0,2.5.0,2025-06-29 17:21:27,,,2.5.0
7b08cde9-3325-444c-8249-7244daf71b77,Pengguna Google,https://play-lh.googleusercontent.com/EGemoI2NTXmTsBVtJqk8jxF9rh8ApRWfsIMQSt2uE4OcpQqbFu7f7NbTK05lx80nuSijCz7sc3a277R67g,"aplikasi ini ngebantu banget, sukakkk, love uuu",5,0,,2025-06-29 16:01:54,,,
9bcb6b47-f814-4810-b097-881cf8cbc1aa,Pengguna Google,https://play-lh.googleusercontent.com/EGemoI2NTXmTsBVtJqk8jxF9rh8ApRWfsIMQSt2uE4OcpQqbFu7f7NbTK05lx80nuSijCz7sc3a277R67g,Membantu untuk mencari transportasi,5,0,2.4.2,2025-06-29 12:30:40,,,2.4.2
8c3aa109-e767-4cff-8958-41655c5cbfe9,Pengguna Google,https://play-lh.googleusercontent.com/EGemoI2NTXmTsBVtJqk8jxF9rh8ApRWfsIMQSt2uE4OcpQqbFu7f7NbTK05lx80nuSijCz7sc3a277R67g,Transjakarta bagus sangat berguna untuk melihat rute dan jadwal jam nya,5,0,2.5.0,2025-06-29 11:01:33,,,2.5.0
7342a0a4-eabb-434e-97d9-a0e532a200e4,Pengguna Google,https://play-lh.googleusercontent.com/EGemoI2NTXmTsBVtJqk8jxF9rh8ApRWfsIMQSt2uE4OcpQqbFu7f7NbTK05lx80nuSijCz7sc3a277R67g,kemudahan dalam satu aplikasi,5,0,,2025-06-29 10:47:15,,,
c48b827e-1f3d-42d9-8c0f-21163c7c64c0,Pengguna Google,https://play-lh.googleusercontent.com/EGemoI2NTXmTsBVtJqk8jxF9rh8ApRWfsIMQSt2uE4OcpQqbFu7f7NbTK05lx80nuSijCz7sc3a277R67g,"bagus banget aplikasinya, memudahkan pengguna untuk menemukan rute ke tujuan",5,0,2.5.0,2025-06-29 10:38:14,,,2.5.0
d98be12d-4129-43ff-b991-b611980c1ff7,Pengguna Google,https://play-lh.googleusercontent.com/EGemoI2NTXmTsBVtJqk8jxF9rh8ApRWfsIMQSt2uE4OcpQqbFu7f7NbTK05lx80nuSijCz7sc3a277R67g,"Cari bis transjakarta jadi mudah, dan juga jelas lagi rute-rutenya",5,0,2.5.0,2025-06-29 10:07:32,,,2.5.0
8f50c240-eb9e-40ee-8471-9e6ad92e8e62,Pengguna Google,https://play-lh.googleusercontent.com/EGemoI2NTXmTsBVtJqk8jxF9rh8ApRWfsIMQSt2uE4OcpQqbFu7f7NbTK05lx80nuSijCz7sc3a277R67g,"Aplikasinya ngebantu banget sih, apalagi kalo lagi buru-buru nyari rute atau nunggu bus. Gak perlu nebak-nebak lagi, tinggal cek aja di sini. Tampilan juga enak diliat, gampang dipake. Kadang estimasinya gak 100% akurat, tapi udah oke banget buat bantu perjalanan harian. Semangat terus tim TJ, makin mantap yaa! 🚌🔥",5,0,2.5.0,2025-06-29 08:17:35,,,2.5.0
d4d084c2-1faa-4e2a-bf42-b986b6adb00c,Pengguna Google,https://play-lh.googleusercontent.com/EGemoI2NTXmTsBVtJqk8jxF9rh8ApRWfsIMQSt2uE4OcpQqbFu7f7NbTK05lx80nuSijCz7sc3a277R67g,suka banget! aplikasinya bikin naik bus Transjakarta jadi lebih gampang dan teratur,5,0,2.5.0,2025-06-29 08:16:32,,,2.5.0
de9b2555-d685-4290-a6da-f4a81da78746,Pengguna Google,https://play-lh.googleusercontent.com/EGemoI2NTXmTsBVtJqk8jxF9rh8ApRWfsIMQSt2uE4OcpQqbFu7f7NbTK05lx80nuSijCz7sc3a277R67g,sekarang ke bogor bisa naik tranjakarta,5,0,2.4.1,2025-06-29 02:11:44,,,2.4.1
6d9fd8e2-20c5-4895-97d3-9cd16f266172,Pengguna Google,https://play-lh.googleusercontent.com/EGemoI2NTXmTsBVtJqk8jxF9rh8ApRWfsIMQSt2uE4OcpQqbFu7f7NbTK05lx80nuSijCz7sc3a277R67g,"Aplikasinya mudah diakses dan lancar untuk dibuka pada sistem Android terbaru. Semoga, sistem metode pembayarannya bisa lebih banyak lagii!",5,0,2.5.0,2025-06-28 20:06:56,,,2.5.0
601dad6e-73f0-4214-a42f-1290a331769b,Pengguna Google,https://play-lh.googleusercontent.com/EGemoI2NTXmTsBVtJqk8jxF9rh8ApRWfsIMQSt2uE4OcpQqbFu7f7NbTK05lx80nuSijCz7sc3a277R67g,"semenjak ada aplikasi Transjakarta ini, saya jadi lebih mudah untuk membeli tiket dan lebih mudah untuk mengetahui halte terdekat dari lokasi saya untuk naik transportasi umum ini",5,0,2.5.0,2025-06-28 19:42:36,,,2.5.0
d07b28ec-5c98-4250-b230-1f224b071f9e,Pengguna Google,https://play-lh.googleusercontent.com/EGemoI2NTXmTsBVtJqk8jxF9rh8ApRWfsIMQSt2uE4OcpQqbFu7f7NbTK05lx80nuSijCz7sc3a277R67g,aplikasi trans jakarta membantu sekali dalam hal mencari rute perjalanan,5,0,,2025-06-28 19:21:59,,,
712fce71-9e76-49b0-9636-bc72650fb761,Pengguna Google,https://play-lh.googleusercontent.com/EGemoI2NTXmTsBVtJqk8jxF9rh8ApRWfsIMQSt2uE4OcpQqbFu7f7NbTK05lx80nuSijCz7sc3a277R67g,"aplikasinya keren, gampang dipahami. pokonya ga ribet dan membantu banget buat pemula yang baru download.",5,0,2.5.0,2025-06-28 18:46:30,,,2.5.0
a3365ab8-05ec-416a-a7e9-7780ac7b1cec,Pengguna Google,https://play-lh.googleusercontent.com/EGemoI2NTXmTsBVtJqk8jxF9rh8ApRWfsIMQSt2uE4OcpQqbFu7f7NbTK05lx80nuSijCz7sc3a277R67g,"TransJakarta jadi andalan gue buat keliling Jakarta. Tarifnya cuma Rp3.500, udah ber-AC, rutenya luas, dan lumayan tepat waktu. Kadang emang rame pas jam sibuk, tapi tetap nyaman dan hemat. Cocok buat yang mau ngurangin macet dan irit ongkos!",5,0,,2025-06-28 14:55:18,,,
a8120e46-a885-452e-a2ec-b6fde8600851,Pengguna Google,https://play-lh.googleusercontent.com/EGemoI2NTXmTsBVtJqk8jxF9rh8ApRWfsIMQSt2uE4OcpQqbFu7f7NbTK05lx80nuSijCz7sc3a277R67g,"layanan nya positif karena menawarkan alternatif transportasi yg terjangkau,nyaman dan efisien, biaya hemat, dan juga fasilitas dan kenyamananya💗💗",5,0,2.5.0,2025-06-28 14:36:21,,,2.5.0
5e597d2e-7aa1-455b-9ca6-91c7a3606db2,Pengguna Google,https://play-lh.googleusercontent.com/EGemoI2NTXmTsBVtJqk8jxF9rh8ApRWfsIMQSt2uE4OcpQqbFu7f7NbTK05lx80nuSijCz7sc3a277R67g,"aplikasi ini elegan dan simple, untuk rute lengkap banget jangan ragu ragu deh kalau mau pesan trans jakarta,dan harganya jangan ditanya pasti terjangkau dan ramah dikantong, the best lah pokoknya",5,0,2.5.0,2025-06-28 14:10:46,,,2.5.0
8a67f51b-a624-47f0-91bc-975b1af8e514,Pengguna Google,https://play-lh.googleusercontent.com/EGemoI2NTXmTsBVtJqk8jxF9rh8ApRWfsIMQSt2uE4OcpQqbFu7f7NbTK05lx80nuSijCz7sc3a277R67g,Running applikasinya sangat lambat sekali. perlu develop applikasi nya lebih baik lagi.,2,0,2.5.0,2025-06-28 13:27:31,,,2.5.0
05df9bad-aeb6-4a2d-b599-bb3aa2327406,Pengguna Google,https://play-lh.googleusercontent.com/EGemoI2NTXmTsBVtJqk8jxF9rh8ApRWfsIMQSt2uE4OcpQqbFu7f7NbTK05lx80nuSijCz7sc3a277R67g,Aplikasinya membuat perjalanan menjadi mudah dan efisien,5,0,2.5.0,2025-06-28 13:25:35,,,2.5.0
7e059006-ac70-4629-9399-40eaead5ea3a,Pengguna Google,https://play-lh.googleusercontent.com/EGemoI2NTXmTsBVtJqk8jxF9rh8ApRWfsIMQSt2uE4OcpQqbFu7f7NbTK05lx80nuSijCz7sc3a277R67g,"super membantu dengan adanya aplikasi ini, jadi klo berpergian pake TJ praktis, bisa liat jadwal dan rutenya secara real time, berguna sih",5,0,2.5.0,2025-06-28 12:03:38,,,2.5.0
beb789fb-0929-4043-8cc6-f7477d3f17f0,Pengguna Google,https://play-lh.googleusercontent.com/EGemoI2NTXmTsBVtJqk8jxF9rh8ApRWfsIMQSt2uE4OcpQqbFu7f7NbTK05lx80nuSijCz7sc3a277R67g,"Transjakarta sangat membantu dalam merencanakan perjalanan harian! Fitur tracking bus real-time dan trip planner membuat naik Transjakarta jadi lebih praktis. Tampilan antarmuka bersih dan mudah digunakan. Selain itu ada fitur “Lapor” untuk kondisi halte/bus dan pembelian tiket langsung dari HP—praktis! Cuma, kadang GPS belum akurat dan tap tiket bisa sedikit lambat. Overall, aplikasi ini layak dicoba dan terus ditingkatkan! ⭐⭐⭐⭐⭐",5,16,2.5.0,2025-06-28 08:00:21,,,2.5.0
548f8084-0cc8-492d-9837-7216f51a8c76,Pengguna Google,https://play-lh.googleusercontent.com/EGemoI2NTXmTsBVtJqk8jxF9rh8ApRWfsIMQSt2uE4OcpQqbFu7f7NbTK05lx80nuSijCz7sc3a277R67g,"semenjak koridor 1 untuk di jam malam tidak sampai ke kota hanya sampai kali besar jadi tidak bisa langsung transit naik koridor 12 ke arah Sunter tidak seperti dahulu, ini membuat perjalanan jadi lebih lama karena harus nunggu bus lagi yang ke arah kota padahal cuma 2 halte lagi tidak efisien untuk penumpang kacau",1,4,2.5.0,2025-06-28 04:48:55,,,2.5.0
e1dcec64-29a9-4fed-b5fd-655d618cafb3,Pengguna Google,https://play-lh.googleusercontent.com/EGemoI2NTXmTsBVtJqk8jxF9rh8ApRWfsIMQSt2uE4OcpQqbFu7f7NbTK05lx80nuSijCz7sc3a277R67g,Aplikasi Transjakarta ini membantu saya yang pengguna baru untuk menemukan halte dan bus stop terdekat juga bisa cek informasi kedatangan bus Transjakarta secara real time.,5,0,,2025-06-27 21:07:05,,,
b3f4a51b-32b8-4c2f-8005-29b73bfbd1bd,Pengguna Google,https://play-lh.googleusercontent.com/EGemoI2NTXmTsBVtJqk8jxF9rh8ApRWfsIMQSt2uE4OcpQqbFu7f7NbTK05lx80nuSijCz7sc3a277R67g,aplikasinya sangat membantu untuk saya yang bekerja,5,0,2.5.0,2025-06-27 20:52:51,,,2.5.0
8ae54ce7-291b-41f2-be7c-affffdd96236,Pengguna Google,https://play-lh.googleusercontent.com/EGemoI2NTXmTsBVtJqk8jxF9rh8ApRWfsIMQSt2uE4OcpQqbFu7f7NbTK05lx80nuSijCz7sc3a277R67g,"APK NYA MANTAP SEMUA FITUR BERFUNGSI , POKONYA MANTUL DEH",5,0,,2025-06-27 17:18:54,,,
ee376958-d5ca-4be1-8173-5da7593628a6,Pengguna Google,https://play-lh.googleusercontent.com/EGemoI2NTXmTsBVtJqk8jxF9rh8ApRWfsIMQSt2uE4OcpQqbFu7f7NbTK05lx80nuSijCz7sc3a277R67g,apk yg bagus banget cocok utk kalian yg suka tamasya atau bepergian naik buss,5,0,,2025-06-27 16:25:15,,,
d76ac109-f7e1-4563-b5d6-52cc6603d33d,Pengguna Google,https://play-lh.googleusercontent.com/EGemoI2NTXmTsBVtJqk8jxF9rh8ApRWfsIMQSt2uE4OcpQqbFu7f7NbTK05lx80nuSijCz7sc3a277R67g,aplikasi yang ringan dan berfungsi sebagai rute trans jakarta yang memudahkan transpostasi,5,0,2.5.0,2025-06-27 16:23:21,,,2.5.0
22298bff-6517-4150-a2a8-ae2edc14a7fc,Pengguna Google,https://play-lh.googleusercontent.com/EGemoI2NTXmTsBVtJqk8jxF9rh8ApRWfsIMQSt2uE4OcpQqbFu7f7NbTK05lx80nuSijCz7sc3a277R67g,"Bagus, mudah digunakan dan cepat",5,0,2.5.0,2025-06-27 14:21:29,,,2.5.0
54b6e151-e0b7-45c1-9f9e-36de19d3c6c5,Pengguna Google,https://play-lh.googleusercontent.com/EGemoI2NTXmTsBVtJqk8jxF9rh8ApRWfsIMQSt2uE4OcpQqbFu7f7NbTK05lx80nuSijCz7sc3a277R67g,mau login ga bisa padahal alamat email udah bener masih tetep aja sulit,1,1,2.5.0,2025-06-27 11:38:47,,,2.5.0
7f3c98b8-00d3-4441-a8ac-1779688043d6,Pengguna Google,https://play-lh.googleusercontent.com/EGemoI2NTXmTsBVtJqk8jxF9rh8ApRWfsIMQSt2uE4OcpQqbFu7f7NbTK05lx80nuSijCz7sc3a277R67g,aplikasi trans jakarta menyediakan rute tempat berhenti trans jakarta yang mau transportasi,5,0,2.5.0,2025-06-27 11:18:14,,,2.5.0
690e623b-42f2-438e-854f-78fdb188b65c,Pengguna Google,https://play-lh.googleusercontent.com/EGemoI2NTXmTsBVtJqk8jxF9rh8ApRWfsIMQSt2uE4OcpQqbFu7f7NbTK05lx80nuSijCz7sc3a277R67g,"terimaksih sudah buat apk ini,sangat membantu,apalagi ada estimasi wktu tiba bus nya,jd kita bisa perkirakan,pkok nya apk nya memudahkan bgt ad navugasi nya jgaa hihi",5,0,2.5.0,2025-06-27 11:03:04,,,2.5.0
897ff858-f402-4bc8-ad48-db6a51ce8978,Pengguna Google,https://play-lh.googleusercontent.com/EGemoI2NTXmTsBVtJqk8jxF9rh8ApRWfsIMQSt2uE4OcpQqbFu7f7NbTK05lx80nuSijCz7sc3a277R67g,"Tampilan bersih dan mudah dinavigasi, cocok untuk semua umur.",5,0,,2025-06-27 10:28:27,,,
e82d6eeb-e272-4156-ac89-a8dd74373530,Pengguna Google,https://play-lh.googleusercontent.com/EGemoI2NTXmTsBVtJqk8jxF9rh8ApRWfsIMQSt2uE4OcpQqbFu7f7NbTK05lx80nuSijCz7sc3a277R67g,bus nya ga keliatan .gampang eror parah,3,0,2.5.0,2025-06-27 10:21:30,,,2.5.0
9396faad-d51e-4423-8e40-4ed7c140a3e2,Pengguna Google,https://play-lh.googleusercontent.com/EGemoI2NTXmTsBVtJqk8jxF9rh8ApRWfsIMQSt2uE4OcpQqbFu7f7NbTK05lx80nuSijCz7sc3a277R67g,"tolong tambahkan pilihan top up saldo seperti qris, gopay, dana, shopeepay dan uang elektronik lainnya",3,0,,2025-06-27 10:21:23,,,
44f26701-4d33-4eb4-87f6-95c9dfd9c564,Pengguna Google,https://play-lh.googleusercontent.com/EGemoI2NTXmTsBVtJqk8jxF9rh8ApRWfsIMQSt2uE4OcpQqbFu7f7NbTK05lx80nuSijCz7sc3a277R67g,sangat bermanfaat untuk aku yang tempat kerjanya jauh jadi mudah dengan transjakarta mantap,5,0,2.5.0,2025-06-27 09:31:05,,,2.5.0
f73bbd72-ddf9-4927-bc1c-f869ca4417b0,Pengguna Google,https://play-lh.googleusercontent.com/EGemoI2NTXmTsBVtJqk8jxF9rh8ApRWfsIMQSt2uE4OcpQqbFu7f7NbTK05lx80nuSijCz7sc3a277R67g,👍👍,5,0,2.5.0,2025-06-27 09:21:31,,,2.5.0
33b34c04-5ce0-4d9d-8be6-543ffc0363ab,Pengguna Google,https://play-lh.googleusercontent.com/EGemoI2NTXmTsBVtJqk8jxF9rh8ApRWfsIMQSt2uE4OcpQqbFu7f7NbTK05lx80nuSijCz7sc3a277R67g,"aplikasi transjakarta sangat membantu, bisa dipake untuk rute, jadwal dan mudah di pakai",5,0,2.5.0,2025-06-27 09:01:18,,,2.5.0
f577596b-28a6-49f8-9b62-addddb7133b1,Pengguna Google,https://play-lh.googleusercontent.com/EGemoI2NTXmTsBVtJqk8jxF9rh8ApRWfsIMQSt2uE4OcpQqbFu7f7NbTK05lx80nuSijCz7sc3a277R67g,"Sangat Membantu dan Praktis! Aplikasi TransJakarta ini benar-benar memudahkan saya dalam bepergian di Jakarta. Informasi rute dan jadwal bus selalu update, dan fitur pelacakan bus sangat membantu agar tidak menunggu terlalu lama di halte. Desain aplikasinya juga simpel dan mudah digunakan. Cocok banget buat warga Jakarta yang ingin transportasi efisien. Terima kasih TransJakarta! 🙌",5,0,2.5.0,2025-06-27 08:00:56,,,2.5.0
7c9cc168-e876-48da-b422-6c7d22bdae40,Pengguna Google,https://play-lh.googleusercontent.com/EGemoI2NTXmTsBVtJqk8jxF9rh8ApRWfsIMQSt2uE4OcpQqbFu7f7NbTK05lx80nuSijCz7sc3a277R67g,"transjakarta membantu saya dalam membantu keberangkatan dan pulang kerja,dgn aplikasi ini saya jadi lebih tau jadwal dan rute dari transjakarta",5,0,2.5.0,2025-06-27 08:00:29,,,2.5.0
4bd3329f-38fe-4be0-ade2-dc7fa79f81bd,Pengguna Google,https://play-lh.googleusercontent.com/EGemoI2NTXmTsBVtJqk8jxF9rh8ApRWfsIMQSt2uE4OcpQqbFu7f7NbTK05lx80nuSijCz7sc3a277R67g,"Apps-nya keren, user-friendly banget! Jadwal bus update real-time, jadi gak panik lagi nungguin. Rute lengkap, info halte jelas, pokoknya bikin naik TJ makin praktis. Wajib banget buat warga Jakarta!💯🚌🔥",5,0,2.5.0,2025-06-27 07:42:13,,,2.5.0
b505161b-0ef0-4f7c-9ef3-c25fd5e1cad3,Pengguna Google,https://play-lh.googleusercontent.com/EGemoI2NTXmTsBVtJqk8jxF9rh8ApRWfsIMQSt2uE4OcpQqbFu7f7NbTK05lx80nuSijCz7sc3a277R67g,"apk nya sangat membantu, fitur nya lengkap dan mudah digunakan..",5,0,2.5.0,2025-06-27 07:38:41,,,2.5.0
14b2920f-d425-46e8-b181-dfdb1811918d,Pengguna Google,https://play-lh.googleusercontent.com/EGemoI2NTXmTsBVtJqk8jxF9rh8ApRWfsIMQSt2uE4OcpQqbFu7f7NbTK05lx80nuSijCz7sc3a277R67g,"saran dari saya, buat fitur untuk cek rute bus tertentu misal 9a mulai dari mana dan sampai mana, dan ketika kita klik di halte manapun misal Kebayoran lama, itu muncul rute nya dari situ kita bisa ke mana aja. kaya di maps kalo kita klik stasiun tanah abang kan muncul tuh rute/jalur nya, tanah abang sampe rangakas. sekian dan terima gaji.",4,0,2.4.1,2025-06-27 07:27:52,,,2.4.1
9c457a2b-7908-48ff-8a91-d471d64c51e9,Pengguna Google,https://play-lh.googleusercontent.com/EGemoI2NTXmTsBVtJqk8jxF9rh8ApRWfsIMQSt2uE4OcpQqbFu7f7NbTK05lx80nuSijCz7sc3a277R67g,Sangat memudahkan sekali untuk melihat rute dan halte yang ada.👍,5,0,2.5.0,2025-06-27 07:18:29,,,2.5.0
a09efeaa-ba67-4a1d-9137-1baa5c588a98,Pengguna Google,https://play-lh.googleusercontent.com/EGemoI2NTXmTsBVtJqk8jxF9rh8ApRWfsIMQSt2uE4OcpQqbFu7f7NbTK05lx80nuSijCz7sc3a277R67g,Aplikasi berjalan lancar dan responsif.,5,0,2.5.0,2025-06-27 07:12:59,,,2.5.0
2903b1ac-7e7b-4762-b941-1c942bcaf4cc,Pengguna Google,https://play-lh.googleusercontent.com/EGemoI2NTXmTsBVtJqk8jxF9rh8ApRWfsIMQSt2uE4OcpQqbFu7f7NbTK05lx80nuSijCz7sc3a277R67g,aplikasinya sangat membantu untuk melihat rute perjalanan yang cukup cepat bisa mudah lihat jadwal kapanpun,5,0,2.5.0,2025-06-27 07:05:44,,,2.5.0
51ecccf8-3d95-498e-b2ab-34fdfec54584,Pengguna Google,https://play-lh.googleusercontent.com/EGemoI2NTXmTsBVtJqk8jxF9rh8ApRWfsIMQSt2uE4OcpQqbFu7f7NbTK05lx80nuSijCz7sc3a277R67g,"aplikasi gampang dipahami, apalagi untuk yang sering travel atau lagi mau pakai Transjakarta bisa langsung pakai aja, simple banget dan oke.. trimakasih Transjakarta",5,0,2.5.0,2025-06-27 06:42:26,,,2.5.0
0d4768ff-8d13-4ce0-a54d-bdc44bb26af9,Pengguna Google,https://play-lh.googleusercontent.com/EGemoI2NTXmTsBVtJqk8jxF9rh8ApRWfsIMQSt2uE4OcpQqbFu7f7NbTK05lx80nuSijCz7sc3a277R67g,transjakarta sangat membantu dan bisa melihat jadwal pemberangkatan,5,0,2.5.0,2025-06-27 06:40:00,,,2.5.0
ab504d24-3d2f-4a53-9df1-6ae24c3b9de0,Pengguna Google,https://play-lh.googleusercontent.com/EGemoI2NTXmTsBVtJqk8jxF9rh8ApRWfsIMQSt2uE4OcpQqbFu7f7NbTK05lx80nuSijCz7sc3a277R67g,Blm muncul tjpaynya,1,0,2.5.0,2025-06-26 19:26:56,,,2.5.0
c51da104-0a09-42cd-9775-6eeccc951366,Pengguna Google,https://play-lh.googleusercontent.com/EGemoI2NTXmTsBVtJqk8jxF9rh8ApRWfsIMQSt2uE4OcpQqbFu7f7NbTK05lx80nuSijCz7sc3a277R67g,kasih fitur tap cash pake qris di hp donk,5,0,2.4.2,2025-06-26 17:20:36,,,2.4.2
91526279-6e11-4ba7-a9ad-1da73ca7616e,Pengguna Google,https://play-lh.googleusercontent.com/EGemoI2NTXmTsBVtJqk8jxF9rh8ApRWfsIMQSt2uE4OcpQqbFu7f7NbTK05lx80nuSijCz7sc3a277R67g,"navigasinya simpel, jadi aku mudah paham, selain praktis, buat jangkaunya juga mudah, tarifnya pun murah ya menurutku, aplikasinya oke parah nii",5,0,2.5.0,2025-06-26 16:27:44,,,2.5.0
60312cfd-2291-4697-8cc1-e8c758018915,Pengguna Google,https://play-lh.googleusercontent.com/EGemoI2NTXmTsBVtJqk8jxF9rh8ApRWfsIMQSt2uE4OcpQqbFu7f7NbTK05lx80nuSijCz7sc3a277R67g,Aplikasinya membantu bgt! Jadwal bus dan detail rutenya cukup akurat dan real-time tracking-nya memudahkan saya untuk merencanakan perjalanan. Tampilan aplikasi juga simple dan gampang digunakan. Cocok banget buat pengguna setia Trans Jakarta,5,0,2.4.2,2025-06-26 14:36:56,,,2.4.2
9fbe4314-b853-43fc-93c7-857ccd1f5fa1,Pengguna Google,https://play-lh.googleusercontent.com/EGemoI2NTXmTsBVtJqk8jxF9rh8ApRWfsIMQSt2uE4OcpQqbFu7f7NbTK05lx80nuSijCz7sc3a277R67g,"""Transjakarta appnya TOP! Informasi rute dan jadwal bis akurat, notifikasi juga tepat waktu. Gak perlu ribet lagi cari info bis, semuanya ada di aplikasi ini. Mantap!"" 🚍👍",5,0,2.5.0,2025-06-26 10:56:28,,,2.5.0
d18777e0-de4c-4cf9-b135-5f1461db7bc2,Pengguna Google,https://play-lh.googleusercontent.com/EGemoI2NTXmTsBVtJqk8jxF9rh8ApRWfsIMQSt2uE4OcpQqbFu7f7NbTK05lx80nuSijCz7sc3a277R67g,"aplikasinya sangat membantu, banyak fitur seperti pelacakan bus secara langsung atau realtime, rencana perjalanan, informasi rute, dan metode pembayaran.",5,0,2.4.2,2025-06-25 22:20:33,,,2.4.2
e4ba3b26-75d2-4a8b-8be6-1a3a71b62b67,Pengguna Google,https://play-lh.googleusercontent.com/EGemoI2NTXmTsBVtJqk8jxF9rh8ApRWfsIMQSt2uE4OcpQqbFu7f7NbTK05lx80nuSijCz7sc3a277R67g,ok,5,0,2.4.2,2025-06-25 21:24:26,,,2.4.2
a2521b12-e2c8-4cb4-a57c-f849c41afeac,Pengguna Google,https://play-lh.googleusercontent.com/EGemoI2NTXmTsBVtJqk8jxF9rh8ApRWfsIMQSt2uE4OcpQqbFu7f7NbTK05lx80nuSijCz7sc3a277R67g,ini nih aplikasi ngebantu banget bisa lihat informasi tentang transportasi pokok nya ni aplikasi berguna buat ku yang sering kemana mana karena bisa tu lihat jadwal dan halte terdekat atau pun rute perjalanan sip lah,5,0,,2025-06-25 20:46:01,,,
0bc47656-b179-4e8c-a16c-9cbe6e7afa63,Pengguna Google,https://play-lh.googleusercontent.com/EGemoI2NTXmTsBVtJqk8jxF9rh8ApRWfsIMQSt2uE4OcpQqbFu7f7NbTK05lx80nuSijCz7sc3a277R67g,"aplikasi yang mempermudah saya dalam melakukan aktivitas, aplikasi yang bagus🫰🫰",5,0,2.4.2,2025-06-25 20:29:50,,,2.4.2
6aa1411f-fa96-43f1-89b5-2c13b772a23f,Pengguna Google,https://play-lh.googleusercontent.com/EGemoI2NTXmTsBVtJqk8jxF9rh8ApRWfsIMQSt2uE4OcpQqbFu7f7NbTK05lx80nuSijCz7sc3a277R67g,aplikasi baik sekalih bisa mengetahui kapan kita mau naik Trans secara akhirat keren lah pokoknya aplikasi ini,5,0,2.4.2,2025-06-25 19:11:44,,,2.4.2
c28ccda4-d88d-4682-b309-b09b25d5b384,Pengguna Google,https://play-lh.googleusercontent.com/EGemoI2NTXmTsBVtJqk8jxF9rh8ApRWfsIMQSt2uE4OcpQqbFu7f7NbTK05lx80nuSijCz7sc3a277R67g,"pembayaran beli tiket cuma bisa astrapay sama blu, belum banyak.tingkatkan lagi yaa!!",3,0,2.4.2,2025-06-25 18:21:03,,,2.4.2
f4bab191-29e3-4a83-b004-f0dc7a8db794,Pengguna Google,https://play-lh.googleusercontent.com/EGemoI2NTXmTsBVtJqk8jxF9rh8ApRWfsIMQSt2uE4OcpQqbFu7f7NbTK05lx80nuSijCz7sc3a277R67g,"lama banget loadingnya, mau beli tiket aja ya Allah disulitin gini, payment lama, muncul lama, susah kescan, hadeh",3,0,,2025-06-25 17:57:59,,,
b47848c1-33c5-4e6b-94b5-5ba90dfa50c6,Pengguna Google,https://play-lh.googleusercontent.com/EGemoI2NTXmTsBVtJqk8jxF9rh8ApRWfsIMQSt2uE4OcpQqbFu7f7NbTK05lx80nuSijCz7sc3a277R67g,"Aplikasinya sangat membantu, bisa cek rute, jadwal halte bus dan tempatnya, ada navigasi nya juga",5,0,2.4.2,2025-06-25 17:12:42,,,2.4.2
49455f40-5a3f-4204-9b3f-33ba38dca743,Pengguna Google,https://play-lh.googleusercontent.com/EGemoI2NTXmTsBVtJqk8jxF9rh8ApRWfsIMQSt2uE4OcpQqbFu7f7NbTK05lx80nuSijCz7sc3a277R67g,"ini aplikasinya sangat membantu sekali sih menurutku.. karna rutenya sangat jelas, harganya pun lebih terjangkau dari yang lainnya,, pokok recommend Bett sih ini",5,0,2.4.2,2025-06-25 17:05:57,,,2.4.2
062dbff2-c452-4fcd-8754-e95452047de9,Pengguna Google,https://play-lh.googleusercontent.com/EGemoI2NTXmTsBVtJqk8jxF9rh8ApRWfsIMQSt2uE4OcpQqbFu7f7NbTK05lx80nuSijCz7sc3a277R67g,"salah satu aplikasi transportasi publik terbaik yang pernah aku pakai. sangat membantu buat mobilitas harian, terutama buat yang kerja atau kuliah di jakarta. info jadwal bus real-time-nya cukup akurat, dan fitur peta rute sangat memudahkan buat cari jalur atau halte terdekat. pengalaman naik transjakarta juga makin nyaman karena update layanan selalu diinformasikan lewat aplikasi. tampilannya simpel dan user-friendly, cocok buat yang baru pertama kali pakai juga.",5,0,2.4.2,2025-06-25 15:50:45,,,2.4.2
28b19c29-11ca-4d48-a0e0-624fd2a8cb39,Pengguna Google,https://play-lh.googleusercontent.com/EGemoI2NTXmTsBVtJqk8jxF9rh8ApRWfsIMQSt2uE4OcpQqbFu7f7NbTK05lx80nuSijCz7sc3a277R67g,aplikasi nya sangat bagus dan mudah buat melihat rute perjalanan,5,0,2.4.2,2025-06-25 15:32:23,,,2.4.2
b6426b7f-31ef-4861-8fa7-6a36b11ea034,Pengguna Google,https://play-lh.googleusercontent.com/EGemoI2NTXmTsBVtJqk8jxF9rh8ApRWfsIMQSt2uE4OcpQqbFu7f7NbTK05lx80nuSijCz7sc3a277R67g,"untuk aplikasinya overall bagus bisa beli tiket online trs dapet poin yang bisa kita tuker buat berbagai macam produk,untuk pemahaman rute jg mudah dipahami g ruwetttt user friendly lahh nihh",5,0,2.4.2,2025-06-25 14:46:27,,,2.4.2
f1415138-0008-4cd6-ab56-c944a881be02,Pengguna Google,https://play-lh.googleusercontent.com/EGemoI2NTXmTsBVtJqk8jxF9rh8ApRWfsIMQSt2uE4OcpQqbFu7f7NbTK05lx80nuSijCz7sc3a277R67g,"Fitur perjalanannya lengkap bangettt Dilengkapi trip planner, info rute dan estimasi waktu tiba, serta memungkinkan pemesanan tiket digital tanpa kartu fisik ",5,0,2.4.2,2025-06-25 14:43:36,,,2.4.2
1bf86dd3-0226-4b2c-998f-134e0dc6c645,Pengguna Google,https://play-lh.googleusercontent.com/EGemoI2NTXmTsBVtJqk8jxF9rh8ApRWfsIMQSt2uE4OcpQqbFu7f7NbTK05lx80nuSijCz7sc3a277R67g,"bagus banget apk nya, mempermudah perjalanan karena rutenya sangat lengkap, navigasi nya juga bagus. ditambah penggunaan nya sangat mudah",5,0,2.4.2,2025-06-25 14:43:29,,,2.4.2
0bf09231-4679-44c4-aeaa-2f4a960ae89e,Pengguna Google,https://play-lh.googleusercontent.com/EGemoI2NTXmTsBVtJqk8jxF9rh8ApRWfsIMQSt2uE4OcpQqbFu7f7NbTK05lx80nuSijCz7sc3a277R67g,Aplikasi TransJakarta memudahkan saya banget dalam mencari rute dan jadwal bus. Saya jadi bisa merencanakan perjalanan lebih efisien dan nggak bingung lagi harus naik dari halte mana. Fitur live tracking juga berguna banget untuk tahu kapan bus akan datang. Mantap!,5,1,2.4.2,2025-06-25 13:22:15,,,2.4.2
1b77540a-65bb-4866-87e2-5402b243ca05,Pengguna Google,https://play-lh.googleusercontent.com/EGemoI2NTXmTsBVtJqk8jxF9rh8ApRWfsIMQSt2uE4OcpQqbFu7f7NbTK05lx80nuSijCz7sc3a277R67g,"sangat mudah digunakan , fitur navigasi yg baik dan informasi rute sangat membantu dan berguna, recommended banget!",5,0,2.4.2,2025-06-25 13:21:19,,,2.4.2
ccc27e5e-067f-4ac6-bf6c-e5cce53ae803,Pengguna Google,https://play-lh.googleusercontent.com/EGemoI2NTXmTsBVtJqk8jxF9rh8ApRWfsIMQSt2uE4OcpQqbFu7f7NbTK05lx80nuSijCz7sc3a277R67g,"Aplikasi yang sesuai dengan saya ,kenapa karena saya suka berlibur terutama di jakarta",5,0,2.4.2,2025-06-25 12:49:51,,,2.4.2
13f5ef29-880e-4ed2-a4f8-379f4670852b,Pengguna Google,https://play-lh.googleusercontent.com/EGemoI2NTXmTsBVtJqk8jxF9rh8ApRWfsIMQSt2uE4OcpQqbFu7f7NbTK05lx80nuSijCz7sc3a277R67g,"gampang dimengerti, tarif terjangkau,bersih nyaman mantappp🔥🔥",5,0,2.4.2,2025-06-25 12:44:37,,,2.4.2
00da1875-b52e-47e2-88fa-39624099c3ef,Pengguna Google,https://play-lh.googleusercontent.com/EGemoI2NTXmTsBVtJqk8jxF9rh8ApRWfsIMQSt2uE4OcpQqbFu7f7NbTK05lx80nuSijCz7sc3a277R67g,"aplikasinya keren dan mudah di gunakan,terutama dari segi tampilan menurut saya oke banget",5,0,2.4.2,2025-06-25 12:22:12,,,2.4.2
9e843d02-c839-4505-ae7a-4bd24ade742f,Pengguna Google,https://play-lh.googleusercontent.com/EGemoI2NTXmTsBVtJqk8jxF9rh8ApRWfsIMQSt2uE4OcpQqbFu7f7NbTK05lx80nuSijCz7sc3a277R67g,"aplikasi TransJakarta keren banget! bikin perjalanan jadi lebih mudah dan praktis. Info rute lengkap, navigasi jelas, dan update gangguan cepat banget. desainnya juga simpel dan user-friendly. terimakasih TransJakarta, makin mantap! 💙🚍",5,0,,2025-06-25 12:20:49,,,
7715bdf6-8f20-432c-ac32-0257a847b70d,Pengguna Google,https://play-lh.googleusercontent.com/EGemoI2NTXmTsBVtJqk8jxF9rh8ApRWfsIMQSt2uE4OcpQqbFu7f7NbTK05lx80nuSijCz7sc3a277R67g,Aplikasi yang sangat berguna buat berpergian tanpa make kendaraan pribadi. Harga nya lumayan terjangkau. Bus nya juga cepet dan tepat waktu. Mantap Transjakarta,5,0,2.4.2,2025-06-25 11:56:48,,,2.4.2
50907433-302f-41f7-88fb-5f1ea31aeaad,Pengguna Google,https://play-lh.googleusercontent.com/EGemoI2NTXmTsBVtJqk8jxF9rh8ApRWfsIMQSt2uE4OcpQqbFu7f7NbTK05lx80nuSijCz7sc3a277R67g,"Aplikasi transjakarta sangat the best. Bisa liat rute, halte, dan jadwal bus nya real time. Harga nya juga murah poll. Mantap transjakarta",5,0,2.4.2,2025-06-25 11:52:20,,,2.4.2
aac69667-eb6d-4627-8c4e-ea551b2b0a6f,Pengguna Google,https://play-lh.googleusercontent.com/EGemoI2NTXmTsBVtJqk8jxF9rh8ApRWfsIMQSt2uE4OcpQqbFu7f7NbTK05lx80nuSijCz7sc3a277R67g,"warga jakarta yang suka naik bus, emang paling bener pakai ini udah. info rute dan jadwal busnya jelas. ada notif real timenya juga, jadi ga lama pas nunggu busnya di halte.",5,0,2.4.2,2025-06-25 11:20:52,,,2.4.2
b7428cf8-68d9-40aa-b75a-9c7230145494,Pengguna Google,https://play-lh.googleusercontent.com/EGemoI2NTXmTsBVtJqk8jxF9rh8ApRWfsIMQSt2uE4OcpQqbFu7f7NbTK05lx80nuSijCz7sc3a277R67g,"Aplikasi Transjakarta tampilannya sederhana sehingga mudah digunakan. Kita bisa melihat rutenya, navigasinya akurat, jadwal lengkap, kita juga dapat melihat perkiraan datangnya bus, info haltenya lengkap. Buat pengguna Transjakarta aplikasi ini dapat mempermudah perjalanan lebih efisien.",5,0,,2025-06-25 11:16:58,,,
06cfd90b-3442-47a6-8574-01d0d8cc8801,Pengguna Google,https://play-lh.googleusercontent.com/EGemoI2NTXmTsBVtJqk8jxF9rh8ApRWfsIMQSt2uE4OcpQqbFu7f7NbTK05lx80nuSijCz7sc3a277R67g,"udah makin oke sih sekarang, info rute sama jadwalnya lumayan akurat. bisa tau kapan bus dateng tanpa tanya"" ke petugas atau tengak tengok kaya orang linglung.",5,0,2.4.2,2025-06-25 11:08:04,,,2.4.2
15b370e7-9006-4a90-b0db-d3ec252a4e56,Pengguna Google,https://play-lh.googleusercontent.com/EGemoI2NTXmTsBVtJqk8jxF9rh8ApRWfsIMQSt2uE4OcpQqbFu7f7NbTK05lx80nuSijCz7sc3a277R67g,"Aplikasinya sgt membantu dan mempermudah perjalanan di jakarta, informasi juga akurat dan efektif. Recommended!",5,0,2.4.2,2025-06-25 11:05:03,,,2.4.2
2462797b-504b-4022-aa4d-3c553492bfca,Pengguna Google,https://play-lh.googleusercontent.com/EGemoI2NTXmTsBVtJqk8jxF9rh8ApRWfsIMQSt2uE4OcpQqbFu7f7NbTK05lx80nuSijCz7sc3a277R67g,sangat terjangkau sekali. dengan adanya transjakarta sangat memudahkan,5,0,,2025-06-25 10:13:21,,,
720e36bb-c7f3-4660-a031-b78160a09e6c,Pengguna Google,https://play-lh.googleusercontent.com/EGemoI2NTXmTsBVtJqk8jxF9rh8ApRWfsIMQSt2uE4OcpQqbFu7f7NbTK05lx80nuSijCz7sc3a277R67g,aplikasi nya udah bagus banget tampil nya simpe jadi gampang buat di gunain terus kalo mau ke mana² jadi simpel,5,0,2.4.2,2025-06-25 10:13:18,,,2.4.2
bfe2e727-6e68-4d7d-9631-26425c2aed22,Pengguna Google,https://play-lh.googleusercontent.com/EGemoI2NTXmTsBVtJqk8jxF9rh8ApRWfsIMQSt2uE4OcpQqbFu7f7NbTK05lx80nuSijCz7sc3a277R67g,gini baru Joss...aplikasinya simple tapi jelas..mudah aksesnya.. lengkap titik lokasinya juga tepat 🙏🙏🙏,5,0,2.4.2,2025-06-25 10:07:29,,,2.4.2
efa5cdeb-2d76-487c-814e-e632b7aca7a4,Pengguna Google,https://play-lh.googleusercontent.com/EGemoI2NTXmTsBVtJqk8jxF9rh8ApRWfsIMQSt2uE4OcpQqbFu7f7NbTK05lx80nuSijCz7sc3a277R67g,"aplikasi transjakarta ini sangat membantu saya, karna bisa cek rute dan sebagainya, wajib download sih inii biar gampangg🔥🔥",5,0,2.4.2,2025-06-25 09:57:50,,,2.4.2
0175ad11-81b2-49f0-b9e6-76e7cd3d880c,Pengguna Google,https://play-lh.googleusercontent.com/EGemoI2NTXmTsBVtJqk8jxF9rh8ApRWfsIMQSt2uE4OcpQqbFu7f7NbTK05lx80nuSijCz7sc3a277R67g,mantabbb ..,5,0,2.3.0,2025-06-25 09:15:16,,,2.3.0
b5f3b45c-06c1-4ac0-abb9-76cf76f10d42,Pengguna Google,https://play-lh.googleusercontent.com/EGemoI2NTXmTsBVtJqk8jxF9rh8ApRWfsIMQSt2uE4OcpQqbFu7f7NbTK05lx80nuSijCz7sc3a277R67g,diperbaharui malah makin gk bisa ngelacak,1,0,2.4.2,2025-06-25 07:29:44,,,2.4.2
87baec7d-a5fc-4c6a-b7a8-d6479b0fcf4f,Pengguna Google,https://play-lh.googleusercontent.com/EGemoI2NTXmTsBVtJqk8jxF9rh8ApRWfsIMQSt2uE4OcpQqbFu7f7NbTK05lx80nuSijCz7sc3a277R67g,"aplikasi ini bermanfaat bgt,Semua orang bisa dengan mudah mengakses jalan di jakarta,Tidak perlu khawatir ketinggalan bus lagi",5,0,,2025-06-25 07:01:25,,,
5645c041-b51e-4c42-abde-c2d1c3ce4326,Pengguna Google,https://play-lh.googleusercontent.com/EGemoI2NTXmTsBVtJqk8jxF9rh8ApRWfsIMQSt2uE4OcpQqbFu7f7NbTK05lx80nuSijCz7sc3a277R67g,"aplikasi nya sangat ngebantu buat tau rute, jam datang buat aku yang kemana kemana prever naik transportasi umum sangat ngebantuu",5,0,2.4.2,2025-06-24 14:37:47,,,2.4.2
46b33d7e-42c5-4994-994b-d799281975f5,Pengguna Google,https://play-lh.googleusercontent.com/EGemoI2NTXmTsBVtJqk8jxF9rh8ApRWfsIMQSt2uE4OcpQqbFu7f7NbTK05lx80nuSijCz7sc3a277R67g,"Ini aplikasi parah banget, masa akurat banget, tampillannya kenapa keren, sederhana mudah dipahami, pliss deh jangan ga di download, biar gush nanya nanya mulu kwkwkwkwk. terima kasih sudah menemani hari hari saya.",5,0,2.4.2,2025-06-24 11:13:24,,,2.4.2
ec4535c0-047e-4513-a51e-4ee12c1c0936,Pengguna Google,https://play-lh.googleusercontent.com/EGemoI2NTXmTsBVtJqk8jxF9rh8ApRWfsIMQSt2uE4OcpQqbFu7f7NbTK05lx80nuSijCz7sc3a277R67g,coba kasih tambahan biar bisa isi saldo lewat apk ini,4,0,2.4.2,2025-06-24 00:24:31,,,2.4.2
58ab6932-f1a3-4c10-8875-6f9e8bc7b1d6,Pengguna Google,https://play-lh.googleusercontent.com/EGemoI2NTXmTsBVtJqk8jxF9rh8ApRWfsIMQSt2uE4OcpQqbFu7f7NbTK05lx80nuSijCz7sc3a277R67g,"GK bngus. posisi bus sama titik GK sesuai sering di maps Transjakarta ada TPI busway GK nyampe''. sering pulang kerja JM 6 dpat bus jam 7. tolong lebih diperhatikan lgi armadanya. hari"" pulang kerja bisa 2 jam. Tebet Rasuna said 😭😭😭",2,0,2.4.2,2025-06-23 19:33:45,,,2.4.2
f5543f88-a681-4f48-8fc4-beaff4c5165d,Pengguna Google,https://play-lh.googleusercontent.com/EGemoI2NTXmTsBVtJqk8jxF9rh8ApRWfsIMQSt2uE4OcpQqbFu7f7NbTK05lx80nuSijCz7sc3a277R67g,bermanfaat sekali,5,0,2.4.1,2025-06-23 17:59:27,,,2.4.1
a5e7e7d5-c7be-4c51-b245-5444453e871a,Pengguna Google,https://play-lh.googleusercontent.com/EGemoI2NTXmTsBVtJqk8jxF9rh8ApRWfsIMQSt2uE4OcpQqbFu7f7NbTK05lx80nuSijCz7sc3a277R67g,"jujur sebenernya belum pernah download aplikasi Transjakarta seperti ini,baru baru ini saya download aplikasi ini,apk ini ternyata berguna untuk bepergian tanpa menggunakan kendaraan,harganya terjangkau,busnya tepa waktu,apk ini juga punya banyak fitur pilihan untuk memudahkan rute kita,rokemended banget buat yang susah mengerti mengerti rute arah jalan yang benar",5,0,2.4.2,2025-06-23 17:49:57,,,2.4.2
9b2b6b10-f768-46cb-ae36-70b32c512629,Pengguna Google,https://play-lh.googleusercontent.com/EGemoI2NTXmTsBVtJqk8jxF9rh8ApRWfsIMQSt2uE4OcpQqbFu7f7NbTK05lx80nuSijCz7sc3a277R67g,aplikasi ini sangat bermanfaat dan membuat saya lebih mudah untuk mencari kendaraan umum,5,0,,2025-06-23 15:58:33,,,
1b05b8fe-e2fb-4a60-8819-353be98d36e3,Pengguna Google,https://play-lh.googleusercontent.com/EGemoI2NTXmTsBVtJqk8jxF9rh8ApRWfsIMQSt2uE4OcpQqbFu7f7NbTK05lx80nuSijCz7sc3a277R67g,abis di update malah suka ga bs di buka gimana ya min?,1,0,2.4.2,2025-06-23 05:56:42,,,2.4.2
b42d87ec-2f27-43bf-b5ca-84c4eee8683a,Pengguna Google,https://play-lh.googleusercontent.com/EGemoI2NTXmTsBVtJqk8jxF9rh8ApRWfsIMQSt2uE4OcpQqbFu7f7NbTK05lx80nuSijCz7sc3a277R67g,"ga jelas aplikasi ny ga bisa tunjukin rute halte pemberhentian,,serching halte malah nama jalan yg muncul di klik pencarian tidak ditemukan..kocak",1,4,2.4.2,2025-06-23 01:42:22,,,2.4.2
5beda8ff-5902-4c0e-b457-c7019ee73a0f,Pengguna Google,https://play-lh.googleusercontent.com/EGemoI2NTXmTsBVtJqk8jxF9rh8ApRWfsIMQSt2uE4OcpQqbFu7f7NbTK05lx80nuSijCz7sc3a277R67g,apknya berguna sekali untuk menentukan rute perjalanan agar tidak mudah tersasar,5,0,2.4.2,2025-06-22 23:56:43,,,2.4.2
c5789168-8153-4cf0-874c-80cd5a77668b,Pengguna Google,https://play-lh.googleusercontent.com/EGemoI2NTXmTsBVtJqk8jxF9rh8ApRWfsIMQSt2uE4OcpQqbFu7f7NbTK05lx80nuSijCz7sc3a277R67g,"Naik TransJakarta bikin perjalanan saya dari rumah ke kantor jadi lebih efisien. AC-nya dingin, tempat duduk cukup banyak, dan tersedia juga bus khusus wanita. Dengan tarif yang murah dan fasilitas memadai, TransJakarta cocok banget untuk transportasi harian.",5,0,2.4.2,2025-06-22 21:29:44,,,2.4.2
02f083ad-66e1-4cd2-ada2-160bedbf4ae6,Pengguna Google,https://play-lh.googleusercontent.com/EGemoI2NTXmTsBVtJqk8jxF9rh8ApRWfsIMQSt2uE4OcpQqbFu7f7NbTK05lx80nuSijCz7sc3a277R67g,"aplikasi yang informatif untuk melihat dan melacak bus disekitar, responsif dan cukup solid juga aplikasinya, terus kembangkan developer!!",5,0,,2025-06-22 20:15:34,,,
aaa94d9d-1529-4671-a59c-638e9a7e18cf,Pengguna Google,https://play-lh.googleusercontent.com/EGemoI2NTXmTsBVtJqk8jxF9rh8ApRWfsIMQSt2uE4OcpQqbFu7f7NbTK05lx80nuSijCz7sc3a277R67g,"aplikasi nya bagus banget, memudahkan kan buat yg gak ada kendaraan pribadi harga nya juga murah.",5,0,2.4.2,2025-06-22 19:11:23,,,2.4.2
b073b2fb-a100-4f3c-9e24-d2ab88665dd2,Pengguna Google,https://play-lh.googleusercontent.com/EGemoI2NTXmTsBVtJqk8jxF9rh8ApRWfsIMQSt2uE4OcpQqbFu7f7NbTK05lx80nuSijCz7sc3a277R67g,"apk TJ ini sumpah ngebantu banget untuk cari rute rute yg pengen kita naikin, fitur fitur nya ngemudahin banget, apa lagi TJ skrng kan rutenya banyak, jadi ngerasa sngt ngebantu bngt",5,0,2.4.2,2025-06-22 18:51:03,,,2.4.2
81863724-12d9-496c-bbce-7ff81794b06d,Pengguna Google,https://play-lh.googleusercontent.com/EGemoI2NTXmTsBVtJqk8jxF9rh8ApRWfsIMQSt2uE4OcpQqbFu7f7NbTK05lx80nuSijCz7sc3a277R67g,sangat membantu buat yg masih bingung transport di jakarta,5,0,2.4.2,2025-06-22 17:26:55,,,2.4.2
b761c537-b9dd-4b54-bf3d-094e5cbed933,Pengguna Google,https://play-lh.googleusercontent.com/EGemoI2NTXmTsBVtJqk8jxF9rh8ApRWfsIMQSt2uE4OcpQqbFu7f7NbTK05lx80nuSijCz7sc3a277R67g,"Saya sangat puas dengan pelayanan Transjakarta! Armada yang modern, sopir yang ramah, dan rute yang strategis membuat saya nyaman berangkat kerja setiap hari. Tarifnya juga sangat terjangkau! Saya sangat merekomendasikan Transjakarta kepada teman-teman yang ingin menggunakan transportasi umum yang nyaman dan efisien.",5,0,2.4.2,2025-06-22 17:16:02,,,2.4.2
a36b7d98-97da-4e71-ba8a-10eba9127932,Pengguna Google,https://play-lh.googleusercontent.com/EGemoI2NTXmTsBVtJqk8jxF9rh8ApRWfsIMQSt2uE4OcpQqbFu7f7NbTK05lx80nuSijCz7sc3a277R67g,aplikasi transjakarta cukup membantu untuk cek rute dan jadwal bus. navigasi nya mudah dan halte cukup lengkap,5,0,,2025-06-22 17:08:14,,,
dc733db3-dc00-43f7-bd06-cdd26911c8ff,Pengguna Google,https://play-lh.googleusercontent.com/EGemoI2NTXmTsBVtJqk8jxF9rh8ApRWfsIMQSt2uE4OcpQqbFu7f7NbTK05lx80nuSijCz7sc3a277R67g,"Aplikasi Transjakarta sangat membantu! Informasi akurat, perencanaan perjalanan mudah, dan membuat perjalanan saya lebih nyaman. Direkomendasikan!",5,0,2.4.2,2025-06-22 15:54:54,,,2.4.2
5252ea5c-941e-4c13-b86f-ddc7e5b54875,Pengguna Google,https://play-lh.googleusercontent.com/EGemoI2NTXmTsBVtJqk8jxF9rh8ApRWfsIMQSt2uE4OcpQqbFu7f7NbTK05lx80nuSijCz7sc3a277R67g,aplikasi ini sangat membantu 👍🏻👍🏻,5,0,2.4.2,2025-06-22 15:30:22,,,2.4.2
f61ecb77-8cec-401a-a71e-622bda90e860,Pengguna Google,https://play-lh.googleusercontent.com/EGemoI2NTXmTsBVtJqk8jxF9rh8ApRWfsIMQSt2uE4OcpQqbFu7f7NbTK05lx80nuSijCz7sc3a277R67g,"Aplikasi Transjakarta sangat berguna, dan sangat membantu saat mencari rute dan jadwal bus Transjakarta, tampilannya sederhana dan info halte nya cukup lengkang, saya rekomendasikan untuk pengguna teleportasi umum jakarta",5,0,2.4.2,2025-06-22 15:03:50,,,2.4.2
aa9096d8-597c-4d23-9caf-8d54e817d94d,Pengguna Google,https://play-lh.googleusercontent.com/EGemoI2NTXmTsBVtJqk8jxF9rh8ApRWfsIMQSt2uE4OcpQqbFu7f7NbTK05lx80nuSijCz7sc3a277R67g,"Transjakarta apps mantap, Gak perlu ribet lagi nyari bus, semua rute dan jadwal udah ada di sini. Real-time pula, jadi gak bakal ketinggalan bus. Transaksinya juga gampang dan cepet. Pokoknya, aplikasi ini wajib banget buat warga Jakarta yang pengen bepergian lebih mudah",5,0,,2025-06-22 14:06:18,,,
d743f075-fe3a-4970-93d1-3fdf8dbbbbab,Pengguna Google,https://play-lh.googleusercontent.com/EGemoI2NTXmTsBVtJqk8jxF9rh8ApRWfsIMQSt2uE4OcpQqbFu7f7NbTK05lx80nuSijCz7sc3a277R67g,"Mantabb, bener-bener ngebantu sih nih apk. Fitur-fitur juga oke, pokok e mantapp 🔥🔥🔥",5,0,2.4.2,2025-06-22 13:39:54,,,2.4.2
5f3dcbd0-c346-47b8-9be6-bb60e4a418c1,Pengguna Google,https://play-lh.googleusercontent.com/EGemoI2NTXmTsBVtJqk8jxF9rh8ApRWfsIMQSt2uE4OcpQqbFu7f7NbTK05lx80nuSijCz7sc3a277R67g,ngebug jaklingko waiting terus,1,0,2.4.2,2025-06-22 11:38:53,,,2.4.2
3981f3d0-6428-4fe6-9cb1-5b1d3ab0af02,Pengguna Google,https://play-lh.googleusercontent.com/EGemoI2NTXmTsBVtJqk8jxF9rh8ApRWfsIMQSt2uE4OcpQqbFu7f7NbTK05lx80nuSijCz7sc3a277R67g,"terimaksih yg sudah menciptakan aplikasi ini,kmna mna jdi lebih gampang buat yg GK ada kendaraan, tranformasi nya juga cepet gak lelet fitur fitur di aplikasi ini juga mudah dimengerti dan banyak",5,0,,2025-06-22 11:31:34,,,
35f34c1d-c5a7-4b9d-8a0f-ef8bbae9d783,Pengguna Google,https://play-lh.googleusercontent.com/EGemoI2NTXmTsBVtJqk8jxF9rh8ApRWfsIMQSt2uE4OcpQqbFu7f7NbTK05lx80nuSijCz7sc3a277R67g,"Aplikasi ini sangat membantu cocok buat orang yang mau berpergian tanpa menggunakan kendaraan pribadi, harga nya pun sangat terjangkau pokok nya top dehh",5,0,2.4.2,2025-06-22 11:24:00,,,2.4.2
3ffe772d-b494-4e81-9744-e7b22ecd9fa9,Pengguna Google,https://play-lh.googleusercontent.com/EGemoI2NTXmTsBVtJqk8jxF9rh8ApRWfsIMQSt2uE4OcpQqbFu7f7NbTK05lx80nuSijCz7sc3a277R67g,"coba kota2 besar seluruh indonesia bisa gini. gak perlu mikir bepergian kemanapun, cukup pake kendaraan umum pun bisa.",5,0,2.4.2,2025-06-22 11:10:24,,,2.4.2
8110d33f-bd36-4976-bb7d-1413d77f5335,Pengguna Google,https://play-lh.googleusercontent.com/EGemoI2NTXmTsBVtJqk8jxF9rh8ApRWfsIMQSt2uE4OcpQqbFu7f7NbTK05lx80nuSijCz7sc3a277R67g,sangat membantu dalam bepergian tanpa menggunakan kendaraan pribadi dan sangat ramah lingkungan,5,0,2.4.2,2025-06-22 11:05:56,,,2.4.2
3aea2799-8630-43b1-9941-9f6315933201,Pengguna Google,https://play-lh.googleusercontent.com/EGemoI2NTXmTsBVtJqk8jxF9rh8ApRWfsIMQSt2uE4OcpQqbFu7f7NbTK05lx80nuSijCz7sc3a277R67g,bagi kalian yang bingung pulang pergi pake apa mending ini soalnya harganya terjangkau pelayanan nya juga ramah,5,0,,2025-06-22 10:45:45,,,
17b5eb83-a76a-4cd1-8d44-b4265ce645dd,Pengguna Google,https://play-lh.googleusercontent.com/EGemoI2NTXmTsBVtJqk8jxF9rh8ApRWfsIMQSt2uE4OcpQqbFu7f7NbTK05lx80nuSijCz7sc3a277R67g,"menarik, memudahkan kita saat bepergian di kota Jakarta, kita bisa lihat real-time bus yg bakal datang. over all oke!",5,0,2.4.2,2025-06-22 09:31:15,,,2.4.2
b8f478a3-8f22-49cc-988b-d6d210aabe11,Pengguna Google,https://play-lh.googleusercontent.com/EGemoI2NTXmTsBVtJqk8jxF9rh8ApRWfsIMQSt2uE4OcpQqbFu7f7NbTK05lx80nuSijCz7sc3a277R67g,"harganya murah murah cocok buat aku yang suka pergi, aplikasi ringan gak berat",5,0,2.4.2,2025-06-22 09:14:55,,,2.4.2
635626bb-664a-4231-80b3-2ea2656a9a57,Pengguna Google,https://play-lh.googleusercontent.com/EGemoI2NTXmTsBVtJqk8jxF9rh8ApRWfsIMQSt2uE4OcpQqbFu7f7NbTK05lx80nuSijCz7sc3a277R67g,"busnya nyaman. supir dan kondektur rama"". kursinya nyaman juga empuk. gk ugal""an. jadi membuat perjalanan lbih nyaman",5,0,2.4.2,2025-06-22 08:26:25,,,2.4.2
5848d231-2248-4d9b-8048-ec87aef2ebf2,Pengguna Google,https://play-lh.googleusercontent.com/EGemoI2NTXmTsBVtJqk8jxF9rh8ApRWfsIMQSt2uE4OcpQqbFu7f7NbTK05lx80nuSijCz7sc3a277R67g,"Terkadang saya menggunakan TJ saat suami sedang dinas keluar kota. Secara umum, saya menggunakannya karena merasa cukup nyaman.",5,0,2.4.2,2025-06-22 08:21:31,,,2.4.2
1747f283-cf73-4dcb-b6b7-b6d21ed02699,Pengguna Google,https://play-lh.googleusercontent.com/EGemoI2NTXmTsBVtJqk8jxF9rh8ApRWfsIMQSt2uE4OcpQqbFu7f7NbTK05lx80nuSijCz7sc3a277R67g,"transportasi terbaik memudahkan prjalanan kita kemana saja. selain mudah ini juga murah. perjalanan jadi makin aman . driver juga enak gk ugal"" . tempat duduk nyaman dan busnya juga gk apek dalemnya",5,0,2.4.2,2025-06-22 08:20:43,,,2.4.2
dff337d2-c73a-4b2f-ac9b-972c2bf96b72,Pengguna Google,https://play-lh.googleusercontent.com/EGemoI2NTXmTsBVtJqk8jxF9rh8ApRWfsIMQSt2uE4OcpQqbFu7f7NbTK05lx80nuSijCz7sc3a277R67g,"aplikasi nya mudah digunakan, fitur2nya juga bagus, tidak ada kendala saat login dan selain itu fasilitas transjakarta juga nyaman dana aman banget.",5,0,2.4.2,2025-06-22 07:42:12,,,2.4.2
117dc9ce-3589-4e3a-bd3d-3be11caba952,Pengguna Google,https://play-lh.googleusercontent.com/EGemoI2NTXmTsBVtJqk8jxF9rh8ApRWfsIMQSt2uE4OcpQqbFu7f7NbTK05lx80nuSijCz7sc3a277R67g,"Aplikasi Transjakarta praktis banget! Informasinya akurat, tampilannya simpel, dan memudahkan perjalanan sehari-hari. Super helpful!💯💯",5,0,2.4.2,2025-06-22 07:38:31,,,2.4.2
ea2df9aa-ab54-4915-81c8-6ed4f911e6c3,Pengguna Google,https://play-lh.googleusercontent.com/EGemoI2NTXmTsBVtJqk8jxF9rh8ApRWfsIMQSt2uE4OcpQqbFu7f7NbTK05lx80nuSijCz7sc3a277R67g,"aplikasi ini sangat berguna untuk berbagai kemudahan informasi ,pembelian tiket yang mudah,peningkatan layanan pokonya fiturnya lengkap banget deh",5,0,2.4.2,2025-06-22 07:34:39,,,2.4.2
eabe2ac5-6aff-4100-bc08-db7030c33eab,Pengguna Google,https://play-lh.googleusercontent.com/EGemoI2NTXmTsBVtJqk8jxF9rh8ApRWfsIMQSt2uE4OcpQqbFu7f7NbTK05lx80nuSijCz7sc3a277R67g,"aplikasinya sangat berguna untuk bepergian,harganya juga terjangkau.",5,0,2.4.2,2025-06-22 07:27:29,,,2.4.2
fd9270ed-8c3d-4e92-b35e-fb2b778ee3ba,Pengguna Google,https://play-lh.googleusercontent.com/EGemoI2NTXmTsBVtJqk8jxF9rh8ApRWfsIMQSt2uE4OcpQqbFu7f7NbTK05lx80nuSijCz7sc3a277R67g,aplikasi yang sangat berguna untuk kita yang suka berpergian naik angkutan umum,5,0,,2025-06-22 07:04:23,,,
0f596856-3661-4148-bc40-ae2017aa386f,Pengguna Google,https://play-lh.googleusercontent.com/EGemoI2NTXmTsBVtJqk8jxF9rh8ApRWfsIMQSt2uE4OcpQqbFu7f7NbTK05lx80nuSijCz7sc3a277R67g,bisa bayar pake gopay gk sie aplikasi tije,5,0,,2025-06-22 01:43:10,,,
b5e1de2a-7a67-4712-91d2-420d2bc9cee4,Pengguna Google,https://play-lh.googleusercontent.com/EGemoI2NTXmTsBVtJqk8jxF9rh8ApRWfsIMQSt2uE4OcpQqbFu7f7NbTK05lx80nuSijCz7sc3a277R67g,"suka banget sama aplikasi ini, sangat amat berguna sekali✨",5,0,2.4.2,2025-06-21 20:26:30,,,2.4.2
1079570b-ee08-4329-8532-fb2ece920e2e,Pengguna Google,https://play-lh.googleusercontent.com/EGemoI2NTXmTsBVtJqk8jxF9rh8ApRWfsIMQSt2uE4OcpQqbFu7f7NbTK05lx80nuSijCz7sc3a277R67g,"sangat sangat memuaskan bangetttt, dari mulai biaya ramah dikantong, pelayanan nya nyaman, untuk beli tiketnya juga nggak perlu ngantri panjang, cukup dari aplikasi aja, pokoknya mudah bangettt dan memuaskan",5,0,2.4.2,2025-06-21 19:40:24,,,2.4.2
3f54d125-8c18-4134-9c77-a161a51960d2,Pengguna Google,https://play-lh.googleusercontent.com/EGemoI2NTXmTsBVtJqk8jxF9rh8ApRWfsIMQSt2uE4OcpQqbFu7f7NbTK05lx80nuSijCz7sc3a277R67g,kok ga bisa masuk ya?,3,0,2.4.2,2025-06-21 18:12:33,,,2.4.2
d1a1b67f-634e-4d63-80fa-c78993989a83,Pengguna Google,https://play-lh.googleusercontent.com/EGemoI2NTXmTsBVtJqk8jxF9rh8ApRWfsIMQSt2uE4OcpQqbFu7f7NbTK05lx80nuSijCz7sc3a277R67g,"aplikasi nya berguna banget buat yang baru Dateng ke jakarta kaya aku, makasih banget yaa udh bikin ini aplikasi",5,0,2.4.2,2025-06-21 15:46:33,,,2.4.2
b948a7cd-65fa-4fe2-89cc-d845afd78cd6,Pengguna Google,https://play-lh.googleusercontent.com/EGemoI2NTXmTsBVtJqk8jxF9rh8ApRWfsIMQSt2uE4OcpQqbFu7f7NbTK05lx80nuSijCz7sc3a277R67g,"Aplikasi Transjakarta sangat membantu dalam merencanakan perjalanan harian. Informasi rute, halte, dan estimasi waktu kedatangan disajikan dengan cukup akurat. UI-nya sederhana dan mudah dipahami, cocok untuk pengguna baru maupun yang sudah terbiasa menggunakan transportasi umum.",5,0,,2025-06-21 15:35:17,,,
0abb094f-e0a3-488a-bbb6-d6b5cdccef05,Pengguna Google,https://play-lh.googleusercontent.com/EGemoI2NTXmTsBVtJqk8jxF9rh8ApRWfsIMQSt2uE4OcpQqbFu7f7NbTK05lx80nuSijCz7sc3a277R67g,"memudahkan bangett dengan adanya aplikasi ini, jadi ga bingungg. cintaa banget sama transjakartaaa🤩💟",5,0,2.4.2,2025-06-21 15:35:16,,,2.4.2
e2c5cc51-53cb-4168-aae5-840318de670e,Pengguna Google,https://play-lh.googleusercontent.com/EGemoI2NTXmTsBVtJqk8jxF9rh8ApRWfsIMQSt2uE4OcpQqbFu7f7NbTK05lx80nuSijCz7sc3a277R67g,Apk ini banyak fitur yng membntu contohnya pilihan rute yng memudahkan kita untuk tau arah tujuan kita...apk yng membantu bgt🤩,5,0,2.4.2,2025-06-21 14:49:08,,,2.4.2
61315c30-84a0-4dc6-a779-93d093a24426,Pengguna Google,https://play-lh.googleusercontent.com/EGemoI2NTXmTsBVtJqk8jxF9rh8ApRWfsIMQSt2uE4OcpQqbFu7f7NbTK05lx80nuSijCz7sc3a277R67g,"aplikasinya keren dan berguna banget apalagi aku baru di jakarta, pake aplikasi gak ribet, keliatan posisi bus dan halte terdekat, jadi bisa atur waktu dan pembayaran yg sangat gampang",5,0,2.4.2,2025-06-21 14:43:16,,,2.4.2
f6feffe8-bb43-49be-b651-729c9f157957,Pengguna Google,https://play-lh.googleusercontent.com/EGemoI2NTXmTsBVtJqk8jxF9rh8ApRWfsIMQSt2uE4OcpQqbFu7f7NbTK05lx80nuSijCz7sc3a277R67g,"Aplikasinya membantu buat cari rute atau halte. Ramah juga buat pengguna baru yang mau naik Transjakarta. yang mau naik bus yang atapnya kebuka, bisa dari aplikasi ini juga",5,0,2.4.2,2025-06-21 14:18:36,,,2.4.2
cd3210c0-a841-41d1-bc18-e445348159e7,Pengguna Google,https://play-lh.googleusercontent.com/EGemoI2NTXmTsBVtJqk8jxF9rh8ApRWfsIMQSt2uE4OcpQqbFu7f7NbTK05lx80nuSijCz7sc3a277R67g,aplikasi nya sangat berguna jika keluar ga bawa kendaraan pribadi dan juga tarif nya yang murah,5,0,2.4.2,2025-06-21 14:16:19,,,2.4.2
4b650f2a-a63c-4f89-b7b0-43b85fa7a1ca,Pengguna Google,https://play-lh.googleusercontent.com/EGemoI2NTXmTsBVtJqk8jxF9rh8ApRWfsIMQSt2uE4OcpQqbFu7f7NbTK05lx80nuSijCz7sc3a277R67g,"aplikasi ini sangat berguna banget buat aku yaa, tampilan dari app nya juga bagus gak bikin ribet harga nya juga terjangkau kali",5,0,2.4.2,2025-06-21 14:04:05,,,2.4.2
620c6c27-832e-4630-ab10-c3fea2917773,Pengguna Google,https://play-lh.googleusercontent.com/EGemoI2NTXmTsBVtJqk8jxF9rh8ApRWfsIMQSt2uE4OcpQqbFu7f7NbTK05lx80nuSijCz7sc3a277R67g,apk yng sangat membantu dan tentunya sangat berguna banget apalagi yang gak punya kendaraan kayak saya ini hehehhe ... rekomended banget deh top pokok nya,5,0,2.4.2,2025-06-21 14:01:46,,,2.4.2
07dee493-cd6d-4411-94ee-bb6afcde662f,Pengguna Google,https://play-lh.googleusercontent.com/EGemoI2NTXmTsBVtJqk8jxF9rh8ApRWfsIMQSt2uE4OcpQqbFu7f7NbTK05lx80nuSijCz7sc3a277R67g,"aplikasi yang sangat berguna ketika lagi berpergian, rekomendasi banget buat orang yang baru pertama kali naik tj",5,0,2.4.2,2025-06-21 14:01:31,,,2.4.2
4ca08747-1a2a-4113-99b3-38b4b2403cb8,Pengguna Google,https://play-lh.googleusercontent.com/EGemoI2NTXmTsBVtJqk8jxF9rh8ApRWfsIMQSt2uE4OcpQqbFu7f7NbTK05lx80nuSijCz7sc3a277R67g,aplikasi terbaik memudahkan untuk naik transum,5,0,2.4.2,2025-06-21 13:59:53,,,2.4.2
276e7046-85c6-4f9a-9d97-d801f4a8f01b,Pengguna Google,https://play-lh.googleusercontent.com/EGemoI2NTXmTsBVtJqk8jxF9rh8ApRWfsIMQSt2uE4OcpQqbFu7f7NbTK05lx80nuSijCz7sc3a277R67g,aplikasi keren dengan adanya aplikasi ini memudahkan saya dalam menemukan rute terdekat dan aplikasi ini sangat bermanfaat untuk pengguna basway untuk alat transportasi sehari hari,5,0,,2025-06-21 13:54:22,,,
254c69e0-f351-4a26-aab8-d7ba7dde64a7,Pengguna Google,https://play-lh.googleusercontent.com/EGemoI2NTXmTsBVtJqk8jxF9rh8ApRWfsIMQSt2uE4OcpQqbFu7f7NbTK05lx80nuSijCz7sc3a277R67g,aplikasi transjakarta ini sangat terjangkau harga nya juga murah,5,0,,2025-06-21 13:44:35,,,
3047682d-23c9-4e22-a81d-2c6540bb0493,Pengguna Google,https://play-lh.googleusercontent.com/EGemoI2NTXmTsBVtJqk8jxF9rh8ApRWfsIMQSt2uE4OcpQqbFu7f7NbTK05lx80nuSijCz7sc3a277R67g,Aplikasi ini menjadi pilihan utama anda untuk menjelajahi kota dengan trans jakarta di jakarta,5,0,,2025-06-21 13:41:53,,,
8807770f-a941-4349-856b-1823ec40e716,Pengguna Google,https://play-lh.googleusercontent.com/EGemoI2NTXmTsBVtJqk8jxF9rh8ApRWfsIMQSt2uE4OcpQqbFu7f7NbTK05lx80nuSijCz7sc3a277R67g,Aplikasi Ini sangat membantu sekali dalam memberikan informasi rute tujuan kita dan jg dapet di lihat rute yang beroperasi,5,0,2.4.2,2025-06-21 13:35:01,,,2.4.2
cb32bc28-6d12-4f6c-8727-d4a34fe6a4e6,Pengguna Google,https://play-lh.googleusercontent.com/EGemoI2NTXmTsBVtJqk8jxF9rh8ApRWfsIMQSt2uE4OcpQqbFu7f7NbTK05lx80nuSijCz7sc3a277R67g,Layanan angkutan umum pengumpan yang melayani titik perhentian sampai ke dalam lingkungan pemukiman.,5,0,,2025-06-21 13:34:25,,,
f52dd5f8-2a1c-4bd6-85ef-d6fb64169e13,Pengguna Google,https://play-lh.googleusercontent.com/EGemoI2NTXmTsBVtJqk8jxF9rh8ApRWfsIMQSt2uE4OcpQqbFu7f7NbTK05lx80nuSijCz7sc3a277R67g,"aplikasi yang sangat mempermudah untuk berpergian kemana pun,,",5,0,2.4.2,2025-06-21 13:22:35,,,2.4.2
3ac07e09-1a55-4e09-9ce5-ba07ffde8e9f,Pengguna Google,https://play-lh.googleusercontent.com/EGemoI2NTXmTsBVtJqk8jxF9rh8ApRWfsIMQSt2uE4OcpQqbFu7f7NbTK05lx80nuSijCz7sc3a277R67g,Aplikasi ini sangat bagus dan bermanfaat sekali karena bisa bepergian tanpa menggunakan kendaraan pribadi dan lebih cepat sampai ke tujuan serta harganya cukup terjangkau. Sangat direkomendasikan untuk menggunakan aplikasi ini supaya bisa merasakan keuntungannya.,5,0,2.4.2,2025-06-21 13:22:24,,,2.4.2
06ec596a-e696-4a40-a2af-477e9b0fdcd2,Pengguna Google,https://play-lh.googleusercontent.com/EGemoI2NTXmTsBVtJqk8jxF9rh8ApRWfsIMQSt2uE4OcpQqbFu7f7NbTK05lx80nuSijCz7sc3a277R67g,"aplikasi ini sangat memudahkan penumpang, infonya lengkap dan buat pantau tracking bus nya.",5,0,2.4.2,2025-06-21 13:21:57,,,2.4.2
544a2efc-73b0-479e-8765-fd7947b15868,Pengguna Google,https://play-lh.googleusercontent.com/EGemoI2NTXmTsBVtJqk8jxF9rh8ApRWfsIMQSt2uE4OcpQqbFu7f7NbTK05lx80nuSijCz7sc3a277R67g,aplikasi nya mudah di pakai dan enak di pakai saat bepergian kemana saja,5,0,,2025-06-21 13:13:48,,,
60e74e21-7f81-46ee-83c5-24cccb7c7eb9,Pengguna Google,https://play-lh.googleusercontent.com/EGemoI2NTXmTsBVtJqk8jxF9rh8ApRWfsIMQSt2uE4OcpQqbFu7f7NbTK05lx80nuSijCz7sc3a277R67g,aplikasi sangat bagus dan membantu bangett,5,0,2.4.2,2025-06-21 13:02:59,,,2.4.2
68519a65-855a-440a-a635-94b5c4ba9036,Pengguna Google,https://play-lh.googleusercontent.com/EGemoI2NTXmTsBVtJqk8jxF9rh8ApRWfsIMQSt2uE4OcpQqbFu7f7NbTK05lx80nuSijCz7sc3a277R67g,mempermudah perjalanan menggunakan transjak,5,0,2.4.2,2025-06-21 12:19:59,,,2.4.2
ecd2aa9a-fb04-4701-a599-fdf749f913e5,Pengguna Google,https://play-lh.googleusercontent.com/EGemoI2NTXmTsBVtJqk8jxF9rh8ApRWfsIMQSt2uE4OcpQqbFu7f7NbTK05lx80nuSijCz7sc3a277R67g,aplikasi transjakarta ini sangat membantu sekali mempermudah sekali,5,0,2.4.2,2025-06-21 12:05:42,,,2.4.2
b3e0fc2d-5d6a-425d-b93e-3757772e30d9,Pengguna Google,https://play-lh.googleusercontent.com/EGemoI2NTXmTsBVtJqk8jxF9rh8ApRWfsIMQSt2uE4OcpQqbFu7f7NbTK05lx80nuSijCz7sc3a277R67g,"bagus kak tapi untuk arah dari pantai maju ke Duri kepa gk ada rutenya, boleh add rutenya gk",3,0,2.4.1,2025-06-21 11:34:54,,,2.4.1
bfade759-5f08-4cf9-9914-9f2d617305ff,Pengguna Google,https://play-lh.googleusercontent.com/EGemoI2NTXmTsBVtJqk8jxF9rh8ApRWfsIMQSt2uE4OcpQqbFu7f7NbTK05lx80nuSijCz7sc3a277R67g,"aplikasi nya bagus,gak ada iklan. cocok untuk gen z",5,0,2.4.2,2025-06-21 11:24:43,,,2.4.2
143d0ab9-5742-452e-ae75-5d71159bd8cd,Pengguna Google,https://play-lh.googleusercontent.com/EGemoI2NTXmTsBVtJqk8jxF9rh8ApRWfsIMQSt2uE4OcpQqbFu7f7NbTK05lx80nuSijCz7sc3a277R67g,"aplikasinya memudahkan perjalanan saya menggunakan bus Transjakarta,, saya sangat senang dan puas ... terimakasih Transjakarta♥️",5,0,2.4.2,2025-06-21 11:21:25,,,2.4.2
928b5046-c11b-45f0-bac3-cb834bdf3b69,Pengguna Google,https://play-lh.googleusercontent.com/EGemoI2NTXmTsBVtJqk8jxF9rh8ApRWfsIMQSt2uE4OcpQqbFu7f7NbTK05lx80nuSijCz7sc3a277R67g,"Transjakarta nyaman dan tepat waktu, jadi andalan untuk bepergian di Jakarta. Jalurnya khusus, jadi nggak kena macet. Armadanya bersih, ber-AC, dan banyak halte yang tersebar luas. Tarifnya juga murah banget, cocok buat semua kalangan. Pelayanannya makin hari makin bagus",5,0,2.4.2,2025-06-21 11:20:55,,,2.4.2
ee7dde25-77b0-477a-80f7-ef626b0dd589,Pengguna Google,https://play-lh.googleusercontent.com/EGemoI2NTXmTsBVtJqk8jxF9rh8ApRWfsIMQSt2uE4OcpQqbFu7f7NbTK05lx80nuSijCz7sc3a277R67g,pake apk ini sangat mempermudah perjalanan dan sangat murah untuk melakukan kegiatan sehari harii dan gampang di akses,5,0,2.4.2,2025-06-21 11:13:20,,,2.4.2
e442b34e-1d5c-424a-9edf-0bb34f6c987d,Pengguna Google,https://play-lh.googleusercontent.com/EGemoI2NTXmTsBVtJqk8jxF9rh8ApRWfsIMQSt2uE4OcpQqbFu7f7NbTK05lx80nuSijCz7sc3a277R67g,disaat mau pakai kendaraan umum selalu pilih aplikasi ini harga terjangkau recommended,5,0,2.4.2,2025-06-21 11:11:54,,,2.4.2
94822207-7559-46d0-8edb-89db81f5a9c6,Pengguna Google,https://play-lh.googleusercontent.com/EGemoI2NTXmTsBVtJqk8jxF9rh8ApRWfsIMQSt2uE4OcpQqbFu7f7NbTK05lx80nuSijCz7sc3a277R67g,"Transjakarta terus melakukan pengembangan pada aplikasi ini, dengan tujuan memberikan pengalaman yang lebih baik bagi pengguna.",5,0,2.4.2,2025-06-21 11:06:16,,,2.4.2
d2602ddb-405b-4cdb-9b96-8f6f96bcc1e8,Pengguna Google,https://play-lh.googleusercontent.com/EGemoI2NTXmTsBVtJqk8jxF9rh8ApRWfsIMQSt2uE4OcpQqbFu7f7NbTK05lx80nuSijCz7sc3a277R67g,aplikasi mudah,5,0,2.4.1,2025-06-21 11:01:28,,,2.4.1
e4b32954-0f54-4c3c-980e-842dbc00deb7,Pengguna Google,https://play-lh.googleusercontent.com/EGemoI2NTXmTsBVtJqk8jxF9rh8ApRWfsIMQSt2uE4OcpQqbFu7f7NbTK05lx80nuSijCz7sc3a277R67g,Aplikasi TransJakarta sangat berguna bagi saya yang baru pertama kali menggunakan transportasi umum di Jakarta. Fitur peta koridor dan informasi tentang lokasi halte sangat membantu!,5,0,,2025-06-21 10:14:20,,,
c2cc61f4-8504-48c3-848f-d4a4f7c3629c,Pengguna Google,https://play-lh.googleusercontent.com/EGemoI2NTXmTsBVtJqk8jxF9rh8ApRWfsIMQSt2uE4OcpQqbFu7f7NbTK05lx80nuSijCz7sc3a277R67g,"aplikasi sangat berguna buat pemergian tanpa kendaraan pribadi, harga jugaa murah dan sangat terjangkau, bus nyaa jugaa tepat waktu, pokok nya rekomendasi pake apk ini!",5,0,2.4.2,2025-06-21 09:16:37,,,2.4.2
a1b33ce3-a390-4a56-8527-489b2ecfb88c,Pengguna Google,https://play-lh.googleusercontent.com/EGemoI2NTXmTsBVtJqk8jxF9rh8ApRWfsIMQSt2uE4OcpQqbFu7f7NbTK05lx80nuSijCz7sc3a277R67g,Aplikasi TransJakarta sangat mudah digunakan dan memiliki fitur-fitur unggulan yang membantu saya merencanakan perjalanan dengan lebih efisien!,5,0,2.4.2,2025-06-21 08:09:57,,,2.4.2
7e80cb52-5a08-48ed-af3b-2cf57c672cdd,Pengguna Google,https://play-lh.googleusercontent.com/EGemoI2NTXmTsBVtJqk8jxF9rh8ApRWfsIMQSt2uE4OcpQqbFu7f7NbTK05lx80nuSijCz7sc3a277R67g,"Aplikasi TransJakarta seperti BuSpot dan ITS Jakarta menyediakan informasi rute dan halte yang akurat, sehingga pengguna dapat merencanakan perjalanan dengan lebih mudah.",5,0,2.4.2,2025-06-21 00:37:29,,,2.4.2
01ec0784-8db9-4ad8-ade9-87c84f15ae7d,Pengguna Google,https://play-lh.googleusercontent.com/EGemoI2NTXmTsBVtJqk8jxF9rh8ApRWfsIMQSt2uE4OcpQqbFu7f7NbTK05lx80nuSijCz7sc3a277R67g,ok,5,0,2.4.1,2025-06-20 20:59:49,,,2.4.1
90179bb2-f4ed-4678-a4c6-be254adfbbdf,Pengguna Google,https://play-lh.googleusercontent.com/EGemoI2NTXmTsBVtJqk8jxF9rh8ApRWfsIMQSt2uE4OcpQqbFu7f7NbTK05lx80nuSijCz7sc3a277R67g,tolong untuk yang naik di jalan bisa pakai barcode karna terkadang org membeli tiket online juga. untuk kenyamanan bersama juga,2,0,2.4.1,2025-06-20 16:08:45,,,2.4.1
7049078e-33c7-4419-bad6-2ad44767f8f4,Pengguna Google,https://play-lh.googleusercontent.com/EGemoI2NTXmTsBVtJqk8jxF9rh8ApRWfsIMQSt2uE4OcpQqbFu7f7NbTK05lx80nuSijCz7sc3a277R67g,pembayaran tiket hanya bisa pakai astrapay dan blu.. gopay dong,1,0,2.4.2,2025-06-20 15:54:18,,,2.4.2
96340e6c-5c9b-4c95-8853-42862ec705c3,Pengguna Google,https://play-lh.googleusercontent.com/EGemoI2NTXmTsBVtJqk8jxF9rh8ApRWfsIMQSt2uE4OcpQqbFu7f7NbTK05lx80nuSijCz7sc3a277R67g,Aplikasinya sangat membantu untuk cek jadwal dan rute bus. Interface-nya juga simpel dan mudah dipahami. Semoga terus dikembangkan!,5,0,2.4.2,2025-06-20 12:35:49,,,2.4.2
57983819-f10a-4bbc-a8d4-4866b1222f4f,Pengguna Google,https://play-lh.googleusercontent.com/EGemoI2NTXmTsBVtJqk8jxF9rh8ApRWfsIMQSt2uE4OcpQqbFu7f7NbTK05lx80nuSijCz7sc3a277R67g,"Aplikasi Transjakarta sangat membantu! Rute dan jadwal bus jelas, update posisi bus real-time juga akurat. Navigasinya mudah digunakan, cocok untuk pengguna baru. Sekarang lebih gampang dan hemat waktu buat bepergian di Jakarta. Mantap!",5,0,2.4.2,2025-06-20 09:25:54,,,2.4.2
01226565-5555-41e3-a46d-0ea81bbd13d9,Pengguna Google,https://play-lh.googleusercontent.com/EGemoI2NTXmTsBVtJqk8jxF9rh8ApRWfsIMQSt2uE4OcpQqbFu7f7NbTK05lx80nuSijCz7sc3a277R67g,"aplikasi ini memudahkan kita untuk melacak transum yang akan kita naiki, tarif yang di pakai juga cukup murah. semoga semakin banyak orang yang tau tentang aplikasi ini karna sangat rekomended sekali",5,0,2.4.2,2025-06-20 08:14:21,,,2.4.2
a8719779-3979-4713-96a0-17475f42aeb8,Pengguna Google,https://play-lh.googleusercontent.com/EGemoI2NTXmTsBVtJqk8jxF9rh8ApRWfsIMQSt2uE4OcpQqbFu7f7NbTK05lx80nuSijCz7sc3a277R67g,"Aplikasi ini sangat berguna untuk yang mau berpergian tanpa menggunakan kendaraan pribadi, dulu mikir dua kali kalau mau berpergian tanpa menggunakan kendaraan pribadi tapi sekarang tidak lagi karena sudah sangat dipermudah. Dengan tampilan yang sederhana dan ringan untuk digunakan, aplikasi ini menyediakan informasi rute lengkap dan juga jadwal bus jadi tidak perlu terlalu lama menunggu di halte.",5,2,2.4.2,2025-06-20 07:28:27,,,2.4.2
dc5f1291-6fdb-450c-9b67-3516111121a3,Pengguna Google,https://play-lh.googleusercontent.com/EGemoI2NTXmTsBVtJqk8jxF9rh8ApRWfsIMQSt2uE4OcpQqbFu7f7NbTK05lx80nuSijCz7sc3a277R67g,"Aplikasi Transjakarta ini ngebantu banget buat cek rute dan jadwal busway, jadi gak perlu nebak-nebak lagi. apa lagi buat yang pertama nyobain apk ini banyakk fitur-fiturnya jadi ngebantu banget",5,0,2.4.2,2025-06-20 07:01:49,,,2.4.2
c06e8648-7a15-4b33-8b5e-0867b13f0400,Pengguna Google,https://play-lh.googleusercontent.com/EGemoI2NTXmTsBVtJqk8jxF9rh8ApRWfsIMQSt2uE4OcpQqbFu7f7NbTK05lx80nuSijCz7sc3a277R67g,"semoga bisa ditambahkan filter di home, gk harus load smua rute TJ, sesuai rute yg kita pilih aja... jd beban bisa di reduce",5,0,2.4.2,2025-06-20 06:53:37,,,2.4.2
2ca03099-b950-4c61-b8ba-e015f82c1df6,Pengguna Google,https://play-lh.googleusercontent.com/EGemoI2NTXmTsBVtJqk8jxF9rh8ApRWfsIMQSt2uE4OcpQqbFu7f7NbTK05lx80nuSijCz7sc3a277R67g,aplikasi ini sangat berguna untuk menunjukan arah jalan dan lokasi terkini membatu Terimakasih,5,0,2.4.2,2025-06-20 06:35:15,,,2.4.2
32c994d1-d078-4504-918e-d1abf2197046,Pengguna Google,https://play-lh.googleusercontent.com/EGemoI2NTXmTsBVtJqk8jxF9rh8ApRWfsIMQSt2uE4OcpQqbFu7f7NbTK05lx80nuSijCz7sc3a277R67g,"Saya sangat puas dengan pengalaman menggunakan Transjakarta! Bus yang bersih dan nyaman, serta supir yang ramah dan profesional, membuat perjalanan saya menjadi lebih menyenangkan. Rute yang luas dan jadwal yang teratur juga memudahkan saya untuk berpindah-pindah tempat di Jakarta. Selain itu, harga tiket yang terjangkau membuat Transjakarta menjadi pilihan yang tepat untuk transportasi sehari-hari. Saya sangat merekomendasikan Transjakarta kepada teman-teman saya yang ingin berkeliling Jakarta",5,0,2.4.2,2025-06-20 04:08:37,,,2.4.2
c6fd311f-be63-4439-a15d-06b25b2ec33a,Pengguna Google,https://play-lh.googleusercontent.com/EGemoI2NTXmTsBVtJqk8jxF9rh8ApRWfsIMQSt2uE4OcpQqbFu7f7NbTK05lx80nuSijCz7sc3a277R67g,ini aplikasi sangat bagus sekali buat yang suka berpergian kalau ga mau antri naik bis pakai lah aplikasi Transjakarta di jamin ga bakal ngantri lagi buat naik bis,5,0,2.4.2,2025-06-20 00:29:06,,,2.4.2
77fc4e01-1b0e-4f84-8c89-2f91e3c412de,Pengguna Google,https://play-lh.googleusercontent.com/EGemoI2NTXmTsBVtJqk8jxF9rh8ApRWfsIMQSt2uE4OcpQqbFu7f7NbTK05lx80nuSijCz7sc3a277R67g,aplikasi ini sangat berguna dan bermanfaat untuk yang tidak mempunyai kendaraan jika ingin menaiki transportasi umum,5,0,2.4.2,2025-06-19 21:30:22,,,2.4.2
d86a6504-a10b-44ce-89f1-5cecdf7f9b3b,Pengguna Google,https://play-lh.googleusercontent.com/EGemoI2NTXmTsBVtJqk8jxF9rh8ApRWfsIMQSt2uE4OcpQqbFu7f7NbTK05lx80nuSijCz7sc3a277R67g,ini apk nya memudahkan banget sukaa udh jadi langganan kemana mana pake apk transjakarta karna satset banget sukaa gaperlu takut ketinggalan dehh nyaman jugaa fasilitasi lengkap sukaaaa,5,0,2.4.2,2025-06-19 21:21:03,,,2.4.2
0461a5ca-edce-46d2-916e-3a96045b7d9d,Pengguna Google,https://play-lh.googleusercontent.com/EGemoI2NTXmTsBVtJqk8jxF9rh8ApRWfsIMQSt2uE4OcpQqbFu7f7NbTK05lx80nuSijCz7sc3a277R67g,"Simpel dan aman, beli tiket dan rute serta jadwal sangat jelas dan rinci. memudahkan pergi ke tujuan. semoga kedepannya ga ada iklan yang mengganggu. dan ada promo diskon",5,0,2.4.2,2025-06-19 20:01:16,,,2.4.2
dfd08403-a89c-4cf8-9e44-a06808cd9c24,Pengguna Google,https://play-lh.googleusercontent.com/EGemoI2NTXmTsBVtJqk8jxF9rh8ApRWfsIMQSt2uE4OcpQqbFu7f7NbTK05lx80nuSijCz7sc3a277R67g,"aplikasi yang sangat berguna buat bepergian tanpa make kendaraan pribadi, harganya pun lebih terjangkau dan juga bus nya tu cpet tepat waktu, selain itu di apk ini jga punya banyak fitur yang sangat amat enak",5,0,2.4.2,2025-06-19 19:15:36,,,2.4.2
1659897c-f3e0-49f1-addb-c469e9255d58,Pengguna Google,https://play-lh.googleusercontent.com/EGemoI2NTXmTsBVtJqk8jxF9rh8ApRWfsIMQSt2uE4OcpQqbFu7f7NbTK05lx80nuSijCz7sc3a277R67g,"aplikasi yang sangat membantu sekali. sebagai perantau saya jadi bisa bepergian dengan mudah di jakarta gak pake ribet, tarifnya juga murah ga bikin kantong kering, semoga semakin sukses deh Transjakarta",5,0,2.4.2,2025-06-19 19:15:34,,,2.4.2
be16957e-e723-4ec2-b947-e5822e782cd2,Pengguna Google,https://play-lh.googleusercontent.com/EGemoI2NTXmTsBVtJqk8jxF9rh8ApRWfsIMQSt2uE4OcpQqbFu7f7NbTK05lx80nuSijCz7sc3a277R67g,"aplikasi yang sangat bagus,bahkan mengisi poinnya dapat melalui spa saja baik pulsa ataupun e-wallet sehingga memudahkan tidak perlu harus melalui bank",5,0,2.4.2,2025-06-19 18:44:40,,,2.4.2
e176e755-e621-40fe-818b-126fd7e81646,Pengguna Google,https://play-lh.googleusercontent.com/EGemoI2NTXmTsBVtJqk8jxF9rh8ApRWfsIMQSt2uE4OcpQqbFu7f7NbTK05lx80nuSijCz7sc3a277R67g,"""Aplikasi Transjakarta sangat membantu! Info rute dan jadwal bus lengkap, real-time tracking akurat. Bikin perjalanan lebih mudah dan efisien. Wajib punya buat pengguna TJ!""",5,0,,2025-06-19 17:33:38,,,
52be6a21-8612-4ae3-9959-eb5ad5fcf06e,Pengguna Google,https://play-lh.googleusercontent.com/EGemoI2NTXmTsBVtJqk8jxF9rh8ApRWfsIMQSt2uE4OcpQqbFu7f7NbTK05lx80nuSijCz7sc3a277R67g,aplikasi mya memudahkan kita untuk mengakses informasi tentang Transjakarta,5,0,2.4.2,2025-06-19 16:35:06,,,2.4.2
58289dc4-00e1-4cda-a304-ac21379d1634,Pengguna Google,https://play-lh.googleusercontent.com/EGemoI2NTXmTsBVtJqk8jxF9rh8ApRWfsIMQSt2uE4OcpQqbFu7f7NbTK05lx80nuSijCz7sc3a277R67g,ini aplikasi sangat baik dan berguna,5,0,2.4.2,2025-06-19 15:29:06,,,2.4.2
f55ddf83-f058-47f2-b500-45785d6cd23d,Pengguna Google,https://play-lh.googleusercontent.com/EGemoI2NTXmTsBVtJqk8jxF9rh8ApRWfsIMQSt2uE4OcpQqbFu7f7NbTK05lx80nuSijCz7sc3a277R67g,"memudahkan sekali buat saya yang perantau, bisa gampang bepergian menggunakan transjakarta",5,0,2.4.2,2025-06-19 15:25:16,,,2.4.2
8fcac825-7b45-4352-a051-9f8e746ed3b7,Pengguna Google,https://play-lh.googleusercontent.com/EGemoI2NTXmTsBVtJqk8jxF9rh8ApRWfsIMQSt2uE4OcpQqbFu7f7NbTK05lx80nuSijCz7sc3a277R67g,"bagus sekali untuk saya orang nya yang lupa rute, jadi tau dengan aplikasi ini dimna rute bus transjakarta terdekat soalnya saya pelupa, buat kalian harus download juga karena banyak fitur"" yang memudahkan kalian",5,0,2.4.2,2025-06-19 15:21:38,,,2.4.2
b9e1204f-9588-4a0e-b496-fc1c0a9e6a1f,Pengguna Google,https://play-lh.googleusercontent.com/EGemoI2NTXmTsBVtJqk8jxF9rh8ApRWfsIMQSt2uE4OcpQqbFu7f7NbTK05lx80nuSijCz7sc3a277R67g,"Aplikasi nya sangat bagus, memudahkan saya untuk berpergian. Saya sangat puas dengan aplikasi Transjakarta ini, fitur nya lengkap dan akurat. Harganya terjangkau dan pembayaran nya sangat mudah.",5,0,2.4.2,2025-06-19 15:20:58,,,2.4.2
6f6a015a-2a08-4f28-aac4-41b02abc6a9f,Pengguna Google,https://play-lh.googleusercontent.com/EGemoI2NTXmTsBVtJqk8jxF9rh8ApRWfsIMQSt2uE4OcpQqbFu7f7NbTK05lx80nuSijCz7sc3a277R67g,TransJakarta benar-benar bertransformasi dengan aplikasi ini. Semoga semakin baik,5,0,2.4.2,2025-06-19 15:12:38,,,2.4.2
6a515398-eb41-4960-b4ab-207aa042c457,Pengguna Google,https://play-lh.googleusercontent.com/EGemoI2NTXmTsBVtJqk8jxF9rh8ApRWfsIMQSt2uE4OcpQqbFu7f7NbTK05lx80nuSijCz7sc3a277R67g,"Aplikasi Transjakarta ini sangat berguna sekali untuk berpergian tanpa memakai kendaran pribadi, harga tiketnya pun sangat terjangkau dan Bus Transjakarta ini sangat cepat dan tepat waktu, selain itu aplikasi Transjakarta ini sangat penting bagi kita semua, fiturnya sangat lengkap, mudah dan jadi tahu arah tujuan kita.",5,2,2.4.2,2025-06-19 14:54:49,,,2.4.2
99b1eea3-5b6d-4bb8-989c-2f1dd4277cc5,Pengguna Google,https://play-lh.googleusercontent.com/EGemoI2NTXmTsBVtJqk8jxF9rh8ApRWfsIMQSt2uE4OcpQqbFu7f7NbTK05lx80nuSijCz7sc3a277R67g,"aplikasi nya cocok banget buat bepergian, dan memudahkan kan kita saat bepergian",5,0,,2025-06-19 14:36:56,,,
cf198cee-b1e6-4120-bba6-cd00f429c09a,Pengguna Google,https://play-lh.googleusercontent.com/EGemoI2NTXmTsBVtJqk8jxF9rh8ApRWfsIMQSt2uE4OcpQqbFu7f7NbTK05lx80nuSijCz7sc3a277R67g,Sering update dan terus diperbaiki. Saya merasa pengembangnya benar-benar mendengarkan pengguna,5,0,2.4.2,2025-06-19 14:06:51,,,2.4.2
dfd0761c-9796-4e12-a947-aed826df2b51,Pengguna Google,https://play-lh.googleusercontent.com/EGemoI2NTXmTsBVtJqk8jxF9rh8ApRWfsIMQSt2uE4OcpQqbFu7f7NbTK05lx80nuSijCz7sc3a277R67g,Fitur pelacakan bus real-time sangat membantu. Saya bisa tahu kapan bus datang tanpa harus menunggu lama,5,0,,2025-06-19 13:32:46,,,
a0b236d3-db4c-4869-a5c3-ab40d078176d,Pengguna Google,https://play-lh.googleusercontent.com/EGemoI2NTXmTsBVtJqk8jxF9rh8ApRWfsIMQSt2uE4OcpQqbFu7f7NbTK05lx80nuSijCz7sc3a277R67g,aplikasi yang sangat berguna dan memudahkan perjalanan antar jakarta,5,0,2.4.2,2025-06-19 13:29:34,,,2.4.2
01a2fc24-5b0c-42b1-a8c0-7e3885114861,Pengguna Google,https://play-lh.googleusercontent.com/EGemoI2NTXmTsBVtJqk8jxF9rh8ApRWfsIMQSt2uE4OcpQqbFu7f7NbTK05lx80nuSijCz7sc3a277R67g,aplikasi yang bermanfaat dan sangat membantu,5,0,2.4.2,2025-06-19 13:19:36,,,2.4.2
88eeb295-8341-4e26-9970-5b92cfae813d,Pengguna Google,https://play-lh.googleusercontent.com/EGemoI2NTXmTsBVtJqk8jxF9rh8ApRWfsIMQSt2uE4OcpQqbFu7f7NbTK05lx80nuSijCz7sc3a277R67g,Aplikasi ini membuat perjalanan jadi lebih tenang dan terencana. Terima kasih untuk layanan yang luar biasa!,5,0,,2025-06-19 13:14:10,,,
8b5656f4-1af2-4eab-96a8-d7a328159dfd,Pengguna Google,https://play-lh.googleusercontent.com/EGemoI2NTXmTsBVtJqk8jxF9rh8ApRWfsIMQSt2uE4OcpQqbFu7f7NbTK05lx80nuSijCz7sc3a277R67g,Aplikasinya sangat membantu! Jadwal bus akurat dan mudah digunakan. Terima kasih TransJakarta,5,0,,2025-06-19 13:07:04,,,
28c69072-c6f0-4ddc-b1bc-a70409c03e21,Pengguna Google,https://play-lh.googleusercontent.com/EGemoI2NTXmTsBVtJqk8jxF9rh8ApRWfsIMQSt2uE4OcpQqbFu7f7NbTK05lx80nuSijCz7sc3a277R67g,Aplikasi Transjakarta sangat berguna untuk merencanakan perjalanan di Jakarta dengan transportasi umum.,5,0,2.4.2,2025-06-19 13:02:39,,,2.4.2
5d2bc952-d557-43e3-9da9-78759ee4c54e,Pengguna Google,https://play-lh.googleusercontent.com/EGemoI2NTXmTsBVtJqk8jxF9rh8ApRWfsIMQSt2uE4OcpQqbFu7f7NbTK05lx80nuSijCz7sc3a277R67g,"aplikasinya sangat berguna buat bepergian tanpa kendaraan pribadi, harganya terjangkau. dan punya banyak fitur",5,0,2.4.2,2025-06-19 12:53:17,,,2.4.2
21415d03-930c-474d-8e2b-a2a2cd72c2a3,Pengguna Google,https://play-lh.googleusercontent.com/EGemoI2NTXmTsBVtJqk8jxF9rh8ApRWfsIMQSt2uE4OcpQqbFu7f7NbTK05lx80nuSijCz7sc3a277R67g,"Aplikasi ini sangat berguna buat saya yang tiap hari naik TransJakarta. Info jadwal dan rute lengkap, apalagi fitur pelacakan bus real time nya sangat membantu! Sekarang nggak perlu nunggu terlalu lama di halte🤩🤩‼️",5,0,2.4.2,2025-06-19 12:20:40,,,2.4.2
0fa3313d-981f-4a53-a887-4e388a04b4a3,Pengguna Google,https://play-lh.googleusercontent.com/EGemoI2NTXmTsBVtJqk8jxF9rh8ApRWfsIMQSt2uE4OcpQqbFu7f7NbTK05lx80nuSijCz7sc3a277R67g,sejauh ini pake apk transjakarta membantu bgt si apalagi pas awal2 pake transportasi transjakarta krn ada fitur rute nya jadi ga bingung arahnya kemana.,5,0,2.4.2,2025-06-19 12:09:34,,,2.4.2
2768d3cc-54d1-4589-aeeb-873765ab8e15,Pengguna Google,https://play-lh.googleusercontent.com/EGemoI2NTXmTsBVtJqk8jxF9rh8ApRWfsIMQSt2uE4OcpQqbFu7f7NbTK05lx80nuSijCz7sc3a277R67g,"""Praktis dan Tepat Waktu!"" Aplikasi TransJakarta sangat membantu mobilitas saya di Jakarta. Info rute dan jadwal bus real-time bikin perjalanan lebih terencana. Antarmuka simpel dan mudah digunakan. Solusi cerdas buat warga yang ingin hemat waktu dan bebas macet!",5,0,2.4.2,2025-06-19 11:57:37,,,2.4.2
b5162bc1-b441-446b-8144-9f564a065284,Pengguna Google,https://play-lh.googleusercontent.com/EGemoI2NTXmTsBVtJqk8jxF9rh8ApRWfsIMQSt2uE4OcpQqbFu7f7NbTK05lx80nuSijCz7sc3a277R67g,aplikasi bagus sekali dan menyenangkan coba kalian semua download dan rasakan perbedaannya dan kalo mau liat rute liat di aplikasinya sangat komplit sekali,5,0,2.4.2,2025-06-19 11:50:01,,,2.4.2
1eea15fd-162d-480d-8783-0b6aaf842349,Pengguna Google,https://play-lh.googleusercontent.com/EGemoI2NTXmTsBVtJqk8jxF9rh8ApRWfsIMQSt2uE4OcpQqbFu7f7NbTK05lx80nuSijCz7sc3a277R67g,"menurutku aplikasi ini membantu, memudahkan untuk berpergian tanpa membawa kendaraan pribadi, selain itu juga harganya terjangkau, bus nya tepat waktu, pokok nya aplikasi yang membantu untuk saya yang jarang membawa kendaraan sendiri",5,0,,2025-06-19 10:42:53,,,
4a4488c2-15f2-4a9d-85a4-5d311a3a5d5a,Pengguna Google,https://play-lh.googleusercontent.com/EGemoI2NTXmTsBVtJqk8jxF9rh8ApRWfsIMQSt2uE4OcpQqbFu7f7NbTK05lx80nuSijCz7sc3a277R67g,"aplikasi nya mantap banget bisa lacak bus yang mau kita naikin seberapa jauh, penggunaan juga mudah ga ngeleg"" sangat suka sayaa",5,0,,2025-06-19 09:57:26,,,
b777f3ef-2469-43db-a1ee-fd4226dafef7,Pengguna Google,https://play-lh.googleusercontent.com/EGemoI2NTXmTsBVtJqk8jxF9rh8ApRWfsIMQSt2uE4OcpQqbFu7f7NbTK05lx80nuSijCz7sc3a277R67g,aplikasi yang sangat bagus dan berguna banget buat kamu yang suka berpergian menggunakan kendaraan umum di lengkapi fitur yang lengkap dan memudahkan kamu dalam kehidupan sehari-hari,5,0,2.4.2,2025-06-19 09:44:54,,,2.4.2
6e4fc498-37b0-42af-bd5e-a565df2fdd7c,Pengguna Google,https://play-lh.googleusercontent.com/EGemoI2NTXmTsBVtJqk8jxF9rh8ApRWfsIMQSt2uE4OcpQqbFu7f7NbTK05lx80nuSijCz7sc3a277R67g,berguna untuk melakukan transportasi di area jakarta untuk ke tempat tertentu,5,0,2.4.2,2025-06-19 09:39:37,,,2.4.2
de069d58-a57e-4c40-9803-d59206055abb,Pengguna Google,https://play-lh.googleusercontent.com/EGemoI2NTXmTsBVtJqk8jxF9rh8ApRWfsIMQSt2uE4OcpQqbFu7f7NbTK05lx80nuSijCz7sc3a277R67g,"jujur menurut saya aplikasi ini bagus banget buat berpergian kemana²,lancar di hp saya mantap lah pokoknya,harganya juga murah,bisnya dateng nya tepat waktu the best lah pokoknya",5,0,2.4.2,2025-06-19 08:50:15,,,2.4.2
d2ee9077-3cf4-410f-9390-707184656757,Pengguna Google,https://play-lh.googleusercontent.com/EGemoI2NTXmTsBVtJqk8jxF9rh8ApRWfsIMQSt2uE4OcpQqbFu7f7NbTK05lx80nuSijCz7sc3a277R67g,"Aplikasi yang sangat bagus, bukan cuma untuk orang yg sehari-hari tinggal dan commuting pakai transum di Jakarta, tapi juga utk turis seperti saya. Fiturnya bukan hanya menyediakan rute dari halte ke halte, bisa juga memesan tiket bayar pakai Astrapay, bisa pula pesan tiket utk bus wisata.",5,0,2.4.2,2025-06-19 07:54:34,,,2.4.2
8176271f-cefc-41d7-844d-27f0c0a33b0a,Pengguna Google,https://play-lh.googleusercontent.com/EGemoI2NTXmTsBVtJqk8jxF9rh8ApRWfsIMQSt2uE4OcpQqbFu7f7NbTK05lx80nuSijCz7sc3a277R67g,"Aplikasinya sangat membantu, lebih praktis juga buat sekarang yang kemana mana ga mau ribet, harga juga sangat terjangkau.",5,0,,2025-06-19 07:44:14,,,
573d9fcb-2a53-40fb-bea2-88059d6aef95,Pengguna Google,https://play-lh.googleusercontent.com/EGemoI2NTXmTsBVtJqk8jxF9rh8ApRWfsIMQSt2uE4OcpQqbFu7f7NbTK05lx80nuSijCz7sc3a277R67g,tampilan yang begitu simpel dan tidak berat untuk divace yang kurang memumpuni 👍,5,0,2.4.2,2025-06-19 06:38:37,,,2.4.2
6a221264-62cf-4053-9791-53904fed5909,Pengguna Google,https://play-lh.googleusercontent.com/EGemoI2NTXmTsBVtJqk8jxF9rh8ApRWfsIMQSt2uE4OcpQqbFu7f7NbTK05lx80nuSijCz7sc3a277R67g,aplikasinya sangat membantu trimakasih Transjakarta 👍👍👍,5,0,2.4.2,2025-06-18 22:50:06,,,2.4.2
7488d231-239f-4bef-b101-57e13bbe5343,Pengguna Google,https://play-lh.googleusercontent.com/EGemoI2NTXmTsBVtJqk8jxF9rh8ApRWfsIMQSt2uE4OcpQqbFu7f7NbTK05lx80nuSijCz7sc3a277R67g,aplikasinya ngebantu bgt buat liat rute danposisi bus transjakarta. gampang dipake dan cukup akurat 👍,5,0,2.4.2,2025-06-18 21:59:28,,,2.4.2
4e40a040-578d-49ac-a9cf-c1187986d7f5,Pengguna Google,https://play-lh.googleusercontent.com/EGemoI2NTXmTsBVtJqk8jxF9rh8ApRWfsIMQSt2uE4OcpQqbFu7f7NbTK05lx80nuSijCz7sc3a277R67g,"dengan fitur fitur yang lengkap aplikasi ini sangat memudahkan kita untuk merencanakan perjalanan kita.. dan kita bisa dengan mudah tau rute perjalanan, dan estimasi kedatangan bus.",5,0,2.4.2,2025-06-18 21:43:22,,,2.4.2
eaccbbd3-6bd8-4ee8-8ace-bfcaf0d218e7,Pengguna Google,https://play-lh.googleusercontent.com/EGemoI2NTXmTsBVtJqk8jxF9rh8ApRWfsIMQSt2uE4OcpQqbFu7f7NbTK05lx80nuSijCz7sc3a277R67g,aplikasi nya mudah digunakan dan mudah di pahami mantap,5,0,2.4.2,2025-06-18 21:10:26,,,2.4.2
7686b2e2-4139-410e-acb7-8da16f5bc5b5,Pengguna Google,https://play-lh.googleusercontent.com/EGemoI2NTXmTsBVtJqk8jxF9rh8ApRWfsIMQSt2uE4OcpQqbFu7f7NbTK05lx80nuSijCz7sc3a277R67g,"saya udah coba aplikasi Transjakarta, enak banget dipakenya. bisa liat rute, jadwal, sama posisi bus langsung tidak ribet dan tampilannya juga simple.",5,0,2.4.2,2025-06-18 21:07:59,,,2.4.2
33cf77ee-d1b0-4665-a35b-9c495f39c86e,Pengguna Google,https://play-lh.googleusercontent.com/EGemoI2NTXmTsBVtJqk8jxF9rh8ApRWfsIMQSt2uE4OcpQqbFu7f7NbTK05lx80nuSijCz7sc3a277R67g,"Aplikasi TransJakarta sangat membantu saya dalam merencanakan perjalanan sehari-hari. Fitur rute dan estimasi waktu kedatangan bus sangat akurat, membuat saya tidak perlu khawatir tentang keterlambatan",5,0,2.4.2,2025-06-18 21:02:30,,,2.4.2
c5c9a443-a63f-43e7-8b4a-d7c6f52a9672,Pengguna Google,https://play-lh.googleusercontent.com/EGemoI2NTXmTsBVtJqk8jxF9rh8ApRWfsIMQSt2uE4OcpQqbFu7f7NbTK05lx80nuSijCz7sc3a277R67g,"udah lama pake aplikasi transjakarta dan sejauh ini cukup membantu buat cek rute dan jadwal bus. tampilannya simpel. sangat bagus dan membantu sekali aplikasinya, top banget.",5,0,2.4.2,2025-06-18 20:51:52,,,2.4.2
529fc413-e314-47d9-a95c-31f41758b03d,Pengguna Google,https://play-lh.googleusercontent.com/EGemoI2NTXmTsBVtJqk8jxF9rh8ApRWfsIMQSt2uE4OcpQqbFu7f7NbTK05lx80nuSijCz7sc3a277R67g,aplikasi yang mudah dan gampang di gunakan gak ribet. mengurangi kemacetan dan harganya pun murah meriah,5,0,2.4.2,2025-06-18 20:33:51,,,2.4.2
af47fbea-e29c-4e9f-8d3f-461a79144a5c,Pengguna Google,https://play-lh.googleusercontent.com/EGemoI2NTXmTsBVtJqk8jxF9rh8ApRWfsIMQSt2uE4OcpQqbFu7f7NbTK05lx80nuSijCz7sc3a277R67g,"Aplikasi Transjakarta sangat membantu! Informasi jadwal dan rute bus mudah diakses dan akurat, membuat perjalanan jadi lebih efisien.",5,0,2.4.2,2025-06-18 20:00:05,,,2.4.2
b02816b6-94d0-4469-a0b0-3aaa25013de1,Pengguna Google,https://play-lh.googleusercontent.com/EGemoI2NTXmTsBVtJqk8jxF9rh8ApRWfsIMQSt2uE4OcpQqbFu7f7NbTK05lx80nuSijCz7sc3a277R67g,aplikasi memudah kan kita untuk kemana mana,5,0,2.4.2,2025-06-18 19:48:48,,,2.4.2
22dd0a59-780f-44c7-9251-a915e32dfb9d,Pengguna Google,https://play-lh.googleusercontent.com/EGemoI2NTXmTsBVtJqk8jxF9rh8ApRWfsIMQSt2uE4OcpQqbFu7f7NbTK05lx80nuSijCz7sc3a277R67g,"Aplikasi yang Sangat Membantu! Sebagai pengguna setia Transjakarta, aplikasi ini sangat mempermudah mobilitas saya sehari-hari. Fitur jadwal keberangkatan dan rute sangat informatif, update posisi bus real-time juga cukup akurat. Antarmukanya simpel, mudah digunakan bahkan untuk orang awam. Semoga ke depannya makin stabil dan terus dikembangkan. Terima kasih Transjakarta, makin nyaman bepergian di Jakarta! 🙌",5,0,2.4.2,2025-06-18 19:36:57,,,2.4.2
64c3e31d-4656-4421-9837-ff04dcc0d2d3,Pengguna Google,https://play-lh.googleusercontent.com/EGemoI2NTXmTsBVtJqk8jxF9rh8ApRWfsIMQSt2uE4OcpQqbFu7f7NbTK05lx80nuSijCz7sc3a277R67g,"enak bisa tau rute"" nya dari sini, gatakut nyasar, harga murah, ada fitur tukar coin nya juga 😍😍",5,0,2.4.2,2025-06-18 19:30:41,,,2.4.2
cb92cdf0-5a14-4510-8b49-68db9a09ee04,Pengguna Google,https://play-lh.googleusercontent.com/EGemoI2NTXmTsBVtJqk8jxF9rh8ApRWfsIMQSt2uE4OcpQqbFu7f7NbTK05lx80nuSijCz7sc3a277R67g,"aplikasi nya sangat lancar nyaman digunakan di hp saya redmi note 13 pro ini ,saya suka fitur² apk nya yang memuat isi transportasi pokonya bagus dehhh🤩",5,0,2.4.2,2025-06-18 19:25:33,,,2.4.2
3ca6246e-2fc7-426d-8e40-345a7f54c64a,Pengguna Google,https://play-lh.googleusercontent.com/EGemoI2NTXmTsBVtJqk8jxF9rh8ApRWfsIMQSt2uE4OcpQqbFu7f7NbTK05lx80nuSijCz7sc3a277R67g,"aplikasinya bagus membantu agar kita tidak bingung menaiki Transjakarta, membuat perjalanan kita lebih gampang, juga rute dan waktu kedatangan busnya cukup akurat.",5,0,2.4.2,2025-06-18 19:24:46,,,2.4.2
52f2b17b-47ef-4af0-8d6f-61e788647d37,Pengguna Google,https://play-lh.googleusercontent.com/EGemoI2NTXmTsBVtJqk8jxF9rh8ApRWfsIMQSt2uE4OcpQqbFu7f7NbTK05lx80nuSijCz7sc3a277R67g,"aplikasinya ngebantu banget, kadang suka gatau jadwal tpi sekarang tinggal cek di aplikasi langsung ada, tarifnya murah, yang paling saya suka yaitu anti macet karena punya jalir sendiri jadi cepet sampai di tujuan",5,0,2.4.2,2025-06-18 19:23:28,,,2.4.2
25f09eac-eb3d-4216-bd44-4f9c6a265ea1,Pengguna Google,https://play-lh.googleusercontent.com/EGemoI2NTXmTsBVtJqk8jxF9rh8ApRWfsIMQSt2uE4OcpQqbFu7f7NbTK05lx80nuSijCz7sc3a277R67g,"menurut saya sebagai seorang pekerja yang selalu berangkat dan pulang naik kendaraan yang ada seperti bus Transjakarta ini, aplikasi Transjakarta ini sangat membantu karena memudahkan saya agar saya tidak kewalahan mencari kendaraan umum. Pokoknya aplikasi Transjakarta ini sangat membantu bagi saya, dan saya pasti akan selalu berlangganan dengan Transjakarta 🫰🏻",5,0,,2025-06-18 19:11:35,,,
7ef558f4-ae79-4b18-90b9-30946d48a8ad,Pengguna Google,https://play-lh.googleusercontent.com/EGemoI2NTXmTsBVtJqk8jxF9rh8ApRWfsIMQSt2uE4OcpQqbFu7f7NbTK05lx80nuSijCz7sc3a277R67g,"Aplikasi resmi dari PT. Transportasi Jakarta yang ditujukan untuk memudahkan pengguna transportasi umum, khususnya bus Transjakarta. Aplikasi ini kemungkinan menyediakan fitur seperti informasi rute, jadwal keberangkatan, dan posisi bus secara real-time.",5,0,2.4.2,2025-06-18 19:04:14,,,2.4.2
55ab2a3c-8437-4876-ae2d-4c03035d493d,Pengguna Google,https://play-lh.googleusercontent.com/EGemoI2NTXmTsBVtJqk8jxF9rh8ApRWfsIMQSt2uE4OcpQqbFu7f7NbTK05lx80nuSijCz7sc3a277R67g,"aplikasi yang berguna banget buat semua orang yang mau bepergian, mudah dan gampang cepet juga bus nyaa",5,0,2.4.2,2025-06-18 18:58:35,,,2.4.2
9f173857-7ccf-493c-8aa4-31d545b236c3,Pengguna Google,https://play-lh.googleusercontent.com/EGemoI2NTXmTsBVtJqk8jxF9rh8ApRWfsIMQSt2uE4OcpQqbFu7f7NbTK05lx80nuSijCz7sc3a277R67g,"aplikasi nya baguss mempermudah kalau pergi² an dekat maupun jauh, recommend bgt",5,0,2.4.2,2025-06-18 18:54:26,,,2.4.2
9bbd8e3f-903b-4c12-9491-e5b38b40e93d,Pengguna Google,https://play-lh.googleusercontent.com/EGemoI2NTXmTsBVtJqk8jxF9rh8ApRWfsIMQSt2uE4OcpQqbFu7f7NbTK05lx80nuSijCz7sc3a277R67g,"Aplikasi ini sangat bermanfaat jika ingin bepergian dan gamau pake kendaraan pribadi, aplikasinya juga ringan untuk penyimpanan, ada fitur sync otomatis tanpa takut lag dan bebas crash,tersedia juga fitur dark mode, harganya juga terjangkau banget dan bus nya itu cepat dan tepat waktu, sangat rekomendasi buat temen-temen semuanya.",5,1,2.4.2,2025-06-18 18:43:42,,,2.4.2
9ef8a266-e167-4f59-9345-b655d00f64af,Pengguna Google,https://play-lh.googleusercontent.com/EGemoI2NTXmTsBVtJqk8jxF9rh8ApRWfsIMQSt2uE4OcpQqbFu7f7NbTK05lx80nuSijCz7sc3a277R67g,aplikasi ini bgus bngt buat kita yg GK ada motor yg mau berpergian kmnaa ajaa,5,0,2.4.2,2025-06-18 18:43:22,,,2.4.2
42c2fb07-57cf-49d3-ad32-e87a824bb702,Pengguna Google,https://play-lh.googleusercontent.com/EGemoI2NTXmTsBVtJqk8jxF9rh8ApRWfsIMQSt2uE4OcpQqbFu7f7NbTK05lx80nuSijCz7sc3a277R67g,"aplikasi ini cocok buat yang pengen berpergian tanpa kendaraan pribadi, dan bagusnya disini ada fitur pilihan rute untuk bepergian yang bisa kita pilih sendiri",5,0,,2025-06-18 18:30:02,,,
30a3f786-257f-40a4-bc14-56df0d3dc964,Pengguna Google,https://play-lh.googleusercontent.com/EGemoI2NTXmTsBVtJqk8jxF9rh8ApRWfsIMQSt2uE4OcpQqbFu7f7NbTK05lx80nuSijCz7sc3a277R67g,"rekomendasi sekali sangat mudah dalam merencanakan perjalanan, dapat mengetahui posisi bus secara real-time, dan mendapatkan informasi terkini mengenai rute dan jadwal bus",5,0,2.4.2,2025-06-18 18:23:35,,,2.4.2
8b3bf128-ea65-4541-9291-b693635986bb,Pengguna Google,https://play-lh.googleusercontent.com/EGemoI2NTXmTsBVtJqk8jxF9rh8ApRWfsIMQSt2uE4OcpQqbFu7f7NbTK05lx80nuSijCz7sc3a277R67g,Mantap,5,0,2.4.1,2025-06-18 11:20:45,,,2.4.1
0d455079-63b0-4190-8f68-f1e4f6e4990c,Pengguna Google,https://play-lh.googleusercontent.com/EGemoI2NTXmTsBVtJqk8jxF9rh8ApRWfsIMQSt2uE4OcpQqbFu7f7NbTK05lx80nuSijCz7sc3a277R67g,tidak sesuai dengan keadaan asli nya!,1,0,2.4.1,2025-06-18 07:39:03,,,2.4.1
0ba55561-309d-4acf-ae5f-e00aa674f379,Pengguna Google,https://play-lh.googleusercontent.com/EGemoI2NTXmTsBVtJqk8jxF9rh8ApRWfsIMQSt2uE4OcpQqbFu7f7NbTK05lx80nuSijCz7sc3a277R67g,aplikasi TDK bisa dibuka.hanya muter2 aj...tlg dperbaiki.thx,1,0,2.4.2,2025-06-17 22:11:17,,,2.4.2
d8d3ea17-9b67-483a-84dd-b8bdcd3be671,Pengguna Google,https://play-lh.googleusercontent.com/EGemoI2NTXmTsBVtJqk8jxF9rh8ApRWfsIMQSt2uE4OcpQqbFu7f7NbTK05lx80nuSijCz7sc3a277R67g,manteppp,5,0,2.4.1,2025-06-17 19:51:53,,,2.4.1
7ff9c2c5-1a8d-4ccd-89f4-f53f28d60b89,Pengguna Google,https://play-lh.googleusercontent.com/EGemoI2NTXmTsBVtJqk8jxF9rh8ApRWfsIMQSt2uE4OcpQqbFu7f7NbTK05lx80nuSijCz7sc3a277R67g,aplikasinya sangat mudah digunakan buat kita bepergian dan harganya pun sangat terjangkau jadi nyaman lah,5,0,2.4.1,2025-06-17 10:48:02,,,2.4.1
b54868e9-2cc8-42c2-ac5b-7a39f49d8ad4,Pengguna Google,https://play-lh.googleusercontent.com/EGemoI2NTXmTsBVtJqk8jxF9rh8ApRWfsIMQSt2uE4OcpQqbFu7f7NbTK05lx80nuSijCz7sc3a277R67g,"aplikasi kereeeeen, sangat membantu menjalani aktivitas secepat kilat",5,0,2.4.1,2025-06-17 09:32:26,,,2.4.1
2d975083-9bd5-432d-b3fe-5db6c4c1beba,Pengguna Google,https://play-lh.googleusercontent.com/EGemoI2NTXmTsBVtJqk8jxF9rh8ApRWfsIMQSt2uE4OcpQqbFu7f7NbTK05lx80nuSijCz7sc3a277R67g,"Salah satu transportasi yang paling murah dan dapat menjangkau seluruh kota, serta aman karena ada gerbong khusus wanita. Sistem busnya sangat bagus dan busnya bersih. Ada kondektur bus yang dibuat untuk turun. Rekomendasi banget buat semua wisatawan menggunakan sistem bus ini untuk berkeliling Jakarta.",5,0,2.4.1,2025-06-17 06:18:01,,,2.4.1
aad79f9d-18ee-4f2e-81a3-fc7c7db7bce2,Pengguna Google,https://play-lh.googleusercontent.com/EGemoI2NTXmTsBVtJqk8jxF9rh8ApRWfsIMQSt2uE4OcpQqbFu7f7NbTK05lx80nuSijCz7sc3a277R67g,memudahkan untuk berpergian,5,0,2.4.1,2025-06-16 21:39:18,,,2.4.1
6b451229-f250-495f-bb90-762d86022ce2,Pengguna Google,https://play-lh.googleusercontent.com/EGemoI2NTXmTsBVtJqk8jxF9rh8ApRWfsIMQSt2uE4OcpQqbFu7f7NbTK05lx80nuSijCz7sc3a277R67g,"perjalanan jadi hemat dan efisien di jakarta dengan aplikasi transjakarta resmi, allikasi ini menjadi pilihan utama untuk menjelajahi kota dengan transportasi umum yang terintegrasi dan mudah di gunakan",5,0,2.4.1,2025-06-16 20:02:01,,,2.4.1
67c98b69-b8ca-4dd6-9e16-947bb8f7a175,Pengguna Google,https://play-lh.googleusercontent.com/EGemoI2NTXmTsBVtJqk8jxF9rh8ApRWfsIMQSt2uE4OcpQqbFu7f7NbTK05lx80nuSijCz7sc3a277R67g,aplikasinya sangat memudahkan utk bepergian harganya lumayan terjangkau,5,0,2.4.1,2025-06-16 19:42:16,,,2.4.1
352cd6db-7269-4e35-b274-5af1790eae5d,Pengguna Google,https://play-lh.googleusercontent.com/EGemoI2NTXmTsBVtJqk8jxF9rh8ApRWfsIMQSt2uE4OcpQqbFu7f7NbTK05lx80nuSijCz7sc3a277R67g,"untungnya aplikasinya stabil, jadi buka ini dimanapun tetep lancar tanpa kendala berat, buat hp hp yang msih low range juga keitung enteng buat aplikasi ini, pelayanan nyajuga enak di aplikasi ini, apalagi ada Event pengguna baru dapet point tuh lumayan dah pokonya",5,0,2.4.1,2025-06-16 19:26:09,,,2.4.1
5235fdb1-3b2d-4e7c-8878-e07ee4e58952,Pengguna Google,https://play-lh.googleusercontent.com/EGemoI2NTXmTsBVtJqk8jxF9rh8ApRWfsIMQSt2uE4OcpQqbFu7f7NbTK05lx80nuSijCz7sc3a277R67g,Mantab,5,0,2.4.1,2025-06-16 16:34:25,,,2.4.1
8780ce8c-132d-4f34-b71e-f132fe83f441,Pengguna Google,https://play-lh.googleusercontent.com/EGemoI2NTXmTsBVtJqk8jxF9rh8ApRWfsIMQSt2uE4OcpQqbFu7f7NbTK05lx80nuSijCz7sc3a277R67g,"aplikasi ini sangat membantu sih, jadi kita bisa tracking bus yang ingin kita tumpangi, jadinya ga perlu khawatir lagi, pokoknya sangat memudahkan saya.",5,0,2.4.1,2025-06-16 15:09:02,,,2.4.1
cdf6d49e-0bc7-42a7-93ad-60deede40d89,Pengguna Google,https://play-lh.googleusercontent.com/EGemoI2NTXmTsBVtJqk8jxF9rh8ApRWfsIMQSt2uE4OcpQqbFu7f7NbTK05lx80nuSijCz7sc3a277R67g,"Aplikasi Transjakarta sangat membantu dalam merencanakan perjalanan, fitur rute yang akurat dan informasi waktu kedatangan bus yang real-time membuat saya bisa berangkat lebih tepat waktu",5,0,2.4.1,2025-06-16 14:05:56,,,2.4.1
f5bc30dc-ecf1-4d79-8c51-0489b6e87b5a,Pengguna Google,https://play-lh.googleusercontent.com/EGemoI2NTXmTsBVtJqk8jxF9rh8ApRWfsIMQSt2uE4OcpQqbFu7f7NbTK05lx80nuSijCz7sc3a277R67g,"aplikasinya oke banget, bantu buat cari rute dan jadwal bus, jadi gak perlu bingung mau naek dari halte yang mana. cocok ni buat yang sering naek transjakarta.",5,0,2.4.1,2025-06-16 13:23:47,,,2.4.1
607a3695-65e8-43fe-8a3e-858ff0eb2e62,Pengguna Google,https://play-lh.googleusercontent.com/EGemoI2NTXmTsBVtJqk8jxF9rh8ApRWfsIMQSt2uE4OcpQqbFu7f7NbTK05lx80nuSijCz7sc3a277R67g,memudahkan pengguna mengetahui rute tj dan jadwal keberangkatan tj,5,0,,2025-06-16 12:59:56,,,
fa6ff6d6-f6c0-4559-bd3e-fa4efce582b3,Pengguna Google,https://play-lh.googleusercontent.com/EGemoI2NTXmTsBVtJqk8jxF9rh8ApRWfsIMQSt2uE4OcpQqbFu7f7NbTK05lx80nuSijCz7sc3a277R67g,"Aplikasinya oke sih menurutku, bantu banget pas mau naik TJ. Bisa liat rute, halte, sama jadwal busnya juga lumayan akurat. Jadi gak perlu nanya-nanya petugas lagi. Kadang masih suka delay dikit sih infonya, tapi overall udah sangat ngebantu banget buat yang sering naik bus Transjakarta.",5,0,2.4.1,2025-06-15 23:43:40,,,2.4.1
235a019d-974b-4995-b834-52feed5b4dd4,Pengguna Google,https://play-lh.googleusercontent.com/EGemoI2NTXmTsBVtJqk8jxF9rh8ApRWfsIMQSt2uE4OcpQqbFu7f7NbTK05lx80nuSijCz7sc3a277R67g,Tolongg dong sediain pembayaran Lainya pake Barkot supaya pake e wallet apapunn bisaa bayar dengan mudah 🙏🙏🙏,3,0,2.4.1,2025-06-15 20:23:14,,,2.4.1
c4cc21a0-7d6a-4475-92a1-69eee0204740,Pengguna Google,https://play-lh.googleusercontent.com/EGemoI2NTXmTsBVtJqk8jxF9rh8ApRWfsIMQSt2uE4OcpQqbFu7f7NbTK05lx80nuSijCz7sc3a277R67g,aplikasi ini sangat memudahkan saya ke bus atau tidak membawa kendaraan pembayaran mudah dengan metode lainnya pkoknya senang,5,0,2.4.1,2025-06-15 16:09:02,,,2.4.1
8bb8efaa-abe7-42d3-9901-3e22ace7d969,Pengguna Google,https://play-lh.googleusercontent.com/EGemoI2NTXmTsBVtJqk8jxF9rh8ApRWfsIMQSt2uE4OcpQqbFu7f7NbTK05lx80nuSijCz7sc3a277R67g,"aplikasi yang sangat berguna buat bepergian tanpa make kendaraan pribadi, harganya pun lebih terjangkau dan juga bus nya tu cpet tepat waktu,selain itu di apk ini jga punya banyak fitur contohnya pilihan rute yg memudahkan kita buat tau arah tujuan kita",5,8,2.4.1,2025-06-15 14:59:26,,,2.4.1
fcb1fb7b-7a2a-4307-aa7f-6da5a686da24,Pengguna Google,https://play-lh.googleusercontent.com/EGemoI2NTXmTsBVtJqk8jxF9rh8ApRWfsIMQSt2uE4OcpQqbFu7f7NbTK05lx80nuSijCz7sc3a277R67g,"aplikasinya mudah digunakan, membantu saya ketika males bawa kendaraan pribadi, tinggal pesan transjakarta, pembayaran pun mudah",5,0,2.4.1,2025-06-15 14:57:30,,,2.4.1
5c49e999-aa94-4eb4-bc41-eb80c944ac50,Pengguna Google,https://play-lh.googleusercontent.com/EGemoI2NTXmTsBVtJqk8jxF9rh8ApRWfsIMQSt2uE4OcpQqbFu7f7NbTK05lx80nuSijCz7sc3a277R67g,useful,5,0,2.4.1,2025-06-15 14:08:08,,,2.4.1
d4b8fcc8-5d14-42e6-b278-441e94387da2,Pengguna Google,https://play-lh.googleusercontent.com/EGemoI2NTXmTsBVtJqk8jxF9rh8ApRWfsIMQSt2uE4OcpQqbFu7f7NbTK05lx80nuSijCz7sc3a277R67g,Aplikasi ini mambantu sayaa dalam berpergian jadi j ika saya tidak ada transportai u tuk berpergian saya memakai aplikasi ini saya terasa sangat terbantu dalam berpergian diaplikasi ini aplikasi yang bagus tidak rumit dalam menggunakananya aplikasinya good good yok donwload aplikasi ini,5,0,2.4.1,2025-06-15 13:07:20,,,2.4.1
dd52ee1e-3e99-4719-94db-0854d50ac164,Pengguna Google,https://play-lh.googleusercontent.com/EGemoI2NTXmTsBVtJqk8jxF9rh8ApRWfsIMQSt2uE4OcpQqbFu7f7NbTK05lx80nuSijCz7sc3a277R67g,sangat membatu untuk mencari rute tujuan.,5,0,,2025-06-15 11:14:28,,,
d594c23a-504f-4505-b14d-789d01a84c5b,Pengguna Google,https://play-lh.googleusercontent.com/EGemoI2NTXmTsBVtJqk8jxF9rh8ApRWfsIMQSt2uE4OcpQqbFu7f7NbTK05lx80nuSijCz7sc3a277R67g,"aplikasi nya bagus mempermudah untuk kita bepergian atau pun traveling naik bis,ui nya pun nyaman enak di lihat",5,0,2.4.1,2025-06-15 11:06:00,,,2.4.1
80727657-9443-4b1f-9fad-9c550e2037e9,Pengguna Google,https://play-lh.googleusercontent.com/EGemoI2NTXmTsBVtJqk8jxF9rh8ApRWfsIMQSt2uE4OcpQqbFu7f7NbTK05lx80nuSijCz7sc3a277R67g,secara pengalaman aplikasi ini memang top markotop,5,0,2.4.1,2025-06-15 10:45:48,,,2.4.1
1009723c-9cbe-4312-98b9-0b3fdcd496f3,Pengguna Google,https://play-lh.googleusercontent.com/EGemoI2NTXmTsBVtJqk8jxF9rh8ApRWfsIMQSt2uE4OcpQqbFu7f7NbTK05lx80nuSijCz7sc3a277R67g,"Aplikasinya sangat membantu untuk cek jadwal dan rute bus, jadi lebih mudah merencanakan perjalanan. Secara keseluruhan, aplikasi ini sangat berguna untuk mobilitas sehari-hari di Jakarta. Terimakasih aplikasi transjakarta.",5,0,,2025-06-15 10:33:44,,,
c0f95658-4ec5-4c67-98e6-8d670f1d57f6,Pengguna Google,https://play-lh.googleusercontent.com/EGemoI2NTXmTsBVtJqk8jxF9rh8ApRWfsIMQSt2uE4OcpQqbFu7f7NbTK05lx80nuSijCz7sc3a277R67g,"aplikasi yg sngat membantu untuk saya yg gak pernah pake kendaraan pribadi, selalu pakai transjakarta kemanapun, aplikasinya mudah di mengerti, gak perlu ribet tukar uang cash buat pembayaran, bisa langsung di aplikasi ini",5,0,,2025-06-15 10:31:43,,,
99171969-7b2c-4e54-aa89-326d8efd7def,Pengguna Google,https://play-lh.googleusercontent.com/EGemoI2NTXmTsBVtJqk8jxF9rh8ApRWfsIMQSt2uE4OcpQqbFu7f7NbTK05lx80nuSijCz7sc3a277R67g,"aplikasinya membantu bangett buat bepergian tidak ribet sama sekali,aplikasinyaa juga memudahkan saya buat berangkat kerja.",5,0,2.4.1,2025-06-15 02:56:43,,,2.4.1
25b4baa3-58b7-4410-8ca8-e73378fcc89d,Pengguna Google,https://play-lh.googleusercontent.com/EGemoI2NTXmTsBVtJqk8jxF9rh8ApRWfsIMQSt2uE4OcpQqbFu7f7NbTK05lx80nuSijCz7sc3a277R67g,Aplikasi TransJakarta sangat mudah digunakan dan membantu saya dalam merencanakan perjalanan saya,5,0,,2025-06-14 18:07:58,,,
5b591d59-b4dd-4709-9ef9-7e37e9f31770,Pengguna Google,https://play-lh.googleusercontent.com/EGemoI2NTXmTsBVtJqk8jxF9rh8ApRWfsIMQSt2uE4OcpQqbFu7f7NbTK05lx80nuSijCz7sc3a277R67g,sangat membantu untuk mengetahui rute dan merencanakan perjalanan tanpa kendaraan pribadi.,5,0,2.4.1,2025-06-14 16:46:28,,,2.4.1
6fdb9cd5-ad8c-4400-82c6-b26e698e75e2,Pengguna Google,https://play-lh.googleusercontent.com/EGemoI2NTXmTsBVtJqk8jxF9rh8ApRWfsIMQSt2uE4OcpQqbFu7f7NbTK05lx80nuSijCz7sc3a277R67g,"Aplikasi Transjakarta sangat membantu! Rute jelas, jadwal bus informatif, dan mudah digunakan..",5,0,,2025-06-14 16:16:07,,,
575eed10-5372-456d-bce7-ea8664c50589,Pengguna Google,https://play-lh.googleusercontent.com/EGemoI2NTXmTsBVtJqk8jxF9rh8ApRWfsIMQSt2uE4OcpQqbFu7f7NbTK05lx80nuSijCz7sc3a277R67g,"Aplikasi ini memudahkan saya untuk berpergian kemana saja,dengan tarif yang murah dan juga kebersihan didalam membuat saya nyaman ketika di perjalanan",5,0,2.4.1,2025-06-14 15:36:40,,,2.4.1
0747e328-d330-426e-a30e-f121502fe6da,Pengguna Google,https://play-lh.googleusercontent.com/EGemoI2NTXmTsBVtJqk8jxF9rh8ApRWfsIMQSt2uE4OcpQqbFu7f7NbTK05lx80nuSijCz7sc3a277R67g,"ngebantu banget sih, proses pembelian tiketnya mudah gak dibikin ribet dan terbilang cepat, murah juga, banyak pilihan metode pembayaran jadi gampang, aplikasinya juga simpel, mudah dimengerti dan gampang digunakan",5,0,2.4.1,2025-06-14 12:27:42,,,2.4.1
a76ce33e-668d-4ea5-bb69-c1634bd63347,Pengguna Google,https://play-lh.googleusercontent.com/EGemoI2NTXmTsBVtJqk8jxF9rh8ApRWfsIMQSt2uE4OcpQqbFu7f7NbTK05lx80nuSijCz7sc3a277R67g,"Aplikasi transjakarta sangat memudahkan perjalanan,, ketika bepergian menjadi lebih mudah menemukan halte, rute dan bus terdekat.",5,0,,2025-06-14 11:11:37,,,
073f5e4e-fcf9-4079-bbfa-1b66ab72c40b,Pengguna Google,https://play-lh.googleusercontent.com/EGemoI2NTXmTsBVtJqk8jxF9rh8ApRWfsIMQSt2uE4OcpQqbFu7f7NbTK05lx80nuSijCz7sc3a277R67g,"gaa ribet buat kemana mna lagi,apalagi pembayaran cepet, mempermudah akuu bngt",5,0,2.4.1,2025-06-14 11:10:04,,,2.4.1
f1ce6241-63fb-4b50-8c14-a9f4ad0bb7cc,Pengguna Google,https://play-lh.googleusercontent.com/EGemoI2NTXmTsBVtJqk8jxF9rh8ApRWfsIMQSt2uE4OcpQqbFu7f7NbTK05lx80nuSijCz7sc3a277R67g,sangat terbantu sekali dengan aplikasi nya gampang menemukan rute nya dengan navigasi yang akurat puas sekali dengan aplikasi nya,5,0,,2025-06-14 10:59:08,,,
e80b27c4-8924-4f9f-af94-54551c58497e,Pengguna Google,https://play-lh.googleusercontent.com/EGemoI2NTXmTsBVtJqk8jxF9rh8ApRWfsIMQSt2uE4OcpQqbFu7f7NbTK05lx80nuSijCz7sc3a277R67g,"aplikasi yang membantu bagi orang yang membutuhkan, beberapa daerah yang tidak diketahui bisa terjangkau berkat aplikasi ini. terima kasih Transjakarta yang telah mempermudah saya!",5,0,,2025-06-14 00:43:28,,,
c14c199b-5de8-46c4-9ec7-b8ae4193fb7a,Pengguna Google,https://play-lh.googleusercontent.com/EGemoI2NTXmTsBVtJqk8jxF9rh8ApRWfsIMQSt2uE4OcpQqbFu7f7NbTK05lx80nuSijCz7sc3a277R67g,"Transjakarta dikenal karena jalur khusus busway yang mengurangi kemacetan dan membuat perjalanan lebih cepat. Transjakarta juga memiliki tarif yang bervariasi tergantung waktu dan jenis rute. Selain itu, Transjakarta telah menjadi standar sistem BRT di Indonesia dan bahkan Asia Tenggara.",5,1,2.4.1,2025-06-13 21:12:56,,,2.4.1
72098618-0749-4496-99fe-aaa277ce5576,Pengguna Google,https://play-lh.googleusercontent.com/EGemoI2NTXmTsBVtJqk8jxF9rh8ApRWfsIMQSt2uE4OcpQqbFu7f7NbTK05lx80nuSijCz7sc3a277R67g,"Transjakarta kini makin mudah diakses berkat aplikasi ini, tampilannya juga simpel",5,0,2.4.1,2025-06-13 20:02:05,,,2.4.1
fbb8fd25-4b6c-4acc-aefc-1a36bb2ed76c,Pengguna Google,https://play-lh.googleusercontent.com/EGemoI2NTXmTsBVtJqk8jxF9rh8ApRWfsIMQSt2uE4OcpQqbFu7f7NbTK05lx80nuSijCz7sc3a277R67g,"apk nya memudahkan bgt untuk saya yg suka bepergian sendiri, krn ada fitur rute yg bisa ngarahin harus kemana kemana nya, top markotop",5,0,2.4.1,2025-06-13 19:04:36,,,2.4.1
3be8559b-10f8-4a04-9e70-b5dcdb18ce09,Pengguna Google,https://play-lh.googleusercontent.com/EGemoI2NTXmTsBVtJqk8jxF9rh8ApRWfsIMQSt2uE4OcpQqbFu7f7NbTK05lx80nuSijCz7sc3a277R67g,sangat memudahkan dalam segala urusan karena menjadi transportasi yang sangat efisien dan praktis terhindar dari kemacetan dan selalu tepat waktu,5,0,,2025-06-13 17:56:21,,,
a76156df-8966-4475-8c67-1e9511d6102b,Pengguna Google,https://play-lh.googleusercontent.com/EGemoI2NTXmTsBVtJqk8jxF9rh8ApRWfsIMQSt2uE4OcpQqbFu7f7NbTK05lx80nuSijCz7sc3a277R67g,"aplikasi dengan interface yang bagus, mudah di pahami dan pemilihan warna yang menarik",5,0,2.4.1,2025-06-13 17:48:32,,,2.4.1
bb191428-79e4-4c10-9243-41d1255b3637,Pengguna Google,https://play-lh.googleusercontent.com/EGemoI2NTXmTsBVtJqk8jxF9rh8ApRWfsIMQSt2uE4OcpQqbFu7f7NbTK05lx80nuSijCz7sc3a277R67g,mantap akhirnya ada aplikasi ya memudahkan banget liat jadwal tj mantap,5,0,,2025-06-13 16:56:45,,,
90a3367d-5b03-4846-97da-fa109b40d2c1,Pengguna Google,https://play-lh.googleusercontent.com/EGemoI2NTXmTsBVtJqk8jxF9rh8ApRWfsIMQSt2uE4OcpQqbFu7f7NbTK05lx80nuSijCz7sc3a277R67g,kurang akurat untuk jadwal busnya 🙏,1,0,,2025-06-13 16:39:24,,,
27d6335a-9de7-486e-a0f9-df608049a1d9,Pengguna Google,https://play-lh.googleusercontent.com/EGemoI2NTXmTsBVtJqk8jxF9rh8ApRWfsIMQSt2uE4OcpQqbFu7f7NbTK05lx80nuSijCz7sc3a277R67g,"aplikasi gak guna, informasi untuk bus non brt gak akurat dan amburadul, mending gausah bikin aplikasi!",1,1,,2025-06-12 16:03:04,,,
bb8d4568-8ff0-482f-b2be-d1104b386e8d,Pengguna Google,https://play-lh.googleusercontent.com/EGemoI2NTXmTsBVtJqk8jxF9rh8ApRWfsIMQSt2uE4OcpQqbFu7f7NbTK05lx80nuSijCz7sc3a277R67g,diperbaiki dong aplikasinya jadi kami bisa pantau terus jam kedatangan yang akurat .,1,0,2.4.1,2025-06-12 11:08:06,,,2.4.1
4e693d23-956d-4727-ae7b-005603c12a8e,Pengguna Google,https://play-lh.googleusercontent.com/EGemoI2NTXmTsBVtJqk8jxF9rh8ApRWfsIMQSt2uE4OcpQqbFu7f7NbTK05lx80nuSijCz7sc3a277R67g,gimana sih mau menghubungkan ke astrapay ga bisa mulu. klik kirim otp via sms atau WA malah kembali terus.,1,1,2.4.1,2025-06-12 00:36:36,,,2.4.1
3f199520-41e5-4890-bb99-0b49d149b7a0,Pengguna Google,https://play-lh.googleusercontent.com/EGemoI2NTXmTsBVtJqk8jxF9rh8ApRWfsIMQSt2uE4OcpQqbFu7f7NbTK05lx80nuSijCz7sc3a277R67g,aneh buat ngelacak rute malah ngebug kyknya gabisa buat ngelacak lg,1,0,2.4.1,2025-06-11 22:36:38,,,2.4.1
b3feb71c-74e5-4e2c-8d1b-c60a86ac9110,Pengguna Google,https://play-lh.googleusercontent.com/EGemoI2NTXmTsBVtJqk8jxF9rh8ApRWfsIMQSt2uE4OcpQqbFu7f7NbTK05lx80nuSijCz7sc3a277R67g,Sangat bagus dan beemanfaat.,5,0,2.4.1,2025-06-11 13:01:07,,,2.4.1
a5d8ca29-9604-4177-8ef2-7ca72599ccd6,Pengguna Google,https://play-lh.googleusercontent.com/EGemoI2NTXmTsBVtJqk8jxF9rh8ApRWfsIMQSt2uE4OcpQqbFu7f7NbTK05lx80nuSijCz7sc3a277R67g,aplikasi nya sangat bagus,5,0,,2025-06-11 06:25:02,,,
dc9e7086-8ba8-4d02-b344-f45a10e4c428,Pengguna Google,https://play-lh.googleusercontent.com/EGemoI2NTXmTsBVtJqk8jxF9rh8ApRWfsIMQSt2uE4OcpQqbFu7f7NbTK05lx80nuSijCz7sc3a277R67g,posisi bus tidak terdeteksi tolong di perbaiki,1,0,2.4.1,2025-06-10 15:55:56,,,2.4.1
a0503d6f-fd5a-4261-a5f3-3b3af6556f12,Pengguna Google,https://play-lh.googleusercontent.com/EGemoI2NTXmTsBVtJqk8jxF9rh8ApRWfsIMQSt2uE4OcpQqbFu7f7NbTK05lx80nuSijCz7sc3a277R67g,"posisi armada gak akurat, kadang gak bergerak sampe nunggu berjam² taunya udah gak ada.",1,0,2.4.1,2025-06-08 23:01:31,,,2.4.1
c37aafe5-2f44-4e4e-9364-56de29a7f67c,Pengguna Google,https://play-lh.googleusercontent.com/EGemoI2NTXmTsBVtJqk8jxF9rh8ApRWfsIMQSt2uE4OcpQqbFu7f7NbTK05lx80nuSijCz7sc3a277R67g,untuk pembayaran nya ditambahin lah jgn pake astrapay doank mana astra pay apk nya najis bgt sering ngebug,2,0,,2025-06-08 20:38:46,,,
f19f76bc-56fe-4338-80f3-c9ef88b88093,Pengguna Google,https://play-lh.googleusercontent.com/EGemoI2NTXmTsBVtJqk8jxF9rh8ApRWfsIMQSt2uE4OcpQqbFu7f7NbTK05lx80nuSijCz7sc3a277R67g,"apk nya sering eror+kedatangan bus nya jga gak akurat,sering banget di apk ada bus nya tapi aslinya gak ada",3,3,2.4.1,2025-06-08 19:16:40,,,2.4.1
370059ff-47fd-429b-9443-b5bdef915d58,Pengguna Google,https://play-lh.googleusercontent.com/EGemoI2NTXmTsBVtJqk8jxF9rh8ApRWfsIMQSt2uE4OcpQqbFu7f7NbTK05lx80nuSijCz7sc3a277R67g,"ada tambahan fitur moter yang ada point"".....eh dicoba ada masalah pas top up...fitur bantuan ga bisa di pake....udah ngulik"" ga ada cara buat menghubungi customer service y....kusut",1,9,2.4.1,2025-06-08 08:45:26,,,2.4.1
63adc6d3-6db9-4b7c-b567-da7ab8250818,Pengguna Google,https://play-lh.googleusercontent.com/EGemoI2NTXmTsBVtJqk8jxF9rh8ApRWfsIMQSt2uE4OcpQqbFu7f7NbTK05lx80nuSijCz7sc3a277R67g,membantu sekali bagi saya orang perantauan untuk mobilisasi di Jabodetabek. semoga di daerah lain bisa meniru Transjakarta untuk mengurangi kemacetan,5,0,2.4.1,2025-06-08 01:52:48,,,2.4.1
3271bf76-a747-4501-bd42-9cfb05b489bb,Pengguna Google,https://play-lh.googleusercontent.com/EGemoI2NTXmTsBVtJqk8jxF9rh8ApRWfsIMQSt2uE4OcpQqbFu7f7NbTK05lx80nuSijCz7sc3a277R67g,"beberapa bus gak sesuai, cmn stuck di tmpt",1,0,2.4.1,2025-06-07 21:02:26,,,2.4.1
9cfb3a73-a3d2-443b-9ca0-0145e60b3db9,Pengguna Google,https://play-lh.googleusercontent.com/EGemoI2NTXmTsBVtJqk8jxF9rh8ApRWfsIMQSt2uE4OcpQqbFu7f7NbTK05lx80nuSijCz7sc3a277R67g,buat saya yang tiap hari pulang pergi naik Transjakarta...aplikasi ini sangat membantu banget...fiturnya lengkap dan mudah di pahami untuk orang tua seperti saya...yang paling saya suka adalah bisa beli tiket Transjakarta dari aplikasi...jadi gak ribet keluarkan uang cash.,5,0,2.4.1,2025-06-07 16:40:33,,,2.4.1
40ad7f45-7e1b-4afc-9519-60717273a6b9,Pengguna Google,https://play-lh.googleusercontent.com/EGemoI2NTXmTsBVtJqk8jxF9rh8ApRWfsIMQSt2uE4OcpQqbFu7f7NbTK05lx80nuSijCz7sc3a277R67g,"Bintang 2 dulu ya , Admin , karena saya belum bisa gunakan. Admin , ketika klik rute perjalanan di layar hp saya tidak tampak rincian naik bis apa darimana kemana arahnya , hanya tertera gambar peta saja , jadi saya sangat bingung. Kenapa tidak muncul rincian detail arahnya itu ya , Min , bagimana caranya ? Terimakasih",2,4,2.4.1,2025-06-07 08:22:46,,,2.4.1
18a37e7a-5713-42ea-935c-7ca46d4bc5b8,Pengguna Google,https://play-lh.googleusercontent.com/EGemoI2NTXmTsBVtJqk8jxF9rh8ApRWfsIMQSt2uE4OcpQqbFu7f7NbTK05lx80nuSijCz7sc3a277R67g,"loading laamaaaa bngttt,jadwalll ga on timeee",3,0,2.4.1,2025-06-07 06:52:43,,,2.4.1
3b05b9f4-22a9-4d0c-bb0b-f60187d17f7b,Pengguna Google,https://play-lh.googleusercontent.com/EGemoI2NTXmTsBVtJqk8jxF9rh8ApRWfsIMQSt2uE4OcpQqbFu7f7NbTK05lx80nuSijCz7sc3a277R67g,sangatt kerenn fiturnyaa mudah bagi pemula dan juga sangt sangat akuratt sekali ketagihn w nya wkwkw,5,0,2.4.1,2025-06-06 23:04:07,,,2.4.1
a8489908-5f8f-41a1-8281-c6372253811f,Pengguna Google,https://play-lh.googleusercontent.com/EGemoI2NTXmTsBVtJqk8jxF9rh8ApRWfsIMQSt2uE4OcpQqbFu7f7NbTK05lx80nuSijCz7sc3a277R67g,aplikasi Transjakarta memudahkan saya untuk menemukan bus terkini dan bisa melihat rute rutenya.,5,0,2.4.1,2025-06-06 20:14:01,,,2.4.1
0dc5d204-b8b2-48c6-934c-44f11c3be4c5,Pengguna Google,https://play-lh.googleusercontent.com/EGemoI2NTXmTsBVtJqk8jxF9rh8ApRWfsIMQSt2uE4OcpQqbFu7f7NbTK05lx80nuSijCz7sc3a277R67g,aman dan nyaman,5,0,2.4.1,2025-06-06 08:13:17,,,2.4.1
04d1be7d-c80d-47d2-9ddd-072a67e4a888,Pengguna Google,https://play-lh.googleusercontent.com/EGemoI2NTXmTsBVtJqk8jxF9rh8ApRWfsIMQSt2uE4OcpQqbFu7f7NbTK05lx80nuSijCz7sc3a277R67g,Aku sangat puas dengan TransJakarta apps! Fitur-fiturnya yang lengkap dan akurat membuat aku bisa merencanakan perjalanan dengan lebih baik. Pembayaran yang terintegrasi juga bikin aku gak perlu khawatir lagi. Pokoknya aplikasi yang sangat berguna,5,0,,2025-06-05 18:19:28,,,
817e5c72-1ee9-4ebf-91e0-84f795e2b103,Pengguna Google,https://play-lh.googleusercontent.com/EGemoI2NTXmTsBVtJqk8jxF9rh8ApRWfsIMQSt2uE4OcpQqbFu7f7NbTK05lx80nuSijCz7sc3a277R67g,"layanan bis semakin lama, layar ga jelas.. Heran sama trans Jakarta.. makin lama makin amburadul",1,0,,2025-06-05 15:49:27,,,
e8b449e3-fa52-42db-a517-5f79a04a9184,Pengguna Google,https://play-lh.googleusercontent.com/EGemoI2NTXmTsBVtJqk8jxF9rh8ApRWfsIMQSt2uE4OcpQqbFu7f7NbTK05lx80nuSijCz7sc3a277R67g,"KALO TIDAK SUPPORT TIDAK USAH DI BUAT APLIKASI NYA, MASA TERGANTUNG BUS NYA DINYALAIN ATAU ENGGA, KALO EMG ADA APLIKASI NYA ITU HARUS WAJIB DI NYALAKAN WALAUPUN ITU SEMUA TERGANTUNG DENGAN SINYAL, TOLOL",1,0,2.4.1,2025-06-05 12:55:56,,,2.4.1
6f45a9eb-95b2-4df9-9bb2-57bc10f6e9b7,Pengguna Google,https://play-lh.googleusercontent.com/EGemoI2NTXmTsBVtJqk8jxF9rh8ApRWfsIMQSt2uE4OcpQqbFu7f7NbTK05lx80nuSijCz7sc3a277R67g,Tidak bisa masuk/login,2,0,,2025-06-05 01:18:51,,,
ff6235bd-a675-4f86-933f-403b3eff4d72,Pengguna Google,https://play-lh.googleusercontent.com/EGemoI2NTXmTsBVtJqk8jxF9rh8ApRWfsIMQSt2uE4OcpQqbFu7f7NbTK05lx80nuSijCz7sc3a277R67g,"aplikasi jalannya lama, dan letak lokasi bus tidak selalu muncul gpsnya sudah di ikuti bagian bus yg sering di tumpangi ktnya dengan follow akan ada notif, tapi tidak ada sama sekali",2,0,,2025-06-04 19:57:43,,,
8abdc3d5-be83-4780-9eac-16272559d012,Pengguna Google,https://play-lh.googleusercontent.com/EGemoI2NTXmTsBVtJqk8jxF9rh8ApRWfsIMQSt2uE4OcpQqbFu7f7NbTK05lx80nuSijCz7sc3a277R67g,"beli tiket open top tour sdh bayar,,,,malah cek ditiket saya,,, tidak ada,,,tiket gaib,,, nyesel sm app ini 1000%,,,langsung uninstall",1,0,2.4.1,2025-06-04 03:57:50,,,2.4.1
9b66b320-7390-4e05-b41e-ea40c9100b38,Pengguna Google,https://play-lh.googleusercontent.com/EGemoI2NTXmTsBVtJqk8jxF9rh8ApRWfsIMQSt2uE4OcpQqbFu7f7NbTK05lx80nuSijCz7sc3a277R67g,masih banyak bug yg hrus d perbaiki seperti titik lintas bus yg kdang kurang tepat,4,0,2.4.1,2025-06-03 21:19:19,,,2.4.1
222c229d-0c5a-40f2-a2be-4b07689800cd,Pengguna Google,https://play-lh.googleusercontent.com/EGemoI2NTXmTsBVtJqk8jxF9rh8ApRWfsIMQSt2uE4OcpQqbFu7f7NbTK05lx80nuSijCz7sc3a277R67g,"knpa ya, bus tujuan bintaro - blom m ga ada di app.. jadi ga bisa estimasi nunggu di halte berapa lama.. tolong untuk di cek secara berkala GPS yang ada di setiap bus.. Terima kasih.",4,0,2.4.1,2025-06-03 09:45:11,,,2.4.1
2c8e0181-88ad-4b34-b6eb-01fd2adbf560,Pengguna Google,https://play-lh.googleusercontent.com/EGemoI2NTXmTsBVtJqk8jxF9rh8ApRWfsIMQSt2uE4OcpQqbFu7f7NbTK05lx80nuSijCz7sc3a277R67g,"TransJakarta memiliki fasilitas yang nyaman, jaringan rute yang luas, pelayanan yang ramah, harga yang terjangkau, dan keamanan yang baik. Bus TransJakarta sangat bersih dan nyaman, dengan kursi empuk dan AC dingin. Petugas TransJakarta juga sangat ramah dan membantu, serta memiliki sistem keamanan yang baik.",5,1,2.4.1,2025-06-03 07:18:26,,,2.4.1
6158f0e7-dedd-490d-bc50-83d57a754539,Pengguna Google,https://play-lh.googleusercontent.com/EGemoI2NTXmTsBVtJqk8jxF9rh8ApRWfsIMQSt2uE4OcpQqbFu7f7NbTK05lx80nuSijCz7sc3a277R67g,"aplikasi payah, cma bsa bayar make astra pay. tidak mempermudah hanya mempersulit. benerin kek",1,0,,2025-06-03 06:57:20,,,
3b1966bd-f46c-454c-8888-466c289847ba,Pengguna Google,https://play-lh.googleusercontent.com/EGemoI2NTXmTsBVtJqk8jxF9rh8ApRWfsIMQSt2uE4OcpQqbFu7f7NbTK05lx80nuSijCz7sc3a277R67g,Beli tiket ga ke update di aplikasi Padahal di Astra udah ke bayar Tolong lah optimasinya. Jadi bayar 2x karna harus e-money lagi,1,1,2.4.1,2025-06-02 20:26:13,,,2.4.1
89670a54-b6f3-4564-abf3-ad354b58205a,Pengguna Google,https://play-lh.googleusercontent.com/EGemoI2NTXmTsBVtJqk8jxF9rh8ApRWfsIMQSt2uE4OcpQqbFu7f7NbTK05lx80nuSijCz7sc3a277R67g,"suka bug dan error, bis tidak akurat, suka error kalau di jam jam sibuk,jadi saya susah buat baca bis yang ke detect",2,0,2.4.1,2025-06-02 18:12:40,,,2.4.1
77356586-bc16-47ad-a518-85c11d379095,Pengguna Google,https://play-lh.googleusercontent.com/EGemoI2NTXmTsBVtJqk8jxF9rh8ApRWfsIMQSt2uE4OcpQqbFu7f7NbTK05lx80nuSijCz7sc3a277R67g,ngelag,1,0,2.4.1,2025-06-02 17:58:53,,,2.4.1
f6e1467b-57b3-4827-a08d-6dae796930de,Pengguna Google,https://play-lh.googleusercontent.com/EGemoI2NTXmTsBVtJqk8jxF9rh8ApRWfsIMQSt2uE4OcpQqbFu7f7NbTK05lx80nuSijCz7sc3a277R67g,bagus,5,0,,2025-06-01 21:45:27,,,
7d548cde-5a4c-4de1-9d97-61b118f9bc48,Pengguna Google,https://play-lh.googleusercontent.com/EGemoI2NTXmTsBVtJqk8jxF9rh8ApRWfsIMQSt2uE4OcpQqbFu7f7NbTK05lx80nuSijCz7sc3a277R67g,sangat membantu saya dalam perjalanan menuju tempat tujuan,5,0,2.4.1,2025-05-30 09:00:25,,,2.4.1
457848e9-52f6-4b6d-88ae-6e5f769c2f75,Pengguna Google,https://play-lh.googleusercontent.com/EGemoI2NTXmTsBVtJqk8jxF9rh8ApRWfsIMQSt2uE4OcpQqbFu7f7NbTK05lx80nuSijCz7sc3a277R67g,"sepengalaman memakai aplikasi ini cukup terbantu, namun perlu diketahui bahwa masih ada beberapa bug yg sangat meresahkan jadi mohon untuk diperbaiki🙏",4,0,2.4.0,2025-05-29 17:45:18,,,2.4.0
79c267fb-94ca-4dc1-8361-d3dd0afdaab4,Pengguna Google,https://play-lh.googleusercontent.com/EGemoI2NTXmTsBVtJqk8jxF9rh8ApRWfsIMQSt2uE4OcpQqbFu7f7NbTK05lx80nuSijCz7sc3a277R67g,Alamat lokasi awal dan tujuan langsung nama shelter aja .....biar tidak sulit memilihnya .... Transjabodetabeknya ga ada ?,1,0,,2025-05-29 04:27:28,,,
16aaa4aa-bb31-4e3b-8df2-0e8c835896db,Pengguna Google,https://play-lh.googleusercontent.com/EGemoI2NTXmTsBVtJqk8jxF9rh8ApRWfsIMQSt2uE4OcpQqbFu7f7NbTK05lx80nuSijCz7sc3a277R67g,aplikasi ga guna muter terus,1,0,2.4.1,2025-05-28 19:28:18,,,2.4.1
99517959-db63-4913-a22b-10fbc9f219a4,Pengguna Google,https://play-lh.googleusercontent.com/EGemoI2NTXmTsBVtJqk8jxF9rh8ApRWfsIMQSt2uE4OcpQqbFu7f7NbTK05lx80nuSijCz7sc3a277R67g,LOADING LAMA BANGET KENTANG,1,0,2.4.1,2025-05-28 19:20:44,,,2.4.1
cdb5e68c-de7a-4d51-bc0e-bfa35ede3965,Pengguna Google,https://play-lh.googleusercontent.com/EGemoI2NTXmTsBVtJqk8jxF9rh8ApRWfsIMQSt2uE4OcpQqbFu7f7NbTK05lx80nuSijCz7sc3a277R67g,loading lama. sudah diperbaharui tetap aja lemot.,3,0,,2025-05-28 18:44:07,,,
f5e407cf-6209-476f-bac4-50515024b5dd,Pengguna Google,https://play-lh.googleusercontent.com/EGemoI2NTXmTsBVtJqk8jxF9rh8ApRWfsIMQSt2uE4OcpQqbFu7f7NbTK05lx80nuSijCz7sc3a277R67g,konyol,1,0,2.4.1,2025-05-28 18:43:25,,,2.4.1
9e9c7149-2886-4381-9516-83ae072d5086,Pengguna Google,https://play-lh.googleusercontent.com/EGemoI2NTXmTsBVtJqk8jxF9rh8ApRWfsIMQSt2uE4OcpQqbFu7f7NbTK05lx80nuSijCz7sc3a277R67g,"tiap sore ga bisa di buka, kalo boleh saran itu servernya di up lagi masa sekelas Transjakarta ga bisa buat up server untuk nunjang aplikasi.",2,0,2.4.1,2025-05-28 17:58:00,,,2.4.1
be670a22-4389-4086-8f7c-dbcef7cfaecd,Pengguna Google,https://play-lh.googleusercontent.com/EGemoI2NTXmTsBVtJqk8jxF9rh8ApRWfsIMQSt2uE4OcpQqbFu7f7NbTK05lx80nuSijCz7sc3a277R67g,"update dong, muter terus ini app.",2,1,2.4.1,2025-05-28 17:47:36,,,2.4.1
5e3392c1-57cb-4d9d-a475-11ec04252d88,Pengguna Google,https://play-lh.googleusercontent.com/EGemoI2NTXmTsBVtJqk8jxF9rh8ApRWfsIMQSt2uE4OcpQqbFu7f7NbTK05lx80nuSijCz7sc3a277R67g,"tolong dong, masih ngebug lama bgt loading terus pdhl sinyal bagus lg buru buru jg",4,0,2.4.1,2025-05-28 17:42:34,,,2.4.1
87c2511b-e81a-4dc2-83ae-3689d321df77,Pengguna Google,https://play-lh.googleusercontent.com/EGemoI2NTXmTsBVtJqk8jxF9rh8ApRWfsIMQSt2uE4OcpQqbFu7f7NbTK05lx80nuSijCz7sc3a277R67g,ok,5,0,,2025-05-28 17:37:09,,,
507e0bcc-cca6-4a58-a5b7-8ba69daceece,Pengguna Google,https://play-lh.googleusercontent.com/EGemoI2NTXmTsBVtJqk8jxF9rh8ApRWfsIMQSt2uE4OcpQqbFu7f7NbTK05lx80nuSijCz7sc3a277R67g,jelek ah suka ngadet,1,0,2.4.1,2025-05-28 17:34:17,,,2.4.1
751dbb61-40db-4b21-b4bb-d5a860a5a463,Pengguna Google,https://play-lh.googleusercontent.com/EGemoI2NTXmTsBVtJqk8jxF9rh8ApRWfsIMQSt2uE4OcpQqbFu7f7NbTK05lx80nuSijCz7sc3a277R67g,"Mohon Bus T12 poris - juanda agar bisa ditampilkan kembali di aplikasi, sekarang utk T12 tdk bisa tampil",5,0,2.4.1,2025-05-27 14:53:05,,,2.4.1
c0f754e3-339c-47de-890e-e27c5ca7f790,Pengguna Google,https://play-lh.googleusercontent.com/EGemoI2NTXmTsBVtJqk8jxF9rh8ApRWfsIMQSt2uE4OcpQqbFu7f7NbTK05lx80nuSijCz7sc3a277R67g,"Ga bisa daftar akun, loading lama banget",1,0,2.4.1,2025-05-26 18:44:28,,,2.4.1
9d48e331-7540-4b98-a798-18663f40ef21,Pengguna Google,https://play-lh.googleusercontent.com/EGemoI2NTXmTsBVtJqk8jxF9rh8ApRWfsIMQSt2uE4OcpQqbFu7f7NbTK05lx80nuSijCz7sc3a277R67g,ngebug,1,0,2.4.1,2025-05-26 18:35:49,,,2.4.1
30758d59-2f3e-4799-831b-110e51e9566a,Pengguna Google,https://play-lh.googleusercontent.com/EGemoI2NTXmTsBVtJqk8jxF9rh8ApRWfsIMQSt2uE4OcpQqbFu7f7NbTK05lx80nuSijCz7sc3a277R67g,data bus selalu lag,1,0,2.4.1,2025-05-26 18:16:48,,,2.4.1
e17b82d0-8961-40cd-b8b0-0e429719e5e1,Pengguna Google,https://play-lh.googleusercontent.com/EGemoI2NTXmTsBVtJqk8jxF9rh8ApRWfsIMQSt2uE4OcpQqbFu7f7NbTK05lx80nuSijCz7sc3a277R67g,lama banget loading daftar nya astaga,1,0,2.4.1,2025-05-26 17:48:17,,,2.4.1
2d281025-235e-46bb-bdd3-def9f021fc74,Pengguna Google,https://play-lh.googleusercontent.com/EGemoI2NTXmTsBVtJqk8jxF9rh8ApRWfsIMQSt2uE4OcpQqbFu7f7NbTK05lx80nuSijCz7sc3a277R67g,"Suka banget, aplikasinya mudah digunakan terus fitur-fitur nya juga lengkap, sangat berguna",5,0,2.4.1,2025-05-26 07:34:32,,,2.4.1
9fcf4bce-17e9-4e21-9df4-634aa1720674,Pengguna Google,https://play-lh.googleusercontent.com/EGemoI2NTXmTsBVtJqk8jxF9rh8ApRWfsIMQSt2uE4OcpQqbFu7f7NbTK05lx80nuSijCz7sc3a277R67g,"Memudahkan mengatur perjalanan, dan berharap bertambah jml rute, akan memperbanyak alternatif jarak tempuh",5,0,2.4.1,2025-05-26 05:01:18,,,2.4.1
18c1b292-8eac-4729-ab75-3830607a1593,Pengguna Google,https://play-lh.googleusercontent.com/EGemoI2NTXmTsBVtJqk8jxF9rh8ApRWfsIMQSt2uE4OcpQqbFu7f7NbTK05lx80nuSijCz7sc3a277R67g,"Download biar bisa lacak dimana-dimananya, ehh bis 9E ga pernah update lokasinya. gajelas",1,0,2.4.1,2025-05-25 21:20:02,,,2.4.1
03c469f3-39f1-442d-9784-2e7597b1ccc2,Pengguna Google,https://play-lh.googleusercontent.com/EGemoI2NTXmTsBVtJqk8jxF9rh8ApRWfsIMQSt2uE4OcpQqbFu7f7NbTK05lx80nuSijCz7sc3a277R67g,aplikasi Transjakarta ini adalah aplikasi yang memudahkan kita dalam transaksi dan banyak fitur2 nya juga,5,0,2.4.1,2025-05-25 12:32:18,,,2.4.1
977c6f10-fa9f-4a50-bbaa-f8ffb30b3d0b,Pengguna Google,https://play-lh.googleusercontent.com/EGemoI2NTXmTsBVtJqk8jxF9rh8ApRWfsIMQSt2uE4OcpQqbFu7f7NbTK05lx80nuSijCz7sc3a277R67g,bagus,5,0,2.4.0,2025-05-25 00:55:11,,,2.4.0
3b4bf664-a652-4755-9908-49474e935308,Pengguna Google,https://play-lh.googleusercontent.com/EGemoI2NTXmTsBVtJqk8jxF9rh8ApRWfsIMQSt2uE4OcpQqbFu7f7NbTK05lx80nuSijCz7sc3a277R67g,ini apaan dah setelah update kenapa jadi ga bisa liat semua unitnya di halte terdekat,3,1,2.4.1,2025-05-24 15:42:05,,,2.4.1
373edc85-29de-46ac-9912-67d03e60ea40,Pengguna Google,https://play-lh.googleusercontent.com/EGemoI2NTXmTsBVtJqk8jxF9rh8ApRWfsIMQSt2uE4OcpQqbFu7f7NbTK05lx80nuSijCz7sc3a277R67g,Tidak bisa login.,1,0,2.4.1,2025-05-24 11:28:45,,,2.4.1
9059a4ab-69a7-4054-ac20-e2fe3af7ab49,Pengguna Google,https://play-lh.googleusercontent.com/EGemoI2NTXmTsBVtJqk8jxF9rh8ApRWfsIMQSt2uE4OcpQqbFu7f7NbTK05lx80nuSijCz7sc3a277R67g,"banyak bugnya dan sering error, trs jg gabisa di liat detail rutenya, seperti naik dmn, turun dmn, transit dmn,dan naik bus apa, itu tampilannya biru tua saja tidak ada penjelasannya. semoga segera di perbaiki ya agar orang lain tidak tersesat",2,7,2.4.1,2025-05-23 16:30:38,,,2.4.1
ad0fa0c3-9f02-49fd-877a-474241e54682,Pengguna Google,https://play-lh.googleusercontent.com/EGemoI2NTXmTsBVtJqk8jxF9rh8ApRWfsIMQSt2uE4OcpQqbFu7f7NbTK05lx80nuSijCz7sc3a277R67g,lemot banget,4,0,2.3.0,2025-05-23 09:33:27,,,2.3.0
629da4e0-a295-4017-b17a-99772e65aa76,Pengguna Google,https://play-lh.googleusercontent.com/EGemoI2NTXmTsBVtJqk8jxF9rh8ApRWfsIMQSt2uE4OcpQqbFu7f7NbTK05lx80nuSijCz7sc3a277R67g,sangat membantu,5,0,2.4.0,2025-05-23 07:07:51,,,2.4.0
318c19f9-0d32-4f87-b47e-042932182abd,Pengguna Google,https://play-lh.googleusercontent.com/EGemoI2NTXmTsBVtJqk8jxF9rh8ApRWfsIMQSt2uE4OcpQqbFu7f7NbTK05lx80nuSijCz7sc3a277R67g,berguna banget buat mantau pramudi,5,0,2.4.0,2025-05-22 22:31:06,,,2.4.0
f4a5f7ef-0da7-4e75-bc62-1ffc9e6afc37,Pengguna Google,https://play-lh.googleusercontent.com/EGemoI2NTXmTsBVtJqk8jxF9rh8ApRWfsIMQSt2uE4OcpQqbFu7f7NbTK05lx80nuSijCz7sc3a277R67g,oke,5,0,2.4.0,2025-05-22 17:31:34,,,2.4.0
ceda5857-04da-45eb-9d45-53724bde1e71,Pengguna Google,https://play-lh.googleusercontent.com/EGemoI2NTXmTsBVtJqk8jxF9rh8ApRWfsIMQSt2uE4OcpQqbFu7f7NbTK05lx80nuSijCz7sc3a277R67g,👍👍,5,0,2.4.0,2025-05-22 17:25:50,,,2.4.0
50415ed3-981c-4af4-aa8b-d3b2ef571d2f,Pengguna Google,https://play-lh.googleusercontent.com/EGemoI2NTXmTsBVtJqk8jxF9rh8ApRWfsIMQSt2uE4OcpQqbFu7f7NbTK05lx80nuSijCz7sc3a277R67g,Sangat-sangat membantu untuk menemukan bis dan rute yang di perlukan.,4,0,2.4.1,2025-05-22 15:00:44,,,2.4.1
731d1e15-1f75-496b-b9b1-f7a82451c9bd,Pengguna Google,https://play-lh.googleusercontent.com/EGemoI2NTXmTsBVtJqk8jxF9rh8ApRWfsIMQSt2uE4OcpQqbFu7f7NbTK05lx80nuSijCz7sc3a277R67g,setelah di update app lebih responsif dan akurat,4,0,2.4.1,2025-05-22 14:53:53,,,2.4.1
a10b5582-886e-42f7-8bf4-74346defb291,Pengguna Google,https://play-lh.googleusercontent.com/EGemoI2NTXmTsBVtJqk8jxF9rh8ApRWfsIMQSt2uE4OcpQqbFu7f7NbTK05lx80nuSijCz7sc3a277R67g,sangat membantu saya,5,0,,2025-05-22 11:50:08,,,
5d6a958a-fde9-4d3c-8d8a-43dedb524f1e,Pengguna Google,https://play-lh.googleusercontent.com/EGemoI2NTXmTsBVtJqk8jxF9rh8ApRWfsIMQSt2uE4OcpQqbFu7f7NbTK05lx80nuSijCz7sc3a277R67g,"ini parah ini rute tanjung duren SMK Assa'adatul abadiyah, ke kedoya ga ada, dan , anda sebagai pengelola microtrans pahamilah rute² yang dilalui anak sekolah, padahal ada anak sekolahan, saya lihat ada anak sekolahan jalan kaki dr tanjung duren sampe kedoya, saya tanya kenapa jln karena ga ada angkot lewat sana, ini gimana konsepnya?",1,0,2.4.0,2025-05-21 21:54:58,,,2.4.0
51107688-3e3c-4789-96fb-b43848409f31,Pengguna Google,https://play-lh.googleusercontent.com/EGemoI2NTXmTsBVtJqk8jxF9rh8ApRWfsIMQSt2uE4OcpQqbFu7f7NbTK05lx80nuSijCz7sc3a277R67g,"lama banget nunggu datang busnya pernah sampai 1.5jam ,sekali datang gak muat sama sekali",1,0,,2025-05-21 08:26:17,,,
e8a364df-751c-4484-b6d7-e31170bd56ee,Pengguna Google,https://play-lh.googleusercontent.com/EGemoI2NTXmTsBVtJqk8jxF9rh8ApRWfsIMQSt2uE4OcpQqbFu7f7NbTK05lx80nuSijCz7sc3a277R67g,kerennn,5,0,2.3.0,2025-05-20 18:25:29,,,2.3.0
ed3915aa-b132-43a4-b357-3bcf6c1afbb7,Pengguna Google,https://play-lh.googleusercontent.com/EGemoI2NTXmTsBVtJqk8jxF9rh8ApRWfsIMQSt2uE4OcpQqbFu7f7NbTK05lx80nuSijCz7sc3a277R67g,"Beranda loading terlalu lama, tracking bus juga tidak akurat Edit (2025): Bug sudah semakin sedikit dan waktu loading semakin cepat, pembelian tiket di aplikasi juga tidak banyak drama ketika di halte BRT. Keakuratan realtime posisi bus juga sudah cukup bagus namun bisa ditingkatkan lagi",5,17,2.4.0,2025-05-20 11:54:24,,,2.4.0
b8971eab-1358-46bf-9c29-0f716c56cd8b,Pengguna Google,https://play-lh.googleusercontent.com/EGemoI2NTXmTsBVtJqk8jxF9rh8ApRWfsIMQSt2uE4OcpQqbFu7f7NbTK05lx80nuSijCz7sc3a277R67g,"jelek,",1,0,2.4.0,2025-05-19 23:39:18,,,2.4.0
e063fe1a-bee0-4e75-80fc-cfa9f2864abd,Pengguna Google,https://play-lh.googleusercontent.com/EGemoI2NTXmTsBVtJqk8jxF9rh8ApRWfsIMQSt2uE4OcpQqbFu7f7NbTK05lx80nuSijCz7sc3a277R67g,aplikasi bagus,5,0,2.3.0,2025-05-19 22:58:42,,,2.3.0
c7b1b23c-778e-433e-8308-70ab53206c8e,Pengguna Google,https://play-lh.googleusercontent.com/EGemoI2NTXmTsBVtJqk8jxF9rh8ApRWfsIMQSt2uE4OcpQqbFu7f7NbTK05lx80nuSijCz7sc3a277R67g,"9D TANAH ABANG-PASAR MINGGU bisa gak sih bis dateng kalo pagi jangan 30/50 menit sekali ,sekali dateng 2 sampe 3 bis mendingan 15 menit sekali 1 bis drpada banyak bis nunggu lama tolong dong di benahi ,udah sering kali komplen terus2an kaya gini mulu ,katanya pekerja biar gak macet suruh naik bis ,ini BUANG BUANG WAKTU BUAT NUNGGU BIS !!!",1,0,2.4.0,2025-05-19 09:15:06,,,2.4.0
e4bbddce-e2e4-408c-aba1-d81674e0969c,Pengguna Google,https://play-lh.googleusercontent.com/EGemoI2NTXmTsBVtJqk8jxF9rh8ApRWfsIMQSt2uE4OcpQqbFu7f7NbTK05lx80nuSijCz7sc3a277R67g,tingkatkan lagi kualitas aplikasi,5,0,,2025-05-18 06:41:35,,,
1d77d7a8-be68-40bc-b136-aa171c736a97,Pengguna Google,https://play-lh.googleusercontent.com/EGemoI2NTXmTsBVtJqk8jxF9rh8ApRWfsIMQSt2uE4OcpQqbFu7f7NbTK05lx80nuSijCz7sc3a277R67g,SAYA MERASA KESAL SAAT TOP UP BANK DKI SELALU TIDAK BISA SUDAH HAMPIR SEMINGGU TOLONG DI PERBAIKI MASALAH INI,3,0,2.4.0,2025-05-17 11:51:59,,,2.4.0
58da8093-04e3-474f-9357-87cec9ace7a2,Pengguna Google,https://play-lh.googleusercontent.com/EGemoI2NTXmTsBVtJqk8jxF9rh8ApRWfsIMQSt2uE4OcpQqbFu7f7NbTK05lx80nuSijCz7sc3a277R67g,ngebug,1,0,2.4.0,2025-05-16 17:19:33,,,2.4.0
5486139c-8eb0-4896-b8f2-189b3c09a521,Pengguna Google,https://play-lh.googleusercontent.com/EGemoI2NTXmTsBVtJqk8jxF9rh8ApRWfsIMQSt2uE4OcpQqbFu7f7NbTK05lx80nuSijCz7sc3a277R67g,"baru tau aku kalo ada aplikasi Transjakarta dan ternyata worth it banget, lengkap isinya. kukira awalnya cuma buat naik bis. ternyata isinya lebih dari itu. overall aku suka sih..",5,3,2.4.0,2025-05-16 08:15:03,,,2.4.0
9010de88-f2da-4684-a1ff-fb0fde8e5af8,Pengguna Google,https://play-lh.googleusercontent.com/EGemoI2NTXmTsBVtJqk8jxF9rh8ApRWfsIMQSt2uE4OcpQqbFu7f7NbTK05lx80nuSijCz7sc3a277R67g,aplikasi transjakarta ada fitur-fitur yang mudah di mengerti dan gak ribet juga. bus ga bau dan nyaman saat perjalanan. jadi mudah juga liat rute rute bus,5,1,2.4.0,2025-05-16 08:06:01,,,2.4.0
48ac0d94-b772-423f-9494-f6e03574a814,Pengguna Google,https://play-lh.googleusercontent.com/EGemoI2NTXmTsBVtJqk8jxF9rh8ApRWfsIMQSt2uE4OcpQqbFu7f7NbTK05lx80nuSijCz7sc3a277R67g,"top up di VM di daerah selatan jakarta, emang tidak seberapa nominalnya, tapi pelayanan dan pengembaliannya tolong cepat di proses. cukup kurang 1 hari saja untuk memprosesnya. machine virtual yang kurang baik untuk melakukan transaksi.",1,0,2.1.10,2025-05-15 13:09:07,,,2.1.10
def6fe05-ec7c-46c6-a074-003d0946620a,Pengguna Google,https://play-lh.googleusercontent.com/EGemoI2NTXmTsBVtJqk8jxF9rh8ApRWfsIMQSt2uE4OcpQqbFu7f7NbTK05lx80nuSijCz7sc3a277R67g,masih sulit untuk pembelian ticket,5,0,2.1.10,2025-05-15 09:57:31,,,2.1.10
8c4cd6d9-291f-4bd8-b6a0-7978587e6444,Pengguna Google,https://play-lh.googleusercontent.com/EGemoI2NTXmTsBVtJqk8jxF9rh8ApRWfsIMQSt2uE4OcpQqbFu7f7NbTK05lx80nuSijCz7sc3a277R67g,pelayanan yang bagus,5,0,2.4.0,2025-05-15 09:34:54,,,2.4.0
66e5ac7f-acaa-4aab-ac03-d5f32ecdc445,Pengguna Google,https://play-lh.googleusercontent.com/EGemoI2NTXmTsBVtJqk8jxF9rh8ApRWfsIMQSt2uE4OcpQqbFu7f7NbTK05lx80nuSijCz7sc3a277R67g,tingkatkan terus ... biar tambah akurat,5,0,2.3.0,2025-05-15 09:25:44,,,2.3.0
04f1cebd-7500-4fef-83b3-8958b7a0d106,Pengguna Google,https://play-lh.googleusercontent.com/EGemoI2NTXmTsBVtJqk8jxF9rh8ApRWfsIMQSt2uE4OcpQqbFu7f7NbTK05lx80nuSijCz7sc3a277R67g,ga bisa beli tiket padahal saldo banyak,1,0,2.4.0,2025-05-14 22:58:49,,,2.4.0
b10bdbce-7f26-4246-8e2e-6bc6f1263436,Pengguna Google,https://play-lh.googleusercontent.com/EGemoI2NTXmTsBVtJqk8jxF9rh8ApRWfsIMQSt2uE4OcpQqbFu7f7NbTK05lx80nuSijCz7sc3a277R67g,"1. Pada tanggal 14 May 2025 sekitar pukul 07:15 - 07-20. Pesan Toast ""Internal Server Error"" saat melakukan klik bayar menggunakan pembayaran astrapay tidak memecahkan masalah yang dihadapi oleh user. 2. Pada tanggal 14 May 2025 pukul 20:35 - 20:45. Saya kembali melakukan pembayaran setelah melakukan update aplikasi. Kembali, saya tidak dapat melakukan pembayaran. Tidak ada pesan, tapi saya diarahkan kembali ke halaman ""pilih pembayaran"", loop seperti itu.",1,0,,2025-05-14 21:05:54,,,
e5dd85ae-c05d-4e3e-8546-1463cdcb30c6,Pengguna Google,https://play-lh.googleusercontent.com/EGemoI2NTXmTsBVtJqk8jxF9rh8ApRWfsIMQSt2uE4OcpQqbFu7f7NbTK05lx80nuSijCz7sc3a277R67g,error terus,1,0,2.4.0,2025-05-14 20:36:11,,,2.4.0
665e57aa-d2c1-491c-b149-65845c2e68b0,Pengguna Google,https://play-lh.googleusercontent.com/EGemoI2NTXmTsBVtJqk8jxF9rh8ApRWfsIMQSt2uE4OcpQqbFu7f7NbTK05lx80nuSijCz7sc3a277R67g,sering ngebug dan sering update tapi gaada hasil,1,0,2.4.0,2025-05-14 18:49:47,,,2.4.0
97d45141-3cbf-400f-a950-583bee1cb87f,Pengguna Google,https://play-lh.googleusercontent.com/EGemoI2NTXmTsBVtJqk8jxF9rh8ApRWfsIMQSt2uE4OcpQqbFu7f7NbTK05lx80nuSijCz7sc3a277R67g,bagus aplikasinya..,5,0,2.3.0,2025-05-14 10:46:20,,,2.3.0
653b48be-b941-48c8-85ef-6fcf0850afe7,Pengguna Google,https://play-lh.googleusercontent.com/EGemoI2NTXmTsBVtJqk8jxF9rh8ApRWfsIMQSt2uE4OcpQqbFu7f7NbTK05lx80nuSijCz7sc3a277R67g,"masih banyak bug, lemot",1,0,,2025-05-14 07:49:17,,,
d8ffe767-4029-415a-b335-637c207f4f22,Pengguna Google,https://play-lh.googleusercontent.com/EGemoI2NTXmTsBVtJqk8jxF9rh8ApRWfsIMQSt2uE4OcpQqbFu7f7NbTK05lx80nuSijCz7sc3a277R67g,sering gangguan saat mau top up cash gabisa bisa pakai qris saldo terpotong Coman dana top up ga masuk ajuin ref 14 hari kerja situ waras??pake apk nya jg gawaras gabisa beli tiket nya gangguan mlu mau scan nya jgsusah,1,0,2.3.0,2025-05-13 07:43:52,,,2.3.0
93180e1d-b92c-4e5d-9114-a06a03723e0d,Pengguna Google,https://play-lh.googleusercontent.com/EGemoI2NTXmTsBVtJqk8jxF9rh8ApRWfsIMQSt2uE4OcpQqbFu7f7NbTK05lx80nuSijCz7sc3a277R67g,sangat terbantu. terutama bila ingin ke Jakarta dari cibinong.,5,0,2.1.10,2025-05-12 16:31:07,,,2.1.10
8577584a-0e9f-4bd5-8575-b0f311f9e6c3,Pengguna Google,https://play-lh.googleusercontent.com/EGemoI2NTXmTsBVtJqk8jxF9rh8ApRWfsIMQSt2uE4OcpQqbFu7f7NbTK05lx80nuSijCz7sc3a277R67g,tolong di perbaiki lg utk update estimasi kedtngn bis nya msh kurang akurat,1,2,2.4.0,2025-05-12 08:17:31,,,2.4.0
45567d2a-e740-4d1c-b062-b6cdf8a0154a,Pengguna Google,https://play-lh.googleusercontent.com/EGemoI2NTXmTsBVtJqk8jxF9rh8ApRWfsIMQSt2uE4OcpQqbFu7f7NbTK05lx80nuSijCz7sc3a277R67g,cukup keren,5,0,,2025-05-12 07:07:06,,,
a1869353-c27a-408e-9727-ca01af0fd0c1,Pengguna Google,https://play-lh.googleusercontent.com/EGemoI2NTXmTsBVtJqk8jxF9rh8ApRWfsIMQSt2uE4OcpQqbFu7f7NbTK05lx80nuSijCz7sc3a277R67g,gak langsung di bus harus di halte besar mending jangan top up sanyag duitnya,2,1,2.4.0,2025-05-11 14:29:59,,,2.4.0
ef13afae-f749-499e-a763-edf8bdb479ae,Pengguna Google,https://play-lh.googleusercontent.com/EGemoI2NTXmTsBVtJqk8jxF9rh8ApRWfsIMQSt2uE4OcpQqbFu7f7NbTK05lx80nuSijCz7sc3a277R67g,40 mnt nunggu 7Q ga lewat-lewat,2,0,2.4.0,2025-05-11 11:09:39,,,2.4.0
d76c1744-c92c-4466-b625-d8fa316ccc9d,Pengguna Google,https://play-lh.googleusercontent.com/EGemoI2NTXmTsBVtJqk8jxF9rh8ApRWfsIMQSt2uE4OcpQqbFu7f7NbTK05lx80nuSijCz7sc3a277R67g,ko ga bisa akses fitur tujuan sih?,1,0,2.4.0,2025-05-11 10:04:52,,,2.4.0
c13759c8-4681-4822-a222-7e3ddf1cc203,Pengguna Google,https://play-lh.googleusercontent.com/EGemoI2NTXmTsBVtJqk8jxF9rh8ApRWfsIMQSt2uE4OcpQqbFu7f7NbTK05lx80nuSijCz7sc3a277R67g,"Benahi rute 1f palmerah bundaran senayan ,kalo hari libur / sudah malam driver ngetem lama dan malas2an !!",1,0,2.4.0,2025-05-10 21:23:42,,,2.4.0
2e28cf23-b8ff-4e3c-a5b1-7d85fdfddb8d,Pengguna Google,https://play-lh.googleusercontent.com/EGemoI2NTXmTsBVtJqk8jxF9rh8ApRWfsIMQSt2uE4OcpQqbFu7f7NbTK05lx80nuSijCz7sc3a277R67g,"saya beli kartu busway, dikasih yang dki. tapi kalau mau top up knp offline. ini membuat masyarakat sulit bila hanya ada 1 kartu. mohon bisa di tinjau kembali. Terima kasih",1,2,2.4.0,2025-05-10 20:57:39,,,2.4.0
fbac575c-5349-4ff2-9e59-952f89f439cb,Pengguna Google,https://play-lh.googleusercontent.com/EGemoI2NTXmTsBVtJqk8jxF9rh8ApRWfsIMQSt2uE4OcpQqbFu7f7NbTK05lx80nuSijCz7sc3a277R67g,Ok,5,0,2.3.0,2025-05-10 18:13:57,,,2.3.0
fa5bc6f6-0100-47ee-9cb0-5ff557b24578,Pengguna Google,https://play-lh.googleusercontent.com/EGemoI2NTXmTsBVtJqk8jxF9rh8ApRWfsIMQSt2uE4OcpQqbFu7f7NbTK05lx80nuSijCz7sc3a277R67g,"bismillah, transportasi yang keluar masuk halte tap in tap out, dan di pergunakan untuk transportasi pulang pergi kerja dengan foto dan screenshot aplikasi cek saldo di halte tetap terpotong saldo 3X pembayaran, yg seharusnya hanya terpotong 2X) perjalan, dan komunikasi penjaga halte yg berbeda beda jawabnya.. saya bukan orang kaya lingkungan kalangan atas saya cari makan dan minum untuk ibu d rumah, sangat merugikan dengan potongan 3X transaksi. salam pengguna flazz BCA, inalillahi",1,5,2.3.0,2025-05-10 09:40:40,,,2.3.0
3ae61b19-7a56-4f5a-a131-f56e87f7db26,Pengguna Google,https://play-lh.googleusercontent.com/EGemoI2NTXmTsBVtJqk8jxF9rh8ApRWfsIMQSt2uE4OcpQqbFu7f7NbTK05lx80nuSijCz7sc3a277R67g,membantu melihat ketersediaan akomodasi sehingga perjalanan lebih mudah di tentukan arahnya,5,0,2.3.0,2025-05-10 08:18:26,,,2.3.0
e825ebcd-a155-4c2d-910e-190a9b453f62,Pengguna Google,https://play-lh.googleusercontent.com/EGemoI2NTXmTsBVtJqk8jxF9rh8ApRWfsIMQSt2uE4OcpQqbFu7f7NbTK05lx80nuSijCz7sc3a277R67g,very helpfull as corporate employee,5,0,2.3.0,2025-05-10 04:37:06,,,2.3.0
a7cf9ef1-9568-460c-8efe-891c5fed053b,Pengguna Google,https://play-lh.googleusercontent.com/EGemoI2NTXmTsBVtJqk8jxF9rh8ApRWfsIMQSt2uE4OcpQqbFu7f7NbTK05lx80nuSijCz7sc3a277R67g,tracking bus tidak jelas,1,0,2.3.0,2025-05-09 22:02:36,,,2.3.0
cbaf292f-e3f7-440f-a187-75c8e7a4ac7a,Pengguna Google,https://play-lh.googleusercontent.com/EGemoI2NTXmTsBVtJqk8jxF9rh8ApRWfsIMQSt2uE4OcpQqbFu7f7NbTK05lx80nuSijCz7sc3a277R67g,tolol ga bisa login,1,0,2.3.0,2025-05-09 17:40:59,,,2.3.0
10b9edaa-854b-47f9-b72d-1e7fd0737840,Pengguna Google,https://play-lh.googleusercontent.com/EGemoI2NTXmTsBVtJqk8jxF9rh8ApRWfsIMQSt2uE4OcpQqbFu7f7NbTK05lx80nuSijCz7sc3a277R67g,"produk it skala nasional tapi ko receh bgt, error message sampe switch user g ada. contreee ky contree ku",1,0,2.3.0,2025-05-08 11:35:56,,,2.3.0
6ba24ab2-f239-4834-aa19-9ed9fb81246e,Pengguna Google,https://play-lh.googleusercontent.com/EGemoI2NTXmTsBVtJqk8jxF9rh8ApRWfsIMQSt2uE4OcpQqbFu7f7NbTK05lx80nuSijCz7sc3a277R67g,Di mana saya bisa melihat Saldo Uang yang saya ToUp.?? Dan Harusnya Jam Entry ke jaringan Bus itu tercatat di tiket masuknya.,4,0,2.3.0,2025-05-08 08:20:26,,,2.3.0
3cea4e97-cd80-4353-84f5-c75631a079e1,Pengguna Google,https://play-lh.googleusercontent.com/EGemoI2NTXmTsBVtJqk8jxF9rh8ApRWfsIMQSt2uE4OcpQqbFu7f7NbTK05lx80nuSijCz7sc3a277R67g,semakin baik,5,0,2.3.0,2025-05-08 02:27:32,,,2.3.0
1c2f6f11-1e4e-4861-9ce8-ed591d52354a,Pengguna Google,https://play-lh.googleusercontent.com/EGemoI2NTXmTsBVtJqk8jxF9rh8ApRWfsIMQSt2uE4OcpQqbFu7f7NbTK05lx80nuSijCz7sc3a277R67g,"gua pernah top up saldo 50k di jati barat , transaksi gagal tapi uang nya gak keluar lagi , gua bukan masalah jumlah nya , kok bisa gitu.transaksi gagal tapi uang ga keluar! saldo juga kaga nambah",1,23,2.3.0,2025-05-07 13:52:45,,,2.3.0
951414f6-cfd2-4aed-b15e-db83bfbeb7cc,Pengguna Google,https://play-lh.googleusercontent.com/EGemoI2NTXmTsBVtJqk8jxF9rh8ApRWfsIMQSt2uE4OcpQqbFu7f7NbTK05lx80nuSijCz7sc3a277R67g,ga akurat,1,0,2.3.0,2025-05-06 20:05:20,,,2.3.0
f5f7a075-1179-4f4f-9556-18e855a67719,Pengguna Google,https://play-lh.googleusercontent.com/EGemoI2NTXmTsBVtJqk8jxF9rh8ApRWfsIMQSt2uE4OcpQqbFu7f7NbTK05lx80nuSijCz7sc3a277R67g,karena sering eror. petugas di halte menyuruh untuk tidak menggunakan aplikasi lg.,1,1,2.3.0,2025-05-06 19:47:47,,,2.3.0
e12c6de5-bae8-4054-a017-fd450451b280,Pengguna Google,https://play-lh.googleusercontent.com/EGemoI2NTXmTsBVtJqk8jxF9rh8ApRWfsIMQSt2uE4OcpQqbFu7f7NbTK05lx80nuSijCz7sc3a277R67g,aplikasi gak bisa login,1,0,2.3.0,2025-05-06 05:34:08,,,2.3.0
9940f18e-824a-46b7-a6f4-8535a556cce2,Pengguna Google,https://play-lh.googleusercontent.com/EGemoI2NTXmTsBVtJqk8jxF9rh8ApRWfsIMQSt2uE4OcpQqbFu7f7NbTK05lx80nuSijCz7sc3a277R67g,Data nya gak sinkron,1,0,2.3.0,2025-05-05 23:55:39,,,2.3.0
51dad492-4e36-4cb5-8a14-bd7abcdb2697,Pengguna Google,https://play-lh.googleusercontent.com/EGemoI2NTXmTsBVtJqk8jxF9rh8ApRWfsIMQSt2uE4OcpQqbFu7f7NbTK05lx80nuSijCz7sc3a277R67g,g jelas tiba2 g biss di buka,1,0,,2025-05-05 18:41:12,,,
2b1db5dc-a300-4537-90be-618a1036e89d,Pengguna Google,https://play-lh.googleusercontent.com/EGemoI2NTXmTsBVtJqk8jxF9rh8ApRWfsIMQSt2uE4OcpQqbFu7f7NbTK05lx80nuSijCz7sc3a277R67g,ga bisq daftar / create account,1,0,2.3.0,2025-05-05 18:06:25,,,2.3.0
99c4a862-ae0c-4b42-8c02-9ae1162b9401,Pengguna Google,https://play-lh.googleusercontent.com/EGemoI2NTXmTsBVtJqk8jxF9rh8ApRWfsIMQSt2uE4OcpQqbFu7f7NbTK05lx80nuSijCz7sc3a277R67g,"Ini gimana baru mau daftar internal server error Bisa dibantu ga developer nya, perbaiki apk nya, mau booking tiket bus tingkat malam kehabisan terus, dibuka pagi habis dibuka mlm dini hari habis, aneh",2,1,2.3.0,2025-05-05 05:51:18,,,2.3.0
e24fd40d-67a8-46ac-a513-65b9147d2dec,Pengguna Google,https://play-lh.googleusercontent.com/EGemoI2NTXmTsBVtJqk8jxF9rh8ApRWfsIMQSt2uE4OcpQqbFu7f7NbTK05lx80nuSijCz7sc3a277R67g,"yaa percuma dong aplikasi ini,, gimana mau tau keberadaan bus nya klo si petugas sopirnya tidak menghidupkan GPS nya berjalan atau tidak. Hayo dong para sopir hidupkan GPS nya, supaya penumpang bisa selalu update posisi bus.",1,0,,2025-05-05 05:47:31,,,
7f6640ed-a469-4279-99aa-c8f38b390953,Pengguna Google,https://play-lh.googleusercontent.com/EGemoI2NTXmTsBVtJqk8jxF9rh8ApRWfsIMQSt2uE4OcpQqbFu7f7NbTK05lx80nuSijCz7sc3a277R67g,sangat membantu,4,0,2.3.0,2025-05-04 17:15:40,,,2.3.0
8fc7993c-737f-4524-ac5b-66ef957cf722,Pengguna Google,https://play-lh.googleusercontent.com/EGemoI2NTXmTsBVtJqk8jxF9rh8ApRWfsIMQSt2uE4OcpQqbFu7f7NbTK05lx80nuSijCz7sc3a277R67g,"maaf kak saya kasih bintang 1. Saat sudah berhasil pembayarannya, namun tiket tidak masuk. Sayang kak uang saya, ada tindakan selanjutnya nggak admin?",1,0,2.3.0,2025-05-03 15:33:15,,,2.3.0
125f7fa4-a1fd-469e-869f-f6eb715f467e,Pengguna Google,https://play-lh.googleusercontent.com/EGemoI2NTXmTsBVtJqk8jxF9rh8ApRWfsIMQSt2uE4OcpQqbFu7f7NbTK05lx80nuSijCz7sc3a277R67g,"Menurut saya aplikasi TransJakarta ini sangat membantu banget, Info rute dan jadwal busnya cukup jelas dan mudah dimengerti, Fitur real-time posisi bus juga ngebantu banget biar nggak bingung nunggu, Tampilan aplikasinya sederhana dan gampang dipakai, jadi cocok buat berbagai kalangan, Semoga ke depannya makin lengkap dan terus ditingkatkan kualitasnya",5,1,,2025-05-02 18:03:52,,,
4aed21a4-911a-435c-9f91-1ac9585d8c5e,Pengguna Google,https://play-lh.googleusercontent.com/EGemoI2NTXmTsBVtJqk8jxF9rh8ApRWfsIMQSt2uE4OcpQqbFu7f7NbTK05lx80nuSijCz7sc3a277R67g,"Aplikasinya berguna banget. Memudahkan penggunanya, untuk jadwal, rute, dsb sangat lengkap informasinya. Fitur nya juga mudah dipahami.",5,0,2.3.0,2025-05-02 17:43:50,,,2.3.0
af99c76a-add6-4948-861c-6d82a0fd2a30,Pengguna Google,https://play-lh.googleusercontent.com/EGemoI2NTXmTsBVtJqk8jxF9rh8ApRWfsIMQSt2uE4OcpQqbFu7f7NbTK05lx80nuSijCz7sc3a277R67g,"apk Transjakarta ini membantu banget buat yg masih awam, jadi tau dimana-mananya. Aplikasinya praktis dan mudah digunakan.",5,0,,2025-05-02 17:34:58,,,
2efc3792-668a-47b2-adfe-8844bc4319b1,Pengguna Google,https://play-lh.googleusercontent.com/EGemoI2NTXmTsBVtJqk8jxF9rh8ApRWfsIMQSt2uE4OcpQqbFu7f7NbTK05lx80nuSijCz7sc3a277R67g,aplikasinya sangat membantu. fitur-fiturnya juga cukup lengkap dan akurat. memudahkan untuk cek rute dan jadwal bus. keren,5,0,2.3.0,2025-05-02 17:18:45,,,2.3.0
6b04781d-0edc-46ef-ba62-2f3bd9b067c9,Pengguna Google,https://play-lh.googleusercontent.com/EGemoI2NTXmTsBVtJqk8jxF9rh8ApRWfsIMQSt2uE4OcpQqbFu7f7NbTK05lx80nuSijCz7sc3a277R67g,nyaman ... praktis dan tidak berdesakan,5,0,2.3.0,2025-05-02 16:22:41,,,2.3.0
9a215df1-715e-45d8-b37f-d992dea1ff21,Pengguna Google,https://play-lh.googleusercontent.com/EGemoI2NTXmTsBVtJqk8jxF9rh8ApRWfsIMQSt2uE4OcpQqbFu7f7NbTK05lx80nuSijCz7sc3a277R67g,"ini aplikasinya bagus isinya juga lengkap seperti tampilan yang mudah dipake, informasi rute dan halte lengkap, pelacakan bus secara real-time. lalu ada notifikasi layanan yang membantu pengguna saat terjadi perubahan rute atau gangguan",5,0,,2025-05-02 15:08:05,,,
3cef9931-b45f-42f3-bbf9-d1c27ddc3bfe,Pengguna Google,https://play-lh.googleusercontent.com/EGemoI2NTXmTsBVtJqk8jxF9rh8ApRWfsIMQSt2uE4OcpQqbFu7f7NbTK05lx80nuSijCz7sc3a277R67g,"Aplikasi Transjakarta ini ngebantu banget buat ngecek jadwal keberangkatan, selain itu juga pembayarannya sangat mudah.",5,0,2.3.0,2025-05-02 14:59:43,,,2.3.0
9aef0a9e-aaf3-4a60-8c50-293f7364f415,Pengguna Google,https://play-lh.googleusercontent.com/EGemoI2NTXmTsBVtJqk8jxF9rh8ApRWfsIMQSt2uE4OcpQqbFu7f7NbTK05lx80nuSijCz7sc3a277R67g,"aplikasi TJ ini sangat membantu saya dalam perjalanan, saya masi belum hafal rute, dan aplikasi ini sangat mempermudah hobby saya yang suka banget jalan jalan naik transportasi umum, terimakasih TJ<3",5,0,,2025-05-02 14:52:55,,,
734d5eb8-4bf5-4426-bcf9-92937c48eb29,Pengguna Google,https://play-lh.googleusercontent.com/EGemoI2NTXmTsBVtJqk8jxF9rh8ApRWfsIMQSt2uE4OcpQqbFu7f7NbTK05lx80nuSijCz7sc3a277R67g,"aplikasinya bagus banget ngebantu banget buat saya yang tiap hari pke bus tj ke tempat kerja, udah gitu mudah bgt digunakan, proses pembayarannya jg mudah n cepat, fiturnya lengkap, pokoknya keren 👍🏻👍🏻👍🏻👍🏻",5,2,2.3.0,2025-05-02 14:48:52,,,2.3.0
095624a7-1e62-4b95-80d4-c7cc3196b4ae,Pengguna Google,https://play-lh.googleusercontent.com/EGemoI2NTXmTsBVtJqk8jxF9rh8ApRWfsIMQSt2uE4OcpQqbFu7f7NbTK05lx80nuSijCz7sc3a277R67g,"aplikasi sangat membantu, informatif, semoga kedepannya tidak ada kendala",5,0,,2025-05-02 14:28:18,,,
3d28610b-46aa-4597-9728-f95e7c87a8b9,Pengguna Google,https://play-lh.googleusercontent.com/EGemoI2NTXmTsBVtJqk8jxF9rh8ApRWfsIMQSt2uE4OcpQqbFu7f7NbTK05lx80nuSijCz7sc3a277R67g,"aku yg suka bepergian suka bgt pake apk ini. penggunaannya gampang dan user friendly. good job deh buat transjakarta, semoga bisa dikembangin lgi",5,0,2.3.0,2025-05-02 14:07:53,,,2.3.0
0f335e71-c1e7-42f8-8e83-98835a8d7af5,Pengguna Google,https://play-lh.googleusercontent.com/EGemoI2NTXmTsBVtJqk8jxF9rh8ApRWfsIMQSt2uE4OcpQqbFu7f7NbTK05lx80nuSijCz7sc3a277R67g,"Tak hanya mempermudah perjalanan, Tj Apps juga berkomitmen untuk menjadikan Jakarta lebih ramah lingkungan. Dengan mendorong penggunaan transportasi publik, aplikasi ini berperan dalam mengurangi kemacetan dan emisi gas buang. Setiap kali Anda memilih bus Transjakarta daripada kendaraan pribadi, Anda telah mengambil langkah kecil menuju Jakarta yang lebih bersih dan hijau. Rasakan kepuasan bukan hanya karena kenyamanan Anda, tetapi juga ketika Anda berkontribusi untuk lingkungan!",5,2,2.3.0,2025-05-02 13:27:20,,,2.3.0
c87b1431-06d2-4611-ba69-ad66dd1651a4,Pengguna Google,https://play-lh.googleusercontent.com/EGemoI2NTXmTsBVtJqk8jxF9rh8ApRWfsIMQSt2uE4OcpQqbFu7f7NbTK05lx80nuSijCz7sc3a277R67g,aplikasi nya memudahkan aku banget buat liat posisi bus ada dimana dan rute bus selanjutnya,5,0,2.3.0,2025-05-02 12:27:19,,,2.3.0
bb7536fc-d523-4fa8-ad9f-580f882bd590,Pengguna Google,https://play-lh.googleusercontent.com/EGemoI2NTXmTsBVtJqk8jxF9rh8ApRWfsIMQSt2uE4OcpQqbFu7f7NbTK05lx80nuSijCz7sc3a277R67g,"selama pake transjakarta uda ga pusing lagi masalah jadwal keberangkatan bus, karena di dalam aplikasi uda ada jadwalnya",5,0,2.3.0,2025-05-02 12:12:01,,,2.3.0
5fece6bd-b6ac-4d4c-990a-ddda88d86ffa,Pengguna Google,https://play-lh.googleusercontent.com/EGemoI2NTXmTsBVtJqk8jxF9rh8ApRWfsIMQSt2uE4OcpQqbFu7f7NbTK05lx80nuSijCz7sc3a277R67g,"Ngebantu banget pas buru-buru ke kantor, bisa liat bus udah sampai mana dan kira-kira berapa menit lagi",5,0,2.3.0,2025-05-02 12:00:54,,,2.3.0
a6539fdc-267e-4a74-91c0-b758808cce05,Pengguna Google,https://play-lh.googleusercontent.com/EGemoI2NTXmTsBVtJqk8jxF9rh8ApRWfsIMQSt2uE4OcpQqbFu7f7NbTK05lx80nuSijCz7sc3a277R67g,Transjakarta Apps aplikasi yang sangat membantu sangat mempermudah saya dalam mencari rute dan lokasi bus banyak fitur unik & menarik yang lengkap yang mempermudah dan membantu sekali.,5,0,2.3.0,2025-05-02 11:27:30,,,2.3.0
b720565c-5b7f-41df-a594-c30847b368c4,Pengguna Google,https://play-lh.googleusercontent.com/EGemoI2NTXmTsBVtJqk8jxF9rh8ApRWfsIMQSt2uE4OcpQqbFu7f7NbTK05lx80nuSijCz7sc3a277R67g,aplikasi sangat membantu untuk berpergian,5,0,,2025-05-02 10:40:38,,,
7b1c8288-856b-4e3e-9c98-aa2f873114ac,Pengguna Google,https://play-lh.googleusercontent.com/EGemoI2NTXmTsBVtJqk8jxF9rh8ApRWfsIMQSt2uE4OcpQqbFu7f7NbTK05lx80nuSijCz7sc3a277R67g,Sekarang naik Transjakarta jadi lebih mudah dan nyaman,5,0,2.3.0,2025-05-02 09:46:00,,,2.3.0
f7448bc7-2608-41f3-8692-52f4e22dc309,Pengguna Google,https://play-lh.googleusercontent.com/EGemoI2NTXmTsBVtJqk8jxF9rh8ApRWfsIMQSt2uE4OcpQqbFu7f7NbTK05lx80nuSijCz7sc3a277R67g,"Aplikasinya bagus. Tampilannya simpel, kalaupun dipakai orang tua juga engga bingung. Bisa buat melihat jadwal bus dan rute.",5,0,2.3.0,2025-05-02 09:37:07,,,2.3.0
d15d4801-ae16-4ab9-a7b3-fd3da02c8b81,Pengguna Google,https://play-lh.googleusercontent.com/EGemoI2NTXmTsBVtJqk8jxF9rh8ApRWfsIMQSt2uE4OcpQqbFu7f7NbTK05lx80nuSijCz7sc3a277R67g,"Aplikasi ini sangat membantu, jadwal bus jadi lebih teratur",5,0,,2025-05-02 09:20:37,,,
ed43501e-912a-416f-bd0f-7c222462fd97,Pengguna Google,https://play-lh.googleusercontent.com/EGemoI2NTXmTsBVtJqk8jxF9rh8ApRWfsIMQSt2uE4OcpQqbFu7f7NbTK05lx80nuSijCz7sc3a277R67g,"apk ini ngebantu banget buat aku yang sering naik bus TJ. Fitur pencarian rute dan jadwal busnya cukup akurat dan memudahkan banget buat merencanakan perjalanan. Desain tampilannya juga simpel dan mudah dipahami, jadi cocok buat semua usia. Kadang ada sedikit bug atau info rute yang belum updateAplikasi Transjakarta sangat membantu untuk mobilitas harian saya! Informasi rute, jadwal, dan posisi bus real-time sangat memudahkan perencanaan perjalanan. Antarmuka aplikasinya juga user-friendly",5,1,2.3.0,2025-05-02 09:02:31,,,2.3.0
2bc9a9b2-8af7-4823-a27d-21a62dae8f61,Pengguna Google,https://play-lh.googleusercontent.com/EGemoI2NTXmTsBVtJqk8jxF9rh8ApRWfsIMQSt2uE4OcpQqbFu7f7NbTK05lx80nuSijCz7sc3a277R67g,"Aplikasi ini sangat bagus dan mudah di pakai , fiturnya Sagat lengkap rute nya sangat jelas untuk kita, ayo buruan download sekarang",5,0,2.3.0,2025-05-02 08:55:17,,,2.3.0
49f0f221-65e1-4b86-9e86-1309ab977a2d,Pengguna Google,https://play-lh.googleusercontent.com/EGemoI2NTXmTsBVtJqk8jxF9rh8ApRWfsIMQSt2uE4OcpQqbFu7f7NbTK05lx80nuSijCz7sc3a277R67g,"Aplikasi Transjakarta sangat membantu untuk mobilitas harian saya! Informasi rute, jadwal, dan posisi bus real-time sangat memudahkan perencanaan perjalanan.harga juga murah worth it untuk perjalanan.",5,0,2.3.0,2025-05-02 08:47:15,,,2.3.0
4b94e9cc-74e2-4350-a26d-14089ecfdd7d,Pengguna Google,https://play-lh.googleusercontent.com/EGemoI2NTXmTsBVtJqk8jxF9rh8ApRWfsIMQSt2uE4OcpQqbFu7f7NbTK05lx80nuSijCz7sc3a277R67g,"Merasa terbantu dengan adanya aplikasi ini, bisa dengan mudah mengetahui jadwal dan rute secara realtime, sangat membantu aktivitas sehari-hari",5,0,2.3.0,2025-05-02 08:43:39,,,2.3.0
0911c9be-c4a7-462f-ac10-bbb6c398f139,Pengguna Google,https://play-lh.googleusercontent.com/EGemoI2NTXmTsBVtJqk8jxF9rh8ApRWfsIMQSt2uE4OcpQqbFu7f7NbTK05lx80nuSijCz7sc3a277R67g,"Aplikasi Transjakarta sangat membantu saya dalam merencanakan perjalanan menggunakan transportasi umum di Jakarta! Dengan fitur rute yang akurat dan informasi waktu kedatangan bus yang real-time, saya dapat melakukan perjalanan dengan lebih efisien dan tidak perlu khawatir tentang keterlambatan.",5,2,2.3.0,2025-05-02 08:39:14,,,2.3.0
837afbcc-8915-42bc-912e-48e7eb9e0117,Pengguna Google,https://play-lh.googleusercontent.com/EGemoI2NTXmTsBVtJqk8jxF9rh8ApRWfsIMQSt2uE4OcpQqbFu7f7NbTK05lx80nuSijCz7sc3a277R67g,"Aplikasi Tj Transjakarta sangat membantu dalam aktivitas harian saya sebagai pengguna transportasi umum di Jakarta. Antarmukanya sederhana dan mudah digunakan, cocok untuk semua kalangan. Fitur pelacakan bus secara real-time sangat akurat, sehingga saya bisa memperkirakan waktu kedatangan tanpa harus menunggu lama di halte. Informasi rute, jadwal, dan integrasi dengan transportasi lain seperti MRT dan LRT juga sangat bermanfaat. pengalaman naik Transj",5,0,,2025-05-02 08:37:47,,,
ef6a8b93-04f8-4cdb-a304-c1179c367168,Pengguna Google,https://play-lh.googleusercontent.com/EGemoI2NTXmTsBVtJqk8jxF9rh8ApRWfsIMQSt2uE4OcpQqbFu7f7NbTK05lx80nuSijCz7sc3a277R67g,"Aplikasi Transjakarta sangat membantu mobilitas harian saya, fiturnya lengkap dan akurat, informasi rute, jadwal dan posisi bus sangat memudahkan perencanaan perjalanan, pembayaran mudah bisa langsung lewat aplikasi",5,0,,2025-05-02 07:55:47,,,
157918d2-c964-4bb0-8c5f-20ad36667d6d,Pengguna Google,https://play-lh.googleusercontent.com/EGemoI2NTXmTsBVtJqk8jxF9rh8ApRWfsIMQSt2uE4OcpQqbFu7f7NbTK05lx80nuSijCz7sc3a277R67g,setelah ada transjakarta jdi enak,5,0,2.3.0,2025-05-02 07:05:51,,,2.3.0
6518c3fc-f00a-400e-bf54-747331f4b840,Pengguna Google,https://play-lh.googleusercontent.com/EGemoI2NTXmTsBVtJqk8jxF9rh8ApRWfsIMQSt2uE4OcpQqbFu7f7NbTK05lx80nuSijCz7sc3a277R67g,"Aplikasi Transjakarta bener bener ngebantu banget buat liat seberapa lama lagi perjalanan dan biayanya selalu sangat murah,fitur fiturnya bermanfaat",5,0,2.3.0,2025-05-02 06:46:39,,,2.3.0
f733c868-cb91-404f-8372-b172fd50df60,Pengguna Google,https://play-lh.googleusercontent.com/EGemoI2NTXmTsBVtJqk8jxF9rh8ApRWfsIMQSt2uE4OcpQqbFu7f7NbTK05lx80nuSijCz7sc3a277R67g,"Aplikasi Transjakarta sangat membantu untuk mobilitas harian saya! Informasi rute, jadwal, dan posisi bus real-time sangat memudahkan perencanaan perjalanan",5,0,2.3.0,2025-05-02 06:38:03,,,2.3.0
759a0c0f-9c9b-4ec5-8d5c-b0aca5690d93,Pengguna Google,https://play-lh.googleusercontent.com/EGemoI2NTXmTsBVtJqk8jxF9rh8ApRWfsIMQSt2uE4OcpQqbFu7f7NbTK05lx80nuSijCz7sc3a277R67g,"sebagai pengguna transjakarta yang suka bepergian kemanapun, aplikasi ini sangat membantu sekali untuk mengecek kedatangan transjakarta dan layanan transjakarta lainnya, bisa top up kartu TJ disana juga, dan banyak hadiah hadiah menarik yang bisa kita tukarkan dengan poin yang kita miliki.",5,0,2.3.0,2025-05-02 05:32:17,,,2.3.0
45bf8555-1855-43be-8d11-adc551515f36,Pengguna Google,https://play-lh.googleusercontent.com/EGemoI2NTXmTsBVtJqk8jxF9rh8ApRWfsIMQSt2uE4OcpQqbFu7f7NbTK05lx80nuSijCz7sc3a277R67g,"Aplikasi ini memungkinkan pengguna untuk memantau posisi bus Transjakarta secara langsung, termasuk layanan BRT, Feeder, dan Mikrotrans. Fitur ini sangat membantu dalam merencanakan waktu keberangkatan dan menghindari penantian yang lama di hal",5,2,2.3.0,2025-05-02 05:16:12,,,2.3.0
e58be2eb-8597-4211-bd95-fe784b307bb8,Pengguna Google,https://play-lh.googleusercontent.com/EGemoI2NTXmTsBVtJqk8jxF9rh8ApRWfsIMQSt2uE4OcpQqbFu7f7NbTK05lx80nuSijCz7sc3a277R67g,aplikasi yang mudah dipakai dan sangat bermanfaat,5,0,2.3.0,2025-05-02 05:02:16,,,2.3.0
31506f10-9941-490c-a5d3-129a1c761e78,Pengguna Google,https://play-lh.googleusercontent.com/EGemoI2NTXmTsBVtJqk8jxF9rh8ApRWfsIMQSt2uE4OcpQqbFu7f7NbTK05lx80nuSijCz7sc3a277R67g,"Pernah hampir telat wawancara kerja. Untung buka aplikasi ini, jadi bisa tahu bus mana yang paling cepat sampai halte. Aplikasi ini penyelamat!",5,0,2.3.0,2025-05-02 00:50:45,,,2.3.0
84c3fe21-a707-4296-af95-9f2a95e356a4,Pengguna Google,https://play-lh.googleusercontent.com/EGemoI2NTXmTsBVtJqk8jxF9rh8ApRWfsIMQSt2uE4OcpQqbFu7f7NbTK05lx80nuSijCz7sc3a277R67g,Aplikasi Transportasi Terbaik Pelayanan nya juga Cukup Baik Tidak Banyak Kendala.Selain Itu Ada Banyak Halte Yg Nyaman Untuk Tempat Menunggu,5,0,2.3.0,2025-05-01 23:50:52,,,2.3.0
a5b71299-3462-4a77-8cb0-27817015bddc,Pengguna Google,https://play-lh.googleusercontent.com/EGemoI2NTXmTsBVtJqk8jxF9rh8ApRWfsIMQSt2uE4OcpQqbFu7f7NbTK05lx80nuSijCz7sc3a277R67g,aplikasi sangat bermanfaat dan membantu,5,0,,2025-05-01 22:22:14,,,
05b624b0-2378-4306-a7dd-ca2f445c1b90,Pengguna Google,https://play-lh.googleusercontent.com/EGemoI2NTXmTsBVtJqk8jxF9rh8ApRWfsIMQSt2uE4OcpQqbFu7f7NbTK05lx80nuSijCz7sc3a277R67g,app transjakarta ini memudahkan banget buat aku yang sering naik transportasi umum.. bisa langsung pesen lewat app buat tiketnya trs ternyata ada fitur” tambahan kyk beli pulsa juga ada. pokoknya mudah digunakan dehh,5,3,2.3.0,2025-05-01 22:15:29,,,2.3.0
2ac38473-b760-4f64-b3ff-59edb2ee2080,Pengguna Google,https://play-lh.googleusercontent.com/EGemoI2NTXmTsBVtJqk8jxF9rh8ApRWfsIMQSt2uE4OcpQqbFu7f7NbTK05lx80nuSijCz7sc3a277R67g,aplikasi sangat membantu,5,0,2.3.0,2025-05-01 22:06:58,,,2.3.0
9b787522-456f-4f5a-96d6-1c14c773ea18,Pengguna Google,https://play-lh.googleusercontent.com/EGemoI2NTXmTsBVtJqk8jxF9rh8ApRWfsIMQSt2uE4OcpQqbFu7f7NbTK05lx80nuSijCz7sc3a277R67g,pembayaran hanya via astra pay...kirain top up moter bisa buat bayar ternyata cuma buat tukar produk..tertipu,1,0,2.3.0,2025-05-01 07:36:37,,,2.3.0
0678ba1f-97a5-456d-8a71-5c31cade19c7,Pengguna Google,https://play-lh.googleusercontent.com/EGemoI2NTXmTsBVtJqk8jxF9rh8ApRWfsIMQSt2uE4OcpQqbFu7f7NbTK05lx80nuSijCz7sc3a277R67g,Mantab,5,0,2.3.0,2025-05-01 07:16:35,,,2.3.0
c940ef59-a9e6-4650-9beb-1d18dd91bcc9,Pengguna Google,https://play-lh.googleusercontent.com/EGemoI2NTXmTsBVtJqk8jxF9rh8ApRWfsIMQSt2uE4OcpQqbFu7f7NbTK05lx80nuSijCz7sc3a277R67g,mantappp,5,0,,2025-05-01 00:34:44,,,
66055e59-7009-4a6e-9f0f-2caab5d9e33e,Pengguna Google,https://play-lh.googleusercontent.com/EGemoI2NTXmTsBVtJqk8jxF9rh8ApRWfsIMQSt2uE4OcpQqbFu7f7NbTK05lx80nuSijCz7sc3a277R67g,keren... maaf baru coba menaiki bus transjakarta kemaren ternyata ebih aman dan nyaman,4,0,2.3.0,2025-04-30 20:03:19,,,2.3.0
ed077473-94ba-4617-a30a-28114cbefc33,Pengguna Google,https://play-lh.googleusercontent.com/EGemoI2NTXmTsBVtJqk8jxF9rh8ApRWfsIMQSt2uE4OcpQqbFu7f7NbTK05lx80nuSijCz7sc3a277R67g,"aplikasi transjakarta memudahkan saya menemukan bus ,dan fiturnya mudah di pahami",5,0,2.3.0,2025-04-30 19:44:19,,,2.3.0
f38e4e90-a4ca-4b75-af51-246a2750aec3,Pengguna Google,https://play-lh.googleusercontent.com/EGemoI2NTXmTsBVtJqk8jxF9rh8ApRWfsIMQSt2uE4OcpQqbFu7f7NbTK05lx80nuSijCz7sc3a277R67g,sangat membantu sekali untuk transportasi kerja,5,0,2.3.0,2025-04-30 16:12:39,,,2.3.0
7a21d03c-db9b-4ad2-be51-5e343ea4b8ca,Pengguna Google,https://play-lh.googleusercontent.com/EGemoI2NTXmTsBVtJqk8jxF9rh8ApRWfsIMQSt2uE4OcpQqbFu7f7NbTK05lx80nuSijCz7sc3a277R67g,"aplikasi nya mudah ga ribet, saya jadi mudah untuk lihat bus terdekat, dan fiturnya juga lengkap",5,0,,2025-04-30 16:08:16,,,
40dad675-f2d3-4d91-9895-c6864ebff63b,Pengguna Google,https://play-lh.googleusercontent.com/EGemoI2NTXmTsBVtJqk8jxF9rh8ApRWfsIMQSt2uE4OcpQqbFu7f7NbTK05lx80nuSijCz7sc3a277R67g,"proses satset, beneran mempermudah pengguna transjakarta kek saya gini. lebih gampang dijangkau jadinya. terimakasih ya transjakarta 💞",5,0,2.3.0,2025-04-30 15:43:36,,,2.3.0
d8cb617b-8d66-4633-b458-683b9e680964,Pengguna Google,https://play-lh.googleusercontent.com/EGemoI2NTXmTsBVtJqk8jxF9rh8ApRWfsIMQSt2uE4OcpQqbFu7f7NbTK05lx80nuSijCz7sc3a277R67g,Transjakarta memberikan solusi transportasi cepat dan terjangkau di tengah kemacetan Jakarta. Armada yang terus diperbarui dan jalur khusus membuat perjalanan lebih efisien. Cocok untuk mobilitas harian.,5,0,2.3.0,2025-04-30 15:31:11,,,2.3.0
ce46b589-fb74-4b49-beaa-5502122a727d,Pengguna Google,https://play-lh.googleusercontent.com/EGemoI2NTXmTsBVtJqk8jxF9rh8ApRWfsIMQSt2uE4OcpQqbFu7f7NbTK05lx80nuSijCz7sc3a277R67g,"bagus juga aplikasi Transjakarta,,ini lengkap fitur dan pembayaran nya gaperlu pusing",5,0,2.3.0,2025-04-30 15:30:43,,,2.3.0
cee6c438-a944-47ef-a1ae-bbeeb1bd6983,Pengguna Google,https://play-lh.googleusercontent.com/EGemoI2NTXmTsBVtJqk8jxF9rh8ApRWfsIMQSt2uE4OcpQqbFu7f7NbTK05lx80nuSijCz7sc3a277R67g,"aplikasii ini bener"" membantu saya melacak keberadaan kendaraan tj karena sayaa sering menggunakan tj untuk ke kantor",5,0,2.3.0,2025-04-30 15:25:03,,,2.3.0
6eeeb1f9-c436-42d6-8854-f0bcf40ca971,Pengguna Google,https://play-lh.googleusercontent.com/EGemoI2NTXmTsBVtJqk8jxF9rh8ApRWfsIMQSt2uE4OcpQqbFu7f7NbTK05lx80nuSijCz7sc3a277R67g,"Aplikasi mudah digunakan, jadi bisa memantau keberadaan bus terdekat dan bisa mengatur jadwal keberangkatan jadi bisa menghemat waktu.",5,0,2.3.0,2025-04-30 15:19:42,,,2.3.0
eef3af87-3426-4501-9e64-324807371469,Pengguna Google,https://play-lh.googleusercontent.com/EGemoI2NTXmTsBVtJqk8jxF9rh8ApRWfsIMQSt2uE4OcpQqbFu7f7NbTK05lx80nuSijCz7sc3a277R67g,"aplikasi Transjakarta sangat memudahkan saya untuk mencari bus terkini,dari fitur nya udah lengkap dan bisa liat-liat rute nya,mantap pokonya",5,0,2.3.0,2025-04-30 15:19:37,,,2.3.0
4c6afb56-1c68-4ef2-a0ca-ca6b3d767c72,Pengguna Google,https://play-lh.googleusercontent.com/EGemoI2NTXmTsBVtJqk8jxF9rh8ApRWfsIMQSt2uE4OcpQqbFu7f7NbTK05lx80nuSijCz7sc3a277R67g,"mantab aplikasi bikin gampang buat nyari pulang pergi kerja dan bisnis saya, lanjutkan lebih baik lg💪",5,0,2.3.0,2025-04-30 15:17:25,,,2.3.0
2f13c990-4bb0-4292-81bf-f2d6f6d5dd13,Pengguna Google,https://play-lh.googleusercontent.com/EGemoI2NTXmTsBVtJqk8jxF9rh8ApRWfsIMQSt2uE4OcpQqbFu7f7NbTK05lx80nuSijCz7sc3a277R67g,keren aplikasinya scannya mudah membantu saya menemukan bus 😎😎,5,0,,2025-04-30 15:07:53,,,
a0609137-1746-4e8f-848f-d73b7602ed8b,Pengguna Google,https://play-lh.googleusercontent.com/EGemoI2NTXmTsBVtJqk8jxF9rh8ApRWfsIMQSt2uE4OcpQqbFu7f7NbTK05lx80nuSijCz7sc3a277R67g,aplikasinya bagus pelayanan oke memudahkan naik bis .,5,0,2.3.0,2025-04-30 15:01:36,,,2.3.0
2339498c-f2c8-4b29-b94f-7678cb462fd0,Pengguna Google,https://play-lh.googleusercontent.com/EGemoI2NTXmTsBVtJqk8jxF9rh8ApRWfsIMQSt2uE4OcpQqbFu7f7NbTK05lx80nuSijCz7sc3a277R67g,Saya suka aplikasi Transjakarta karena mudah digunakan dan memiliki antarmuka yang sederhana,5,0,2.3.0,2025-04-30 14:50:05,,,2.3.0
9444c3b1-b553-4c37-8d2f-29bf79fee978,Pengguna Google,https://play-lh.googleusercontent.com/EGemoI2NTXmTsBVtJqk8jxF9rh8ApRWfsIMQSt2uE4OcpQqbFu7f7NbTK05lx80nuSijCz7sc3a277R67g,"Aplikasi Transjakarta memudahkan saya menemukan bus dan rute rutenya, memakai aplikasi tidak susah, fitur nya sudah lengkap, aplikasi ini sangat membantu sekali.",5,0,2.3.0,2025-04-30 14:45:56,,,2.3.0
06e7cfba-ead4-4c45-8e0f-0e63079abb13,Pengguna Google,https://play-lh.googleusercontent.com/EGemoI2NTXmTsBVtJqk8jxF9rh8ApRWfsIMQSt2uE4OcpQqbFu7f7NbTK05lx80nuSijCz7sc3a277R67g,"aplikasi trans jakarta adalah aplikasi memudahkan mencari bus dalam aplikasi, saya sudah mencoba nya aplikasi nya mudah di pakai, dan memesan tiket cukup cepat, saya suka aplikasinya,👌",5,0,,2025-04-30 14:45:25,,,
6d025856-d3f8-492e-b730-e64a70c4725f,Pengguna Google,https://play-lh.googleusercontent.com/EGemoI2NTXmTsBVtJqk8jxF9rh8ApRWfsIMQSt2uE4OcpQqbFu7f7NbTK05lx80nuSijCz7sc3a277R67g,"Memudahkan kita dalam mencari kendaraan umum untuk melakukan perjalanan, sangat terbantu sekali dengan aplikasi ini, terima kasih",5,0,2.3.0,2025-04-30 14:42:16,,,2.3.0
f11e7e95-a0ff-4329-8ad7-45f796db31cb,Pengguna Google,https://play-lh.googleusercontent.com/EGemoI2NTXmTsBVtJqk8jxF9rh8ApRWfsIMQSt2uE4OcpQqbFu7f7NbTK05lx80nuSijCz7sc3a277R67g,"Aplikasi ini sangat memudahkan saya, terlebih lagi ga ribet pakainya",5,0,2.3.0,2025-04-30 14:41:55,,,2.3.0
6f3fe074-838a-4258-812a-6311223ab71d,Pengguna Google,https://play-lh.googleusercontent.com/EGemoI2NTXmTsBVtJqk8jxF9rh8ApRWfsIMQSt2uE4OcpQqbFu7f7NbTK05lx80nuSijCz7sc3a277R67g,"aplikasi sangat berguna, cocok banget buat berpergian keliling Jakarta, seru deh kalo di temenin apk ini, semua nya selalu ada di sini.",5,0,2.3.0,2025-04-30 14:40:37,,,2.3.0
50d1f702-34e6-4a12-a9da-a12b33acd78e,Pengguna Google,https://play-lh.googleusercontent.com/EGemoI2NTXmTsBVtJqk8jxF9rh8ApRWfsIMQSt2uE4OcpQqbFu7f7NbTK05lx80nuSijCz7sc3a277R67g,Aplikasi transjakarta ini memberikan rasa aman saat perjalanan karena fitur pelacakan dan dukungan darurat yang responsif,5,0,,2025-04-30 14:39:35,,,
f4d8fc49-faae-42a1-929e-8df995e09727,Pengguna Google,https://play-lh.googleusercontent.com/EGemoI2NTXmTsBVtJqk8jxF9rh8ApRWfsIMQSt2uE4OcpQqbFu7f7NbTK05lx80nuSijCz7sc3a277R67g,aplikasinya gampang digunakan serta fiturnya mudah dipahami sangat membantu saya untuk memilih rute tujuan dan terkini,5,0,2.3.0,2025-04-30 14:37:16,,,2.3.0
3e4912c3-23ef-4bc0-8cf3-c5244a7bf1b9,Pengguna Google,https://play-lh.googleusercontent.com/EGemoI2NTXmTsBVtJqk8jxF9rh8ApRWfsIMQSt2uE4OcpQqbFu7f7NbTK05lx80nuSijCz7sc3a277R67g,solusi menghindari kemacetan kota nyaman cepat dan ramah lansia atau disabilitas apalagi bisa ngirit biaya transportasi,5,0,2.3.0,2025-04-30 14:35:12,,,2.3.0
3e87ea7c-6036-49bc-93e6-351f7a368aa9,Pengguna Google,https://play-lh.googleusercontent.com/EGemoI2NTXmTsBVtJqk8jxF9rh8ApRWfsIMQSt2uE4OcpQqbFu7f7NbTK05lx80nuSijCz7sc3a277R67g,"Aplikasinya sangat membantu, rute dan jadwal bus jelas, info gangguan juga update. Cocok untuk pengguna Transjakarta sehari-hari!",5,0,2.3.0,2025-04-30 14:29:38,,,2.3.0
2368100f-eaae-40ff-9c48-2b440e75232a,Pengguna Google,https://play-lh.googleusercontent.com/EGemoI2NTXmTsBVtJqk8jxF9rh8ApRWfsIMQSt2uE4OcpQqbFu7f7NbTK05lx80nuSijCz7sc3a277R67g,membantu banget untuk pekerja kantoran kek aku apalagi yang transportasi yg mengandalkan angkutan umum udah harga nya terjangkau aplikasi nya mudah digunakan lagi rekom banget,5,0,2.3.0,2025-04-30 14:28:19,,,2.3.0
4f462648-5967-4598-96a9-9746548dc81b,Pengguna Google,https://play-lh.googleusercontent.com/EGemoI2NTXmTsBVtJqk8jxF9rh8ApRWfsIMQSt2uE4OcpQqbFu7f7NbTK05lx80nuSijCz7sc3a277R67g,"lebih cepat dan praktis pesan tiket di aplikasi Transjakarta, murah dan pembayaran nya mudah",5,0,2.3.0,2025-04-30 14:27:41,,,2.3.0
7bbce926-9e5c-474c-86a7-94d2b19841b5,Pengguna Google,https://play-lh.googleusercontent.com/EGemoI2NTXmTsBVtJqk8jxF9rh8ApRWfsIMQSt2uE4OcpQqbFu7f7NbTK05lx80nuSijCz7sc3a277R67g,aplikasi yang membatu memmudakan peguna juga,5,0,2.3.0,2025-04-30 14:20:46,,,2.3.0
db9c6be1-707d-45c4-9aa5-c0bb2543d4a7,Pengguna Google,https://play-lh.googleusercontent.com/EGemoI2NTXmTsBVtJqk8jxF9rh8ApRWfsIMQSt2uE4OcpQqbFu7f7NbTK05lx80nuSijCz7sc3a277R67g,"apk ny worth it bgt, membantuu saya untuk melacak kendaraan umuum👏",5,0,2.3.0,2025-04-30 14:17:22,,,2.3.0
541474ea-2fa5-445f-bfc9-87adf586b313,Pengguna Google,https://play-lh.googleusercontent.com/EGemoI2NTXmTsBVtJqk8jxF9rh8ApRWfsIMQSt2uE4OcpQqbFu7f7NbTK05lx80nuSijCz7sc3a277R67g,"Aplikasi TransJakarta sangat membantu! Informasi rute dan jadwal bus akurat, tampilannya simpel, dan mudah digunakan. Cocok untuk pengguna transportasi umum di Jakarta.",5,0,2.3.0,2025-04-30 14:14:54,,,2.3.0
96408083-4c05-430d-aef7-c3ba387bfc39,Pengguna Google,https://play-lh.googleusercontent.com/EGemoI2NTXmTsBVtJqk8jxF9rh8ApRWfsIMQSt2uE4OcpQqbFu7f7NbTK05lx80nuSijCz7sc3a277R67g,"aplikasi bermamfaat sangat membantu, bagi yang mau berpergian /jalan, buat wisata mntpp",5,0,2.3.0,2025-04-30 13:22:38,,,2.3.0
9c5d0513-f2f9-4a78-b86e-d1b6bde6a114,Pengguna Google,https://play-lh.googleusercontent.com/EGemoI2NTXmTsBVtJqk8jxF9rh8ApRWfsIMQSt2uE4OcpQqbFu7f7NbTK05lx80nuSijCz7sc3a277R67g,Aplikasi layanan transportasi yang memadai dan murah tidak perlu merogoh kocek yang dalam dengan fasilitas yang ditawarkan menarik dan mudah serta cepat layanannya,5,0,2.3.0,2025-04-30 13:09:49,,,2.3.0
6464fc9b-2071-49af-ba69-7445426c27ab,Pengguna Google,https://play-lh.googleusercontent.com/EGemoI2NTXmTsBVtJqk8jxF9rh8ApRWfsIMQSt2uE4OcpQqbFu7f7NbTK05lx80nuSijCz7sc3a277R67g,"Transjakarta adalah solusi transportasi publik yang efisien dan nyaman di Jakarta. Bus selalu datang tepat waktu, jalur khusus membuat perjalanan lebih cepat, dan fasilitas di halte cukup lengkap. Pelayanannya terus meningkat, cocok untuk kegiatan harian maupun bepergian jauh.",5,0,,2025-04-30 13:08:25,,,
e99e88e5-bfee-44be-8ef5-43ea4a8540f8,Pengguna Google,https://play-lh.googleusercontent.com/EGemoI2NTXmTsBVtJqk8jxF9rh8ApRWfsIMQSt2uE4OcpQqbFu7f7NbTK05lx80nuSijCz7sc3a277R67g,aplikasi yang simpel dan sangat memudahkan,5,0,2.3.0,2025-04-30 13:00:18,,,2.3.0
d8434100-b339-4af1-92ac-b970272f4293,Pengguna Google,https://play-lh.googleusercontent.com/EGemoI2NTXmTsBVtJqk8jxF9rh8ApRWfsIMQSt2uE4OcpQqbFu7f7NbTK05lx80nuSijCz7sc3a277R67g,"Aplikasinya sangat membantu! Sekarang saya bisa cek rute dan jadwal bus dengan mudah. Fitur pelacakan bus juga cukup akurat, jadi saya bisa memperkirakan waktu tiba tanpa menunggu terlalu lama di halte. Terima kasih Transjakarta!",5,1,2.3.0,2025-04-30 12:45:04,,,2.3.0
1d7e9aa4-ac5b-4849-9899-7b7cb53e9fd0,Pengguna Google,https://play-lh.googleusercontent.com/EGemoI2NTXmTsBVtJqk8jxF9rh8ApRWfsIMQSt2uE4OcpQqbFu7f7NbTK05lx80nuSijCz7sc3a277R67g,sangat suka naik bus Transjakarta harga terjangkau dan sangat mempermudah,5,0,,2025-04-30 12:41:40,,,
22a03003-8654-44f8-a0d6-b56e75aa081b,Pengguna Google,https://play-lh.googleusercontent.com/EGemoI2NTXmTsBVtJqk8jxF9rh8ApRWfsIMQSt2uE4OcpQqbFu7f7NbTK05lx80nuSijCz7sc3a277R67g,"aplikasi Transjakarta sangat bagus dan memudahkan saya mencari kendaraan bus, dll. Intinya Aplikasi ini bagus banget rekomendasi buat yang mencari kendaraan atau bus dengan mudah cuma di aplikasi Transjakarta",5,0,,2025-04-30 12:35:24,,,
6d173d1d-f586-430e-87d1-86fcc123328a,Pengguna Google,https://play-lh.googleusercontent.com/EGemoI2NTXmTsBVtJqk8jxF9rh8ApRWfsIMQSt2uE4OcpQqbFu7f7NbTK05lx80nuSijCz7sc3a277R67g,"untuk memesan tiket bus Transjakarta cukup mudah , lancar , jujur aplikasi ini memudahkan saya . matap",5,0,2.3.0,2025-04-30 12:29:51,,,2.3.0
003b16ff-6a10-49d1-a951-31a3eaa613ff,Pengguna Google,https://play-lh.googleusercontent.com/EGemoI2NTXmTsBVtJqk8jxF9rh8ApRWfsIMQSt2uE4OcpQqbFu7f7NbTK05lx80nuSijCz7sc3a277R67g,"aplikasi Transjakarta sangat berguna untuk saya, saya jadi gak kesusahan lagi untuk mencari bus terkini",5,0,2.3.0,2025-04-30 12:26:35,,,2.3.0
46ea937c-ce61-4905-891d-a0868f2c958c,Pengguna Google,https://play-lh.googleusercontent.com/EGemoI2NTXmTsBVtJqk8jxF9rh8ApRWfsIMQSt2uE4OcpQqbFu7f7NbTK05lx80nuSijCz7sc3a277R67g,"Fasilitas umum yang mudah buat saya yang baru di jakarta, mudah buat mempelajari rute nya, jadi transportasi andalan kalau kemana mana",5,0,,2025-04-30 12:13:41,,,
04d01bd4-a672-4b8a-afc2-2e430a5af856,Pengguna Google,https://play-lh.googleusercontent.com/EGemoI2NTXmTsBVtJqk8jxF9rh8ApRWfsIMQSt2uE4OcpQqbFu7f7NbTK05lx80nuSijCz7sc3a277R67g,"petugas gak bisa bekerja dengan baik malah marahin orang pas minta bantu scan masuk , gak bisa minta tolong ke petugas nya",1,1,2.3.0,2025-04-30 10:48:50,,,2.3.0
07a384b9-ef53-46ad-801b-238068359bed,Pengguna Google,https://play-lh.googleusercontent.com/EGemoI2NTXmTsBVtJqk8jxF9rh8ApRWfsIMQSt2uE4OcpQqbFu7f7NbTK05lx80nuSijCz7sc3a277R67g,Datanya kurang akurat.,2,0,2.3.0,2025-04-29 18:50:39,,,2.3.0
e32088b5-1b1a-4726-9035-e67e93f30940,Pengguna Google,https://play-lh.googleusercontent.com/EGemoI2NTXmTsBVtJqk8jxF9rh8ApRWfsIMQSt2uE4OcpQqbFu7f7NbTK05lx80nuSijCz7sc3a277R67g,"jak13 banyak yang gak pakai GPS, trus banyak yang lewat bus stop gitu aja ampe kami2 nih coba ngejar tapi ya kalah cepat ma dia yang ngebut, dan mau lapor gabisa karena dia ga terdeteksi GPS dan kalau foto gabisa dalam waktu sekian detik. dan beberapa sopir ini sering banget begitu. mohon diperbaiki, saya gatau mau ngeluh kemana.",2,7,2.3.0,2025-04-29 18:15:33,,,2.3.0
7bbb4594-78c9-4e90-a1aa-cbdc08c55267,Pengguna Google,https://play-lh.googleusercontent.com/EGemoI2NTXmTsBVtJqk8jxF9rh8ApRWfsIMQSt2uE4OcpQqbFu7f7NbTK05lx80nuSijCz7sc3a277R67g,masa mau pesan tiket turnight ga bisa,1,0,2.3.0,2025-04-29 14:24:56,,,2.3.0
98ca1931-7544-4a85-baac-0ac0eef12f9e,Pengguna Google,https://play-lh.googleusercontent.com/EGemoI2NTXmTsBVtJqk8jxF9rh8ApRWfsIMQSt2uE4OcpQqbFu7f7NbTK05lx80nuSijCz7sc3a277R67g,aplikasi yg mempermudah perjalanan kita. dgn mudah dpt menemukan halte terdekat dan tujuan kita.,5,1,2.3.0,2025-04-29 09:40:47,,,2.3.0
aa4d8374-fb39-4f3b-a72b-3ee2c6b37805,Pengguna Google,https://play-lh.googleusercontent.com/EGemoI2NTXmTsBVtJqk8jxF9rh8ApRWfsIMQSt2uE4OcpQqbFu7f7NbTK05lx80nuSijCz7sc3a277R67g,"aplikasi Transjakarta sangat memudahkan aku kalau mau kemana saja kita juga bisa lihat rute nya , asik seru ga ribet mau kemana mana pakai Transjakarta saja, top up isi saldo nya mudah, dan bayar tinggal pakai aplikasi Transjakarta ini",5,0,,2025-04-29 08:06:00,,,
77999cc5-7d28-4095-aadd-1cd719a0b1d9,Pengguna Google,https://play-lh.googleusercontent.com/EGemoI2NTXmTsBVtJqk8jxF9rh8ApRWfsIMQSt2uE4OcpQqbFu7f7NbTK05lx80nuSijCz7sc3a277R67g,"untuk PT transjakarta, apakah bisa ditambah kan jadwal busnya, tolong banget terutama rute 6T nunggu setengah jam begitu sekalinya ada penuh banget, apalagi rute ini tuh kebanyakan lansia sama perempuan udah pasti kursinya penuh semua",2,0,2.3.0,2025-04-29 07:57:07,,,2.3.0
cd18d375-7411-4d5b-8e5b-256c28fad091,Pengguna Google,https://play-lh.googleusercontent.com/EGemoI2NTXmTsBVtJqk8jxF9rh8ApRWfsIMQSt2uE4OcpQqbFu7f7NbTK05lx80nuSijCz7sc3a277R67g,aplikasi Transjakarta memudahkan saya untuk menemukan bus terkini dan bisa melihat rute-rutenya fiturnya juga gampang digunakan,5,1,2.3.0,2025-04-29 07:35:38,,,2.3.0
d56a0667-844a-4687-abb0-c9a31e07e7ec,Pengguna Google,https://play-lh.googleusercontent.com/EGemoI2NTXmTsBVtJqk8jxF9rh8ApRWfsIMQSt2uE4OcpQqbFu7f7NbTK05lx80nuSijCz7sc3a277R67g,Sering tidak terditeksi,2,0,2.3.0,2025-04-28 16:48:16,,,2.3.0
e536dd01-bd96-471d-b5e3-40edbe05875f,Pengguna Google,https://play-lh.googleusercontent.com/EGemoI2NTXmTsBVtJqk8jxF9rh8ApRWfsIMQSt2uE4OcpQqbFu7f7NbTK05lx80nuSijCz7sc3a277R67g,"aplikasinya bagus....tapi sayang agak ribet kalau untuk bayarnya, belum ada fitur langsung koneksi ke e wallet, mungkin next bisa di tambahin fitur pembayaran via e wallet tanpa harus bayar pake qris lagi",3,3,2.3.0,2025-04-28 02:34:55,,,2.3.0
9ce3dd0d-8cae-4c11-af6b-a12d6ae21bdf,Pengguna Google,https://play-lh.googleusercontent.com/EGemoI2NTXmTsBVtJqk8jxF9rh8ApRWfsIMQSt2uE4OcpQqbFu7f7NbTK05lx80nuSijCz7sc3a277R67g,apk ga akurat,1,0,2.3.0,2025-04-26 18:41:28,,,2.3.0
41d99766-fad2-4132-9e4f-f9d913cc506b,Pengguna Google,https://play-lh.googleusercontent.com/EGemoI2NTXmTsBVtJqk8jxF9rh8ApRWfsIMQSt2uE4OcpQqbFu7f7NbTK05lx80nuSijCz7sc3a277R67g,"dr pihak tije suruh tnya ke wa pada pusat bantuan di app, tp di appnya gada pusat bantuan",1,0,2.3.0,2025-04-26 14:26:48,,,2.3.0
9a00174f-46bd-41f0-ac42-93414e68b0ba,Pengguna Google,https://play-lh.googleusercontent.com/EGemoI2NTXmTsBVtJqk8jxF9rh8ApRWfsIMQSt2uE4OcpQqbFu7f7NbTK05lx80nuSijCz7sc3a277R67g,"mau cerita pengalaman saya, waktu 25 april 2025 saya kehilangan dompet di halte paseban ketika naik bus no.5, saya baru sadar kehilangan dompet ketika saya sudah sampai ke kementerian sosial. ketika saya sadar saya langsung menuju halte paseban untuk memberikan laporan kehilangan, saya awalnya terkejut para petugas terkesan santai. petugas dengan tenang memberitahu apa yang harus saya lakukan, akhirnya dompet saya ketemu tanpa kehilangan sepeserpun uang, saya sangat apresiasi para petugas tj.",5,0,,2025-04-25 20:00:29,,,
f7314670-48ea-4fd3-acbb-aa9f42c760e7,Pengguna Google,https://play-lh.googleusercontent.com/EGemoI2NTXmTsBVtJqk8jxF9rh8ApRWfsIMQSt2uE4OcpQqbFu7f7NbTK05lx80nuSijCz7sc3a277R67g,"aplikasi kacau pelayanan publik tidak memuaskan saya beli kartu Jak Lingko via DKI selama 2 bulan tbtb kemaren sore tap in tidak terdeteksi dan saya nanya ke petugas jawaban nya tidak tau, saya beli kartu 50 isi saldo 15 rb gila kartu 35 rb kembalikan waktu dulu harga kartu 20 dan saldo 30 benar² tidak memuaskan pelayanan publik dari segi sistem harga kartu dll cari karyawan jangan melalui orang dalam susah kalau cari karyawan melalui orang dalan",1,0,2.1.10,2025-04-25 08:27:45,,,2.1.10
343c5211-f778-4fd5-a356-b089af4c27d3,Pengguna Google,https://play-lh.googleusercontent.com/EGemoI2NTXmTsBVtJqk8jxF9rh8ApRWfsIMQSt2uE4OcpQqbFu7f7NbTK05lx80nuSijCz7sc3a277R67g,"please, update trayek sesuai actual...",1,0,2.3.0,2025-04-24 20:47:47,,,2.3.0
2fb2e82f-c31c-4d5d-bab5-75271654c4fe,Pengguna Google,https://play-lh.googleusercontent.com/EGemoI2NTXmTsBVtJqk8jxF9rh8ApRWfsIMQSt2uE4OcpQqbFu7f7NbTK05lx80nuSijCz7sc3a277R67g,Cek informasi kedatangan bus jadi mudah paki aplikasi transjakarta. Pelayanannya rama. Belu tiketnya juga bisa lewat sini jadi tak perlu datang ke terminal,5,0,2.3.0,2025-04-24 18:38:31,,,2.3.0
96242d68-06ed-41a9-976e-84be538b887c,Pengguna Google,https://play-lh.googleusercontent.com/EGemoI2NTXmTsBVtJqk8jxF9rh8ApRWfsIMQSt2uE4OcpQqbFu7f7NbTK05lx80nuSijCz7sc3a277R67g,ngebantu banget buat ngecek rute sama jadwal bus mantap banget pokoknya,5,0,,2025-04-24 08:26:23,,,
88989e4f-3013-4752-a046-d636e54c0016,Pengguna Google,https://play-lh.googleusercontent.com/EGemoI2NTXmTsBVtJqk8jxF9rh8ApRWfsIMQSt2uE4OcpQqbFu7f7NbTK05lx80nuSijCz7sc3a277R67g,"aplikasi transjakarta memudahkan aktivitas saya, dan cara kerja aplikasi ini juga ga ribet dan sangat praktis, pokoknya mantap dah",5,0,2.3.0,2025-04-23 17:25:20,,,2.3.0
aa12950c-1a4b-428f-8647-86b0692dee54,Pengguna Google,https://play-lh.googleusercontent.com/EGemoI2NTXmTsBVtJqk8jxF9rh8ApRWfsIMQSt2uE4OcpQqbFu7f7NbTK05lx80nuSijCz7sc3a277R67g,"aplikasi bagus banget memudahkan untuk ngecek rute dan jadwal bus, toppp",5,0,2.3.0,2025-04-23 17:20:54,,,2.3.0
e30b1ebb-5c88-43b6-a1b6-b14c8aad6533,Pengguna Google,https://play-lh.googleusercontent.com/EGemoI2NTXmTsBVtJqk8jxF9rh8ApRWfsIMQSt2uE4OcpQqbFu7f7NbTK05lx80nuSijCz7sc3a277R67g,Aplikasinya bagus banget buat beli tiket bis daerah jakarta gua pakek ini biasa buat ngantoran dan ini mudah sekali dipakai hanya klik klik dan tunggu bis datang juga da fitur gps yang memudagkan kita mencari halte terdekat,5,3,2.3.0,2025-04-23 17:10:01,,,2.3.0
717aaffa-96bd-4225-9bb0-c0fb27aa73d1,Pengguna Google,https://play-lh.googleusercontent.com/EGemoI2NTXmTsBVtJqk8jxF9rh8ApRWfsIMQSt2uE4OcpQqbFu7f7NbTK05lx80nuSijCz7sc3a277R67g,saya gagal terus.. masuk kelg.transjakarta.co.id,5,0,2.3.0,2025-04-23 12:57:03,,,2.3.0
7600a56f-53f7-43e5-971b-2e56a6613eb8,Pengguna Google,https://play-lh.googleusercontent.com/EGemoI2NTXmTsBVtJqk8jxF9rh8ApRWfsIMQSt2uE4OcpQqbFu7f7NbTK05lx80nuSijCz7sc3a277R67g,"terlalu panjang dan dikit armadanya mentang"" gratisan untuk jak linko 1 jam nungguin",3,0,2.3.0,2025-04-23 09:36:00,,,2.3.0
a3f1d425-cbcf-4db1-9aa2-a88cd8bec5ba,Pengguna Google,https://play-lh.googleusercontent.com/EGemoI2NTXmTsBVtJqk8jxF9rh8ApRWfsIMQSt2uE4OcpQqbFu7f7NbTK05lx80nuSijCz7sc3a277R67g,"sudah bangus banget bisa pantau jaklingko kapan datengg, saran saya tambahin lagi metode pembayarannya",4,0,2.3.0,2025-04-22 18:36:13,,,2.3.0
c5ce97da-565c-47e5-b36c-fe6934d2a6eb,Pengguna Google,https://play-lh.googleusercontent.com/EGemoI2NTXmTsBVtJqk8jxF9rh8ApRWfsIMQSt2uE4OcpQqbFu7f7NbTK05lx80nuSijCz7sc3a277R67g,kenapa busway nya telat nya lama lama bgt sih sumpahh yayng di aplikasi kadang ga sama,1,5,2.3.0,2025-04-21 22:55:23,,,2.3.0
16336a4f-efb8-4069-bb41-af307895304c,Pengguna Google,https://play-lh.googleusercontent.com/EGemoI2NTXmTsBVtJqk8jxF9rh8ApRWfsIMQSt2uE4OcpQqbFu7f7NbTK05lx80nuSijCz7sc3a277R67g,"aplikasi Transjakarta memudahkan saya untuk menemukan bus terkini dan bisa melihat rute rute nya, fiturnya didalem lengkap, fiturnya gampang jadi ga susah pakainya👍🏻👍🏻👍🏻",5,1,2.3.0,2025-04-21 20:49:18,,,2.3.0
ac230693-ee11-41a5-a542-4af70181189e,Pengguna Google,https://play-lh.googleusercontent.com/EGemoI2NTXmTsBVtJqk8jxF9rh8ApRWfsIMQSt2uE4OcpQqbFu7f7NbTK05lx80nuSijCz7sc3a277R67g,"Busway 12B rute Terminal Senen - Pluit gak kelacak di apk ini, bener2 jelek banget, percuma juga dikasihtau berkali2 tetep gaada tindakan.",1,0,2.1.5,2025-04-21 18:19:08,,,2.1.5
3407b06f-44a6-410d-bda9-77a90d8d205b,Pengguna Google,https://play-lh.googleusercontent.com/EGemoI2NTXmTsBVtJqk8jxF9rh8ApRWfsIMQSt2uE4OcpQqbFu7f7NbTK05lx80nuSijCz7sc3a277R67g,gajelas kadang bus ga akurat posisiny,4,0,2.3.0,2025-04-17 05:26:54,,,2.3.0
3d40b28c-d272-412a-9385-50104baf030f,Pengguna Google,https://play-lh.googleusercontent.com/EGemoI2NTXmTsBVtJqk8jxF9rh8ApRWfsIMQSt2uE4OcpQqbFu7f7NbTK05lx80nuSijCz7sc3a277R67g,ok,5,0,2.3.0,2025-04-16 10:56:52,,,2.3.0
b8260651-266f-41d8-bff5-b0aa3a4fa90a,Pengguna Google,https://play-lh.googleusercontent.com/EGemoI2NTXmTsBVtJqk8jxF9rh8ApRWfsIMQSt2uE4OcpQqbFu7f7NbTK05lx80nuSijCz7sc3a277R67g,lama banget nunggu bisnya udah gitu montior kedatangan bis di halte GAK AKURAT,1,0,,2025-04-16 09:12:38,,,
5476b6e1-c815-41c5-ac93-bfb765682db3,Pengguna Google,https://play-lh.googleusercontent.com/EGemoI2NTXmTsBVtJqk8jxF9rh8ApRWfsIMQSt2uE4OcpQqbFu7f7NbTK05lx80nuSijCz7sc3a277R67g,"Aplikasi Transjakarta memungkinkan pengguna untuk mencari rute bus yang tepat dan mengetahui posisi bus secara real-time, sehingga memudahkan perencanaan perjalanan.",5,0,2.3.0,2025-04-16 07:24:38,,,2.3.0
ca1abadf-4e7c-4b0d-8156-0923702953ff,Pengguna Google,https://play-lh.googleusercontent.com/EGemoI2NTXmTsBVtJqk8jxF9rh8ApRWfsIMQSt2uE4OcpQqbFu7f7NbTK05lx80nuSijCz7sc3a277R67g,kalo ada dibawah bintang satu gue kasih dah.,1,0,2.3.0,2025-04-15 17:44:56,,,2.3.0
cc25c5c6-af36-4346-93e8-3ab8ee735a64,Pengguna Google,https://play-lh.googleusercontent.com/EGemoI2NTXmTsBVtJqk8jxF9rh8ApRWfsIMQSt2uE4OcpQqbFu7f7NbTK05lx80nuSijCz7sc3a277R67g,"aplikasi kacau, masa iya udah pesen tiket mau naik busway.. buswaynya ga support sih sistemnya...",1,0,,2025-04-15 17:23:04,,,
f87491ff-0ab4-4592-a0e3-37358ee85faf,Pengguna Google,https://play-lh.googleusercontent.com/EGemoI2NTXmTsBVtJqk8jxF9rh8ApRWfsIMQSt2uE4OcpQqbFu7f7NbTK05lx80nuSijCz7sc3a277R67g,"aplikasi bagus , namun saya coba beli tiket disini 3 kali , yg 1 In aman out gak bisa , Ke-2 & 3 gak bisa scan IN lama banget dan akhirnya difotoin petugas tp jadi lama nungguin kelar Antrian In/Out yg pakai KMT / eMoney ,,, huftttt pantesan kok gak ada di Gopay2 walau dah lama gak kayak KRL Krn system ya belom support",3,3,2.3.0,2025-04-15 08:01:43,,,2.3.0
da229d1b-b870-4b5c-a87c-aaca84ce8d64,Pengguna Google,https://play-lh.googleusercontent.com/EGemoI2NTXmTsBVtJqk8jxF9rh8ApRWfsIMQSt2uE4OcpQqbFu7f7NbTK05lx80nuSijCz7sc3a277R67g,"kecewa dengan pelayanannya. saya seorang disabilitas yang sedikit susah berjalan maupun lari, padahal saya sudah paksa lari meskipun terasa nyeri dibagian kaki. tapi saya ditinggalkan begitu saja, padahal sudah dekat dengan busnya. saya sudah lambaikan tangan juga tidak dihiraukan. tolong untuk dipertimbangkan lagi, untuk pelayanannya.",1,0,2.3.0,2025-04-15 07:47:53,,,2.3.0
ceffefb6-8be8-4897-8fcf-fbf8e2df4dd3,Pengguna Google,https://play-lh.googleusercontent.com/EGemoI2NTXmTsBVtJqk8jxF9rh8ApRWfsIMQSt2uE4OcpQqbFu7f7NbTK05lx80nuSijCz7sc3a277R67g,"Aplikasinya udah oke banget, bantu banget buat ngecek rute dan jadwal bus. Tapi, barcode scanner di beberapa halte kadang susah kebaca, semoga bisa diperbaiki ya. 👍",5,8,2.3.0,2025-04-13 19:29:42,,,2.3.0
1d7b1418-5535-4815-a861-085d9a09d588,Pengguna Google,https://play-lh.googleusercontent.com/EGemoI2NTXmTsBVtJqk8jxF9rh8ApRWfsIMQSt2uE4OcpQqbFu7f7NbTK05lx80nuSijCz7sc3a277R67g,"aplikasi yang sangat membantu, terlebih ketika ingin naik tjk, bisa melihat halte terdekat dari lokasi saya",5,0,2.3.0,2025-04-13 09:40:07,,,2.3.0
0cc6702f-c180-4ae9-948b-9f59395a5580,Pengguna Google,https://play-lh.googleusercontent.com/EGemoI2NTXmTsBVtJqk8jxF9rh8ApRWfsIMQSt2uE4OcpQqbFu7f7NbTK05lx80nuSijCz7sc3a277R67g,"saya sudah membeli tiket lewat aplikasi ini, ternyata tidak bisa digunakan jika naik lewat halte pengumpan.",2,0,2.3.0,2025-04-12 08:56:33,,,2.3.0
dbc92a3b-3001-4846-8562-9a848f5211bc,Pengguna Google,https://play-lh.googleusercontent.com/EGemoI2NTXmTsBVtJqk8jxF9rh8ApRWfsIMQSt2uE4OcpQqbFu7f7NbTK05lx80nuSijCz7sc3a277R67g,mau daftar internal server erorr terus,1,0,2.1.10,2025-04-11 18:20:22,,,2.1.10
3ef6202a-cf78-47b3-aec2-57b9b9b7d126,Pengguna Google,https://play-lh.googleusercontent.com/EGemoI2NTXmTsBVtJqk8jxF9rh8ApRWfsIMQSt2uE4OcpQqbFu7f7NbTK05lx80nuSijCz7sc3a277R67g,kurang akurat,1,0,2.3.0,2025-04-11 15:47:48,,,2.3.0
944f389c-a03a-4114-9ab5-304307c7e555,Pengguna Google,https://play-lh.googleusercontent.com/EGemoI2NTXmTsBVtJqk8jxF9rh8ApRWfsIMQSt2uE4OcpQqbFu7f7NbTK05lx80nuSijCz7sc3a277R67g,sangat membantu bangat apl ini tinggal tempel langsung masuk yg penting saldonya ada trims,5,0,2.1.10,2025-04-11 11:09:30,,,2.1.10
076eb953-d753-4a8e-a3ff-9c38ba17445a,Pengguna Google,https://play-lh.googleusercontent.com/EGemoI2NTXmTsBVtJqk8jxF9rh8ApRWfsIMQSt2uE4OcpQqbFu7f7NbTK05lx80nuSijCz7sc3a277R67g,"yang mau bayar pake Gopay atau Ovo pake aja aplikasi Jaklingko ada sumber bayarnya nanti Gopay atau Ovo, selamat mencoba semoga berhasil. amin",1,0,2.3.0,2025-04-10 07:41:14,,,2.3.0
7bab3883-a159-47d3-9b8e-05ce89e7ac45,Pengguna Google,https://play-lh.googleusercontent.com/EGemoI2NTXmTsBVtJqk8jxF9rh8ApRWfsIMQSt2uE4OcpQqbFu7f7NbTK05lx80nuSijCz7sc3a277R67g,"ga jelas, nunggu info dari 8 menit ke 1 menit. tapi ga nongol"". uninstall aja lah",1,0,2.3.0,2025-04-07 22:24:38,,,2.3.0
8ba10663-5a8b-4942-a282-e7a514dc3d2c,Pengguna Google,https://play-lh.googleusercontent.com/EGemoI2NTXmTsBVtJqk8jxF9rh8ApRWfsIMQSt2uE4OcpQqbFu7f7NbTK05lx80nuSijCz7sc3a277R67g,"dr instal udh seminggu sampe skrng mau daftar server eror mulu, uninstal lg",1,2,2.3.0,2025-04-07 18:14:20,,,2.3.0
68635c3e-5398-4cd5-883b-be7132a3f3e4,Pengguna Google,https://play-lh.googleusercontent.com/EGemoI2NTXmTsBVtJqk8jxF9rh8ApRWfsIMQSt2uE4OcpQqbFu7f7NbTK05lx80nuSijCz7sc3a277R67g,baik,5,0,2.3.0,2025-04-05 19:41:43,,,2.3.0
dd4b5d8e-6c00-400d-b329-009f083c1c3d,Pengguna Google,https://play-lh.googleusercontent.com/EGemoI2NTXmTsBVtJqk8jxF9rh8ApRWfsIMQSt2uE4OcpQqbFu7f7NbTK05lx80nuSijCz7sc3a277R67g,"Parah ni!!!! udh verifikasi KTP dan foto masih ga bisa terhubung ke astrapay, bosok!!!",1,2,2.3.0,2025-04-05 10:05:55,,,2.3.0
b6556120-e9d8-4ab4-93f9-894267b35750,Pengguna Google,https://play-lh.googleusercontent.com/EGemoI2NTXmTsBVtJqk8jxF9rh8ApRWfsIMQSt2uE4OcpQqbFu7f7NbTK05lx80nuSijCz7sc3a277R67g,Sangat memudahkan perjalanan saya.. fitur lengkap dan informatif ttg update halte dan rute nya👍,5,0,2.3.0,2025-04-04 22:50:51,,,2.3.0
72731648-a737-4a25-bc87-afaef0b3ff2a,Pengguna Google,https://play-lh.googleusercontent.com/EGemoI2NTXmTsBVtJqk8jxF9rh8ApRWfsIMQSt2uE4OcpQqbFu7f7NbTK05lx80nuSijCz7sc3a277R67g,ok,5,0,,2025-04-04 22:28:28,,,
40fc7dab-e85a-4883-88c7-b8ec65c5fbe0,Pengguna Google,https://play-lh.googleusercontent.com/EGemoI2NTXmTsBVtJqk8jxF9rh8ApRWfsIMQSt2uE4OcpQqbFu7f7NbTK05lx80nuSijCz7sc3a277R67g,"aplikasi gak jelas, estimasi waktunya ngaco",1,0,,2025-04-04 07:17:49,,,
f3048c02-3709-4854-b5b0-97607e85fd58,Pengguna Google,https://play-lh.googleusercontent.com/EGemoI2NTXmTsBVtJqk8jxF9rh8ApRWfsIMQSt2uE4OcpQqbFu7f7NbTK05lx80nuSijCz7sc3a277R67g,gps transjakarta nomor 9E tidak terdeteksi di apps ini,4,0,2.3.0,2025-04-03 21:41:39,,,2.3.0
46c7e1ed-2d26-46af-b7cb-03f9cde2edb3,Pengguna Google,https://play-lh.googleusercontent.com/EGemoI2NTXmTsBVtJqk8jxF9rh8ApRWfsIMQSt2uE4OcpQqbFu7f7NbTK05lx80nuSijCz7sc3a277R67g,"BURUK!!! DATA GAK SESUAI DENGAN YANG ADA DILAPANGAN, SELALU TELAT. PELAYANAN PETUGAS JUGA BANYAK YANG TIDAK PAHAM",1,0,2.3.0,2025-04-03 04:57:53,,,2.3.0
7ae00316-71bf-4b6f-bd7b-65cd93a090ed,Pengguna Google,https://play-lh.googleusercontent.com/EGemoI2NTXmTsBVtJqk8jxF9rh8ApRWfsIMQSt2uE4OcpQqbFu7f7NbTK05lx80nuSijCz7sc3a277R67g,"sangat bermanfaat kalo lagi naik tj, apalagi buat saya yg rantau masih buta jalan jkt",5,0,2.3.0,2025-03-31 21:44:07,,,2.3.0
c2341724-6576-454f-9989-dd6cd782a335,Pengguna Google,https://play-lh.googleusercontent.com/EGemoI2NTXmTsBVtJqk8jxF9rh8ApRWfsIMQSt2uE4OcpQqbFu7f7NbTK05lx80nuSijCz7sc3a277R67g,open tripnya abis mulu tiketnya..,1,0,2.3.0,2025-03-31 13:52:21,,,2.3.0
78838d54-d4fd-42ce-9a01-71544a3a4f39,Pengguna Google,https://play-lh.googleusercontent.com/EGemoI2NTXmTsBVtJqk8jxF9rh8ApRWfsIMQSt2uE4OcpQqbFu7f7NbTK05lx80nuSijCz7sc3a277R67g,update untuk informasi bus terkini masih sangat kurang dan tidak akurat.,1,0,,2025-03-30 19:44:45,,,
51e2fcbd-3165-4722-8a65-b89a201b9241,Pengguna Google,https://play-lh.googleusercontent.com/EGemoI2NTXmTsBVtJqk8jxF9rh8ApRWfsIMQSt2uE4OcpQqbFu7f7NbTK05lx80nuSijCz7sc3a277R67g,kasih bintang 1 karena buruk pelayanan kartu nya selalu offline bank DKI lebih baik putus mitra dari bank DKI ngga ada guna selalu nyusahin,1,0,2.3.0,2025-03-30 06:25:13,,,2.3.0
5f7110e0-8fdf-499a-905b-e39c00a66792,Pengguna Google,https://play-lh.googleusercontent.com/EGemoI2NTXmTsBVtJqk8jxF9rh8ApRWfsIMQSt2uE4OcpQqbFu7f7NbTK05lx80nuSijCz7sc3a277R67g,"sulit sekali membeli tiket open top tour jakarta. semua tanggal dan jadwal penuh. info yang sudah membeli harus nge war pas jam 12 malam. apa iya? ada baiknya tampilan pemesanan tiket diperbaiki. pada tanggal dan jadwal yg penuh agar terlihat perbedaan warna, sehingga memudahkan masyarakat mengetahui tanggal mana yg tersedia, dan yang mana yg sudah penuh. seperti pemilihan tanggal penukaran uang di aplikasi di Bank Indonesia. sehingga tdk repot bolak balik cek perjadwal & pertanggal setiap hari",3,0,2.3.0,2025-03-30 05:48:15,,,2.3.0
bd6f9aa4-6c27-4ec4-b54b-065c78f38749,Pengguna Google,https://play-lh.googleusercontent.com/EGemoI2NTXmTsBVtJqk8jxF9rh8ApRWfsIMQSt2uE4OcpQqbFu7f7NbTK05lx80nuSijCz7sc3a277R67g,Layanan open top tour sangat buruk tidak jelas naik dari mana tidak di lalui trans j reguler naiknya depan bank panin,1,0,2.3.0,2025-03-29 19:45:16,,,2.3.0
01887280-1883-4156-9fae-9ecd6bce3939,Pengguna Google,https://play-lh.googleusercontent.com/EGemoI2NTXmTsBVtJqk8jxF9rh8ApRWfsIMQSt2uE4OcpQqbFu7f7NbTK05lx80nuSijCz7sc3a277R67g,good. must be better from before!,5,0,2.3.0,2025-03-27 22:14:28,,,2.3.0
3bfc1282-bbbf-4a1a-b2f6-6cc6aa5d4387,Pengguna Google,https://play-lh.googleusercontent.com/EGemoI2NTXmTsBVtJqk8jxF9rh8ApRWfsIMQSt2uE4OcpQqbFu7f7NbTK05lx80nuSijCz7sc3a277R67g,aplikasi model apa ini. percuma di download sampe di isi saldo kalo ga bisa digunakan.. sampah,1,0,2.3.0,2025-03-27 15:58:37,,,2.3.0
ee38e8ab-eb95-427a-96f4-14adb7833115,Pengguna Google,https://play-lh.googleusercontent.com/EGemoI2NTXmTsBVtJqk8jxF9rh8ApRWfsIMQSt2uE4OcpQqbFu7f7NbTK05lx80nuSijCz7sc3a277R67g,Sangat membantu untuk warga Jakarta,4,0,2.1.10,2025-03-26 16:18:05,,,2.1.10
7f8e1a2a-45df-4b68-9120-a397eef5e89f,Pengguna Google,https://play-lh.googleusercontent.com/EGemoI2NTXmTsBVtJqk8jxF9rh8ApRWfsIMQSt2uE4OcpQqbFu7f7NbTK05lx80nuSijCz7sc3a277R67g,sumber dana harus buka lagi,1,0,2.3.0,2025-03-26 07:20:37,,,2.3.0
5367c23f-20c4-49ce-9cb4-9611e5f40f2f,Pengguna Google,https://play-lh.googleusercontent.com/EGemoI2NTXmTsBVtJqk8jxF9rh8ApRWfsIMQSt2uE4OcpQqbFu7f7NbTK05lx80nuSijCz7sc3a277R67g,"selama ini kemana² selalu make tj, tapi sekarang kecewa banget, banyak banget mesin isi saldo yang rusak dan setiap ngisi pake qris uangnya ga pernah balik, padahal katanya bakal dibalikin",2,0,,2025-03-25 12:17:49,,,
82ecbece-8936-4744-ab19-4eb46a67d3db,Pengguna Google,https://play-lh.googleusercontent.com/EGemoI2NTXmTsBVtJqk8jxF9rh8ApRWfsIMQSt2uE4OcpQqbFu7f7NbTK05lx80nuSijCz7sc3a277R67g,ok bagus sekali,5,0,2.3.0,2025-03-24 17:04:35,,,2.3.0
a9b8d05c-f676-453c-b361-c5ab7861d4f4,Pengguna Google,https://play-lh.googleusercontent.com/EGemoI2NTXmTsBVtJqk8jxF9rh8ApRWfsIMQSt2uE4OcpQqbFu7f7NbTK05lx80nuSijCz7sc3a277R67g,"aplikasinya bagus, tapi saya kasih bintang satu karena di aplikasinya kalau ngelacak bis suka gak tepat",1,0,2.3.0,2025-03-23 17:52:01,,,2.3.0
482cce55-2527-423c-952d-58b41753d2c7,Pengguna Google,https://play-lh.googleusercontent.com/EGemoI2NTXmTsBVtJqk8jxF9rh8ApRWfsIMQSt2uE4OcpQqbFu7f7NbTK05lx80nuSijCz7sc3a277R67g,bus listrik Transjakarta bau..jujur aja..bau daging b2..omset ratusan juta beli pengharum susah bgt..,1,0,2.3.0,2025-03-22 06:56:49,,,2.3.0
27e24614-b58d-42ad-964e-b407727d1eaa,Pengguna Google,https://play-lh.googleusercontent.com/EGemoI2NTXmTsBVtJqk8jxF9rh8ApRWfsIMQSt2uE4OcpQqbFu7f7NbTK05lx80nuSijCz7sc3a277R67g,"membantu banget, pelayanan always ramah, cuma mungkin kurang diperbaikan dan perkembangan aplikasi aja, rutenya masih salah saat harus berhenti dihalte yg termudah dan tercepat untuk transit..overall terimakasih banyaak tim transjakartaa, aku selalu support transjakarta🥺🥰",5,0,,2025-03-21 10:55:22,,,
abecdfbf-3a2a-4aff-819d-7b2e19bd5758,Pengguna Google,https://play-lh.googleusercontent.com/EGemoI2NTXmTsBVtJqk8jxF9rh8ApRWfsIMQSt2uE4OcpQqbFu7f7NbTK05lx80nuSijCz7sc3a277R67g,"untuk transportasi Transjakarta sdh cukup baik , tetapi apakah msh kurangnya armada sehingga penumpang sampai desak desakan .",5,0,2.3.0,2025-03-19 15:25:05,,,2.3.0
583eb059-ccd2-434a-8b31-c42fd5d415ff,Pengguna Google,https://play-lh.googleusercontent.com/EGemoI2NTXmTsBVtJqk8jxF9rh8ApRWfsIMQSt2uE4OcpQqbFu7f7NbTK05lx80nuSijCz7sc3a277R67g,aku ngebuka apk ini min trs untuk Jak 120 menunggu data bus trs kenapa ya gitu tp di lain nya cepat mohon bantuan nya min 🙏,1,0,2.3.0,2025-03-16 07:44:11,,,2.3.0
36298d4e-0835-46cc-8eae-be304c1e6042,Pengguna Google,https://play-lh.googleusercontent.com/EGemoI2NTXmTsBVtJqk8jxF9rh8ApRWfsIMQSt2uE4OcpQqbFu7f7NbTK05lx80nuSijCz7sc3a277R67g,Hari sabtu tgl 15 maret jurusan kota ke blok m sangat lama lama lama. Ini supir2 nya pada tidur apa gmn? Tolong penjelasannya. Jangan mentang2 hari libur.,1,0,2.3.0,2025-03-15 14:07:30,,,2.3.0
c37b5ddb-b372-41b8-be0e-9d0f01599eab,Pengguna Google,https://play-lh.googleusercontent.com/EGemoI2NTXmTsBVtJqk8jxF9rh8ApRWfsIMQSt2uE4OcpQqbFu7f7NbTK05lx80nuSijCz7sc3a277R67g,"aplikasi sangat bagus, memudahkan penggunanya, tidak ribet, sangat membantu untuk berpergian",5,0,2.3.0,2025-03-14 07:21:12,,,2.3.0
e0dd5fad-e30e-4a9d-acfa-dfa22834d795,Pengguna Google,https://play-lh.googleusercontent.com/EGemoI2NTXmTsBVtJqk8jxF9rh8ApRWfsIMQSt2uE4OcpQqbFu7f7NbTK05lx80nuSijCz7sc3a277R67g,"fitur yang tersedia lengkap, mudah digunakan dan sangat membatu, pokoknya mntap ni aplikasi. rekomended",5,0,2.3.0,2025-03-14 04:46:31,,,2.3.0
92462a74-5cc6-4a2e-ac92-e93147dbcd05,Pengguna Google,https://play-lh.googleusercontent.com/EGemoI2NTXmTsBVtJqk8jxF9rh8ApRWfsIMQSt2uE4OcpQqbFu7f7NbTK05lx80nuSijCz7sc3a277R67g,"Alhamdulillah ada transportasi yang nyaman, murah bagi masyarakat. Terima kasih. Jazakumullah Khoir.🙏🏻👍🏻❤️",5,0,2.1.10,2025-03-13 22:54:17,,,2.1.10
95efaa4f-22c2-4ac8-8dd9-27e7a4243716,Pengguna Google,https://play-lh.googleusercontent.com/EGemoI2NTXmTsBVtJqk8jxF9rh8ApRWfsIMQSt2uE4OcpQqbFu7f7NbTK05lx80nuSijCz7sc3a277R67g,"aplikasi yang terintegrasi dengan jak dan trans jakarta, sangat akurat dengan location dan penunjuk arahnya, terima kasih banyakk atas program yang sangat berguna inii🥹💜💜💜💜",5,5,2.3.0,2025-03-13 17:15:28,,,2.3.0
44b1238b-5d17-46e2-b14f-d3da2bf36afc,Pengguna Google,https://play-lh.googleusercontent.com/EGemoI2NTXmTsBVtJqk8jxF9rh8ApRWfsIMQSt2uE4OcpQqbFu7f7NbTK05lx80nuSijCz7sc3a277R67g,"GPSnya gak akurat, kadang malah gak terdeteksi samasekali, cuma menunggu data doang, terdeteksipun kadang salah2, dibilang 1 menit akan lewat, ternyata udh lewat, dibilang masih 25mnt lagi ternyata langsung ada. Udah beberapa kali tertipu pake aplikasi ini, prnh mau ujan karna bus dibilang masi 25mnt lg jd jalan ke halte brikutnya, eh lewat dong mobilnya😭😭",1,8,2.3.0,2025-03-13 07:12:40,,,2.3.0
818cc1d1-6028-4976-beef-6ab9af34c8c7,Pengguna Google,https://play-lh.googleusercontent.com/EGemoI2NTXmTsBVtJqk8jxF9rh8ApRWfsIMQSt2uE4OcpQqbFu7f7NbTK05lx80nuSijCz7sc3a277R67g,Sangat membantu utk menggunakan transportasi Busway dalam melakukan perjalanan ..👍,5,0,2.3.0,2025-03-13 04:22:52,,,2.3.0
c33ede3c-c48e-4e25-a22d-d2bd17ce7dea,Pengguna Google,https://play-lh.googleusercontent.com/EGemoI2NTXmTsBVtJqk8jxF9rh8ApRWfsIMQSt2uE4OcpQqbFu7f7NbTK05lx80nuSijCz7sc3a277R67g,"Aplikasinya mudah dan simple tapi fiturnya lengkap,, rutenyapun akurat 👍",5,0,2.3.0,2025-03-12 22:39:09,,,2.3.0
bccdf8ab-3385-49f3-b145-7eabcb3a9883,Pengguna Google,https://play-lh.googleusercontent.com/EGemoI2NTXmTsBVtJqk8jxF9rh8ApRWfsIMQSt2uE4OcpQqbFu7f7NbTK05lx80nuSijCz7sc3a277R67g,"praktis bgt pake aplikasi ini, lebih satses pokoknya!",5,0,2.3.0,2025-03-12 21:13:58,,,2.3.0
7f09f405-7914-42bb-8841-99224a4dd748,Pengguna Google,https://play-lh.googleusercontent.com/EGemoI2NTXmTsBVtJqk8jxF9rh8ApRWfsIMQSt2uE4OcpQqbFu7f7NbTK05lx80nuSijCz7sc3a277R67g,Bagus nih setelah diupdate,5,0,,2025-03-12 20:45:30,,,
c0c517a4-0c77-4138-b7e5-3e63121fadcc,Pengguna Google,https://play-lh.googleusercontent.com/EGemoI2NTXmTsBVtJqk8jxF9rh8ApRWfsIMQSt2uE4OcpQqbFu7f7NbTK05lx80nuSijCz7sc3a277R67g,"Layanan cukup nyaman,",4,0,2.1.10,2025-03-12 12:29:40,,,2.1.10
784532f7-5402-4365-bae0-f04d53e40eab,Pengguna Google,https://play-lh.googleusercontent.com/EGemoI2NTXmTsBVtJqk8jxF9rh8ApRWfsIMQSt2uE4OcpQqbFu7f7NbTK05lx80nuSijCz7sc3a277R67g,Membantu dalam menggunakan Transjak..efektif dan efisien,5,0,2.1.10,2025-03-11 11:53:13,,,2.1.10
1aa985a1-7a02-46a1-80f0-4e8ee2402075,Pengguna Google,https://play-lh.googleusercontent.com/EGemoI2NTXmTsBVtJqk8jxF9rh8ApRWfsIMQSt2uE4OcpQqbFu7f7NbTK05lx80nuSijCz7sc3a277R67g,Bagus si aplikasi cuma jeleknya setiap saat harus update klo kita buru2 berangkat bikin kendala aja belum lagi klo memory hp kita penuh,1,0,2.3.0,2025-03-11 10:32:29,,,2.3.0
4844a235-ea78-4882-85ac-bbab84f3a7b4,Pengguna Google,https://play-lh.googleusercontent.com/EGemoI2NTXmTsBVtJqk8jxF9rh8ApRWfsIMQSt2uE4OcpQqbFu7f7NbTK05lx80nuSijCz7sc3a277R67g,Lemot,5,0,2.1.10,2025-03-10 21:40:21,,,2.1.10
f9fe6130-833b-43a9-9b9c-665ea932a8be,Pengguna Google,https://play-lh.googleusercontent.com/EGemoI2NTXmTsBVtJqk8jxF9rh8ApRWfsIMQSt2uE4OcpQqbFu7f7NbTK05lx80nuSijCz7sc3a277R67g,"Kenapa sudah seminggu tidak bisa diakses ya loding utk data busnya lama , ini saya ajja atau semuanya ya",4,0,2.3.0,2025-03-10 10:08:28,,,2.3.0
60b789b4-6622-4c5c-beb2-0d585cebef90,Pengguna Google,https://play-lh.googleusercontent.com/EGemoI2NTXmTsBVtJqk8jxF9rh8ApRWfsIMQSt2uE4OcpQqbFu7f7NbTK05lx80nuSijCz7sc3a277R67g,Top up ke bank lain adminnya lebih mahal dari harga tiket.. Dan metode pembayaran Bank BRI tidak tersedia..,3,0,2.3.0,2025-03-09 22:42:31,,,2.3.0
d6dd6aae-332c-4961-afc8-298b9a1a9f51,Pengguna Google,https://play-lh.googleusercontent.com/EGemoI2NTXmTsBVtJqk8jxF9rh8ApRWfsIMQSt2uE4OcpQqbFu7f7NbTK05lx80nuSijCz7sc3a277R67g,Mo liat jadwal kedatangan bus muter doangan entah apa fungsi nih aplikasi,1,0,2.3.0,2025-03-09 12:20:19,,,2.3.0
86321f94-c99d-4282-ba11-daeb39cb01cb,Pengguna Google,https://play-lh.googleusercontent.com/EGemoI2NTXmTsBVtJqk8jxF9rh8ApRWfsIMQSt2uE4OcpQqbFu7f7NbTK05lx80nuSijCz7sc3a277R67g,"Nunggu T12 30Menit lebih Di Halte Tomang Raya 2 Tujuan Juanda-Poris Pada Jam 06:19 Operator Bus Melaju dan tidak berhenti Di Halte yg di tentukan,Udh di Aplikasi gk keliatan Armada yg aktifnya.... MAKIN KEREN AJA TJ....",1,0,2.3.0,2025-03-09 06:37:40,,,2.3.0
9916a697-387a-4098-883b-9e15e5b8f247,Pengguna Google,https://play-lh.googleusercontent.com/EGemoI2NTXmTsBVtJqk8jxF9rh8ApRWfsIMQSt2uE4OcpQqbFu7f7NbTK05lx80nuSijCz7sc3a277R67g,"Maaf, min. Saya kasih bintang 3 dulu karena saat mau ngetrack koridor TJ malah ada tulisan ""Internal server error"". Semoga cepat diperbaiki, terimakasih 🙌🏻",3,0,2.3.0,2025-03-08 12:43:21,,,2.3.0
619dbde2-be93-4d6a-b039-41f4b1b890f7,Pengguna Google,https://play-lh.googleusercontent.com/EGemoI2NTXmTsBVtJqk8jxF9rh8ApRWfsIMQSt2uE4OcpQqbFu7f7NbTK05lx80nuSijCz7sc3a277R67g,Ok,5,0,2.1.10,2025-03-08 05:12:24,,,2.1.10
6ae026ae-3b76-43ff-8e88-591aecf936c9,Pengguna Google,https://play-lh.googleusercontent.com/EGemoI2NTXmTsBVtJqk8jxF9rh8ApRWfsIMQSt2uE4OcpQqbFu7f7NbTK05lx80nuSijCz7sc3a277R67g,Sejak update Ngambil bonus point nya ga bisa,1,0,2.3.0,2025-03-08 01:08:03,,,2.3.0
e8032f9f-284e-467c-a93f-fffdef6db562,Pengguna Google,https://play-lh.googleusercontent.com/EGemoI2NTXmTsBVtJqk8jxF9rh8ApRWfsIMQSt2uE4OcpQqbFu7f7NbTK05lx80nuSijCz7sc3a277R67g,Di update malah eror terus,1,0,2.3.0,2025-03-07 18:04:11,,,2.3.0
8a02d2a2-21ae-48f6-a7f5-325e214d5e7d,Pengguna Google,https://play-lh.googleusercontent.com/EGemoI2NTXmTsBVtJqk8jxF9rh8ApRWfsIMQSt2uE4OcpQqbFu7f7NbTK05lx80nuSijCz7sc3a277R67g,perbarui mulu tpi ga keliatan berubahnya apa. giliran di update malah internal server error.,3,1,2.3.0,2025-03-07 17:51:52,,,2.3.0
eca2298d-6739-4e71-a81a-e6426e9c13b7,Pengguna Google,https://play-lh.googleusercontent.com/EGemoI2NTXmTsBVtJqk8jxF9rh8ApRWfsIMQSt2uE4OcpQqbFu7f7NbTK05lx80nuSijCz7sc3a277R67g,👍🏻👍🏻✌🏻,5,0,2.1.10,2025-03-07 16:20:55,,,2.1.10
d7411fd4-32eb-4483-b0b6-0c629f4917da,Pengguna Google,https://play-lh.googleusercontent.com/EGemoI2NTXmTsBVtJqk8jxF9rh8ApRWfsIMQSt2uE4OcpQqbFu7f7NbTK05lx80nuSijCz7sc3a277R67g,"Di upgrade / yg terbaru malah kacau bis banyak yg g terdeteksi keberadaanya, alhasil nunggu 1 jam,an utk rute duren tiga ke stasiun kalibata",1,0,2.3.0,2025-03-07 15:37:14,,,2.3.0
b4b8ce10-90d9-4064-9536-a0477a9cc28c,Pengguna Google,https://play-lh.googleusercontent.com/EGemoI2NTXmTsBVtJqk8jxF9rh8ApRWfsIMQSt2uE4OcpQqbFu7f7NbTK05lx80nuSijCz7sc3a277R67g,Mantap Jiwa Kak Aplikasi Ini Bermanfaat Banget Buat Tracking Bus,5,0,2.1.10,2025-03-07 15:02:37,,,2.1.10
02e6d9dc-60fe-43ae-9eda-9c54292671c8,Pengguna Google,https://play-lh.googleusercontent.com/EGemoI2NTXmTsBVtJqk8jxF9rh8ApRWfsIMQSt2uE4OcpQqbFu7f7NbTK05lx80nuSijCz7sc3a277R67g,"Aplikasinya bagus....membatu,bisa ngasih tau posisi bus nya jadi nggk repot",5,0,2.3.0,2025-03-07 12:10:27,,,2.3.0
084f0dfd-54e0-4885-be7d-9116a9a4c0f1,Pengguna Google,https://play-lh.googleusercontent.com/EGemoI2NTXmTsBVtJqk8jxF9rh8ApRWfsIMQSt2uE4OcpQqbFu7f7NbTK05lx80nuSijCz7sc3a277R67g,"Aplikasi yg jadi apa mudah dan gak ribet, fiturnya d dalem lengkap, kita juga makainya tidak susah. Lebih mudah pakai aplikasi si menurutku.",5,9,2.3.0,2025-03-07 10:21:43,,,2.3.0
c8c04713-55aa-4f41-b8dd-4fcb864c0aaa,Pengguna Google,https://play-lh.googleusercontent.com/EGemoI2NTXmTsBVtJqk8jxF9rh8ApRWfsIMQSt2uE4OcpQqbFu7f7NbTK05lx80nuSijCz7sc3a277R67g,masih banyak jak linhko tdk terpasang gpsnya jadi tdk akurat,2,0,,2025-03-07 06:21:39,,,
691a61cf-c077-401e-a63c-abd40c69c1c0,Pengguna Google,https://play-lh.googleusercontent.com/EGemoI2NTXmTsBVtJqk8jxF9rh8ApRWfsIMQSt2uE4OcpQqbFu7f7NbTK05lx80nuSijCz7sc3a277R67g,"Aplikasi Transjakarta ini bener"" sangat membantu dan begitu mudah di gunakan,pengarahan rutenya juga jelas Pokok ini mah sangat bagus dan juga mudah di gunakannya",5,0,2.1.10,2025-03-06 20:49:06,,,2.1.10
96c7d02f-79e3-4bc2-b4ce-b00fb56dc4c9,Pengguna Google,https://play-lh.googleusercontent.com/EGemoI2NTXmTsBVtJqk8jxF9rh8ApRWfsIMQSt2uE4OcpQqbFu7f7NbTK05lx80nuSijCz7sc3a277R67g,Adain pembayaran qris dong,1,0,2.1.10,2025-03-06 16:26:46,,,2.1.10
8c897c3c-508b-4f4d-95ef-ab36428d432e,Pengguna Google,https://play-lh.googleusercontent.com/EGemoI2NTXmTsBVtJqk8jxF9rh8ApRWfsIMQSt2uE4OcpQqbFu7f7NbTK05lx80nuSijCz7sc3a277R67g,Aplikasi ini sangat memudahkan sekali untuk perjalanan saya dengan tampilan simpel dan fitur tracking sangat akurat membuat perjalanan lebih efisien dan nyaman,5,0,2.1.10,2025-03-06 15:44:44,,,2.1.10
ac947679-9b75-4688-b453-cedc18200993,Pengguna Google,https://play-lh.googleusercontent.com/EGemoI2NTXmTsBVtJqk8jxF9rh8ApRWfsIMQSt2uE4OcpQqbFu7f7NbTK05lx80nuSijCz7sc3a277R67g,"Memudahkan banget pakai aplikasi Transjakarta, bisa tau rute-rute yang mau ditujuan, serta informasi halte juga. Mantap ini 👍🏻",5,0,,2025-03-06 15:14:13,,,
d8a0cf32-1075-4f03-bc50-7e2d49891f86,Pengguna Google,https://play-lh.googleusercontent.com/EGemoI2NTXmTsBVtJqk8jxF9rh8ApRWfsIMQSt2uE4OcpQqbFu7f7NbTK05lx80nuSijCz7sc3a277R67g,"Aplikasi Transjakarta ini sangat membantu sekali, nyari bus jadi ga ribet harus nyari halte dulu, aplikasi ini sangat lengkap dan detail dalam memberi tau rute perjalanannya, saya jadi lebih mudah dalam mengetahui rutenya.",5,0,2.1.10,2025-03-06 14:29:59,,,2.1.10
5af64de7-52c1-408f-8d3d-5b4c4cfb93e7,Pengguna Google,https://play-lh.googleusercontent.com/EGemoI2NTXmTsBVtJqk8jxF9rh8ApRWfsIMQSt2uE4OcpQqbFu7f7NbTK05lx80nuSijCz7sc3a277R67g,"Aplikasi ini bagus banget, fitur-fiturnya juga gampang digunakan. Membantu dalam memilih tracking rute bus dan pembayaran...",5,0,2.1.10,2025-03-06 14:18:21,,,2.1.10
fbdc2d8f-3546-4e24-a0f5-36b1913739f0,Pengguna Google,https://play-lh.googleusercontent.com/EGemoI2NTXmTsBVtJqk8jxF9rh8ApRWfsIMQSt2uE4OcpQqbFu7f7NbTK05lx80nuSijCz7sc3a277R67g,"Satu masalah yg saya temui yaitu ukuran huruf (font) TERLALU KECIIIIIL. Menyulitkan orang tua yang harus baca di jalanan, apalagi yg lupa bawa kacamata. Ukuran huruf Aplikasi moter lebih pas.",1,0,2.1.10,2025-03-06 10:24:30,,,2.1.10
ce359e45-4456-4b5c-8f32-f562f2158ed2,Pengguna Google,https://play-lh.googleusercontent.com/EGemoI2NTXmTsBVtJqk8jxF9rh8ApRWfsIMQSt2uE4OcpQqbFu7f7NbTK05lx80nuSijCz7sc3a277R67g,"Sangat efektif efisien dan praktis sekali, aplikasi Transjakarta jdi membuat perjalanan saya lebih mudah , informasi jadwal bus juga real-time cukup akurat fitur' nya juga lengkap,, rekomend bgt buat klian yng mau ngerencanain perjalanan.",5,0,,2025-03-05 21:50:14,,,
8239c231-3586-46f0-a67c-f9540c349094,Pengguna Google,https://play-lh.googleusercontent.com/EGemoI2NTXmTsBVtJqk8jxF9rh8ApRWfsIMQSt2uE4OcpQqbFu7f7NbTK05lx80nuSijCz7sc3a277R67g,aplikasi Transjakarta ini sangat membantu saya untuk menemukan atau mencari halte dan bus terkini. dan memudahkan saya untuk menentukan rute perjalanan yang akan saya tuju,5,0,2.1.10,2025-03-05 20:37:06,,,2.1.10
80774cc2-c30f-41eb-9731-669a68d7edb1,Pengguna Google,https://play-lh.googleusercontent.com/EGemoI2NTXmTsBVtJqk8jxF9rh8ApRWfsIMQSt2uE4OcpQqbFu7f7NbTK05lx80nuSijCz7sc3a277R67g,"Aplikasi Transjakarta sangat membantu saya dalam menggunakan transportasi umum di Jakarta. Dengan aplikasi ini, saya bisa melihat rute bus, jadwal keberangkatan, dan lokasi halte terdekat.",5,0,2.1.10,2025-03-05 19:16:46,,,2.1.10
f6d297b9-e853-4446-8de4-b4229a75f4f4,Pengguna Google,https://play-lh.googleusercontent.com/EGemoI2NTXmTsBVtJqk8jxF9rh8ApRWfsIMQSt2uE4OcpQqbFu7f7NbTK05lx80nuSijCz7sc3a277R67g,Aplikasi ini sangat mudah digunakan dan memiliki antarmuka yang sangat intuitif. Saya dapat dengan cepat menemukan informasi yang saya butuhkan dan melakukan pembayaran dengan mudah.,5,0,2.1.10,2025-03-05 16:10:12,,,2.1.10
b8daa144-7298-43a5-bc62-4bac4856ef6d,Pengguna Google,https://play-lh.googleusercontent.com/EGemoI2NTXmTsBVtJqk8jxF9rh8ApRWfsIMQSt2uE4OcpQqbFu7f7NbTK05lx80nuSijCz7sc3a277R67g,"Ringan, simple dan easy use",5,0,,2025-03-05 09:27:30,,,
05feb444-f313-4818-82a5-3ea8e82da2d5,Pengguna Google,https://play-lh.googleusercontent.com/EGemoI2NTXmTsBVtJqk8jxF9rh8ApRWfsIMQSt2uE4OcpQqbFu7f7NbTK05lx80nuSijCz7sc3a277R67g,"Dengan aplikasi ini saya tidak ribet lagi memesan tj secara offline,, mantap deh pokoknya",5,0,2.1.10,2025-03-05 08:18:50,,,2.1.10
614ef9f8-1a59-47ae-bef1-471431b396c7,Pengguna Google,https://play-lh.googleusercontent.com/EGemoI2NTXmTsBVtJqk8jxF9rh8ApRWfsIMQSt2uE4OcpQqbFu7f7NbTK05lx80nuSijCz7sc3a277R67g,Ga bisa login. Tidak dapat membeli tiket.,1,0,2.1.10,2025-03-04 17:57:25,,,2.1.10
76ccfe0b-c281-4f79-a879-5e714cbfcee3,Pengguna Google,https://play-lh.googleusercontent.com/EGemoI2NTXmTsBVtJqk8jxF9rh8ApRWfsIMQSt2uE4OcpQqbFu7f7NbTK05lx80nuSijCz7sc3a277R67g,aplikasi transjakarta memudahkan aku untuk kemana mana. selain itu fiturnya jugaa banyak jadi leluasa dalam penggunaan aplikasi apalagi ada fitur feed jadi lebih mudah untuk tahu info info transportasi yang ada di jakarta jad mempermudah aku dalam mencari transportsi kalau sedang terburu buru. pokoknyaa best lah 😻💙💙,5,1,2.1.10,2025-03-03 20:23:29,,,2.1.10
eaf4efc3-cb32-4e58-9193-c1c62bedaa0c,Pengguna Google,https://play-lh.googleusercontent.com/EGemoI2NTXmTsBVtJqk8jxF9rh8ApRWfsIMQSt2uE4OcpQqbFu7f7NbTK05lx80nuSijCz7sc3a277R67g,"Apk Transjakarta ini sangat membantu buat saya pribadi yang sering naik busway kemana'. tracking bus real-time cukup akurat, dan info rutenya lengkap. Bikin trip gua jadi lebih gampang dan efisien, karna bisa tau bus dengan rute yg pengen gua naikin.",5,0,,2025-03-03 20:19:37,,,
1e71fb14-8f00-41f0-bdc8-8b986fb3946d,Pengguna Google,https://play-lh.googleusercontent.com/EGemoI2NTXmTsBVtJqk8jxF9rh8ApRWfsIMQSt2uE4OcpQqbFu7f7NbTK05lx80nuSijCz7sc3a277R67g,"Aplikasinya bagus banget bisa ngebantu kapan busnya dateng jadi ga telat atau nunggu lama, kerennya bisa beli tiket langsung di aplikasi",5,0,,2025-03-03 20:17:40,,,
610c9bae-4541-4a34-b92c-be49b1b150fc,Pengguna Google,https://play-lh.googleusercontent.com/EGemoI2NTXmTsBVtJqk8jxF9rh8ApRWfsIMQSt2uE4OcpQqbFu7f7NbTK05lx80nuSijCz7sc3a277R67g,"aplikasi Transjakarta sangat bermanfaat dan sangat membantu saya, informasi,rute nya ada dimana aja itu ada di aplikasi ini. pokonya sangat membantu bgt Transjakarta",5,0,2.1.10,2025-03-03 20:16:07,,,2.1.10
ea6f4f03-4eb9-4c3e-8468-d33559e01217,Pengguna Google,https://play-lh.googleusercontent.com/EGemoI2NTXmTsBVtJqk8jxF9rh8ApRWfsIMQSt2uE4OcpQqbFu7f7NbTK05lx80nuSijCz7sc3a277R67g,"aplikasinya sangat membantu, fiturnya lengkap dan mudah dipahami. keren pokoknyaa",5,0,2.1.10,2025-03-03 20:15:56,,,2.1.10
c7eb98f3-0b66-415b-a31a-39f852144ab1,Pengguna Google,https://play-lh.googleusercontent.com/EGemoI2NTXmTsBVtJqk8jxF9rh8ApRWfsIMQSt2uE4OcpQqbFu7f7NbTK05lx80nuSijCz7sc3a277R67g,"Apk yang sangat membantu ketika sedang naik bis transjakarta, fitur nya yang canggih dan mudah dipahami membuat apk ini banyak digemari, tampilannya juga cukup sederhana namun tetap terlihat menarik",5,0,,2025-03-03 20:03:16,,,
9374b9d6-edeb-4883-8c59-96c336d63064,Pengguna Google,https://play-lh.googleusercontent.com/EGemoI2NTXmTsBVtJqk8jxF9rh8ApRWfsIMQSt2uE4OcpQqbFu7f7NbTK05lx80nuSijCz7sc3a277R67g,Untuk penggunaan nya gampang dan ga lemot bantu banget buat bingung nyari lokasi di halte,5,0,,2025-03-03 20:00:56,,,
a3d0f22b-9be9-4804-90e3-9da0649c553f,Pengguna Google,https://play-lh.googleusercontent.com/EGemoI2NTXmTsBVtJqk8jxF9rh8ApRWfsIMQSt2uE4OcpQqbFu7f7NbTK05lx80nuSijCz7sc3a277R67g,"Aplikasi Transjakarta ini sangat bagus, fitur fiturnya yg mudah dipahami! recomennded",5,0,2.1.10,2025-03-03 19:59:10,,,2.1.10
e0261c17-2422-4f8b-a30b-54dfb535fde3,Pengguna Google,https://play-lh.googleusercontent.com/EGemoI2NTXmTsBVtJqk8jxF9rh8ApRWfsIMQSt2uE4OcpQqbFu7f7NbTK05lx80nuSijCz7sc3a277R67g,"Aplikasinya membantu banget untuk kita dan mudah di pakai juga aplikasinya ngga ribet, bagus ini aplikasi recommended banget pokoknya deh, ayo cobain sekarang.",5,0,,2025-03-03 17:17:49,,,
68202c29-1bda-4e52-b13d-07e23c254ab4,Pengguna Google,https://play-lh.googleusercontent.com/EGemoI2NTXmTsBVtJqk8jxF9rh8ApRWfsIMQSt2uE4OcpQqbFu7f7NbTK05lx80nuSijCz7sc3a277R67g,"Saya sudah lama memakai aplikasi transjakarta ini,mau kemanapun lebih mudah dengan aplikasi ini ada banyak sekali rute-rute nya dan biaya nya pun relatif saya suka sekali dengan aplikasi ini Dengan login saja aplikasi ini sudah bisa kita pakai fitur-fiturnya pun lengkap dan untuk sampai ke tujuan nya pun tidak lama.terimakasih transjakarta",5,0,2.1.10,2025-03-03 12:19:40,,,2.1.10
2ae4cd59-11fd-4390-ba72-01deeb6f8a2a,Pengguna Google,https://play-lh.googleusercontent.com/EGemoI2NTXmTsBVtJqk8jxF9rh8ApRWfsIMQSt2uE4OcpQqbFu7f7NbTK05lx80nuSijCz7sc3a277R67g,Aplikasinya bagus dan sangat memudahkan pengguna pokoknya the best deh,5,0,,2025-03-03 10:01:31,,,
ded0aca9-24fb-4ee8-b113-ee3ed52ef703,Pengguna Google,https://play-lh.googleusercontent.com/EGemoI2NTXmTsBVtJqk8jxF9rh8ApRWfsIMQSt2uE4OcpQqbFu7f7NbTK05lx80nuSijCz7sc3a277R67g,Mempermudah mencari tumpangan dan jga sangat praktis. Sangat membantu semua orang ketika ingin berpergian,5,0,2.1.10,2025-03-02 19:17:40,,,2.1.10
c4b51b3b-51e4-44cb-ade5-b6d6ff6cdae9,Pengguna Google,https://play-lh.googleusercontent.com/EGemoI2NTXmTsBVtJqk8jxF9rh8ApRWfsIMQSt2uE4OcpQqbFu7f7NbTK05lx80nuSijCz7sc3a277R67g,"masyaallah andalan sekali bagi pekerja seperti saya, adanya transjakarta memberi kemudahan apalagi bus nya nyaman dan wangi, tarif yang ditawarkan juga murah. Semoga makin majuu👍",5,0,2.1.10,2025-03-02 17:12:36,,,2.1.10
3605ff45-9d0b-4282-ab86-b6da7d82a33f,Pengguna Google,https://play-lh.googleusercontent.com/EGemoI2NTXmTsBVtJqk8jxF9rh8ApRWfsIMQSt2uE4OcpQqbFu7f7NbTK05lx80nuSijCz7sc3a277R67g,Membantu banget untuk mencari rute atau halte terdekat dan bisa lebih mudah ga perlu lagi cek google. Mantap👍🏼👍🏼👍🏼,5,0,2.1.10,2025-03-02 15:54:14,,,2.1.10
bc619bc5-620c-4346-b120-dc70a5433bb1,Pengguna Google,https://play-lh.googleusercontent.com/EGemoI2NTXmTsBVtJqk8jxF9rh8ApRWfsIMQSt2uE4OcpQqbFu7f7NbTK05lx80nuSijCz7sc3a277R67g,aplikasi ini bener bener ngebantu aku banget selama di Jakarta karena bisa lacak bus terdekat secara real time jadi aku bisa tahu posisi bus di mana aja dengan aplikasi ini,5,0,2.1.10,2025-03-02 14:49:44,,,2.1.10
a9febdfe-9056-4101-bfcd-36c85b53ff8f,Pengguna Google,https://play-lh.googleusercontent.com/EGemoI2NTXmTsBVtJqk8jxF9rh8ApRWfsIMQSt2uE4OcpQqbFu7f7NbTK05lx80nuSijCz7sc3a277R67g,"Aku suka banget dan lumayan terbantu btransport pakai Transjakarta, dan di aplikasi ini udah support fitur payment nirsentuh QR ticket",5,0,2.1.10,2025-03-02 13:02:26,,,2.1.10
66bf1dd6-8afa-4de3-9e6d-2647552f7a0c,Pengguna Google,https://play-lh.googleusercontent.com/EGemoI2NTXmTsBVtJqk8jxF9rh8ApRWfsIMQSt2uE4OcpQqbFu7f7NbTK05lx80nuSijCz7sc3a277R67g,"Aplikasinya sangat membantuuntum aku yang suka bingung sama rute bus, jadi bisa tau rute bus dan bus mana yang akan dinaiki",5,0,2.1.10,2025-03-02 12:48:40,,,2.1.10
7adb7d2c-3ce9-415c-9f69-4be76cc5b61e,Pengguna Google,https://play-lh.googleusercontent.com/EGemoI2NTXmTsBVtJqk8jxF9rh8ApRWfsIMQSt2uE4OcpQqbFu7f7NbTK05lx80nuSijCz7sc3a277R67g,"aku suka buts maps dan ga hafal rute tapi pake ini jadi mudah banget, pulang pergi gaperlu pusing atau repot apalagi cape kalo ga hafal rute rute jalan, pokoknya ngebantu banget",5,0,2.1.10,2025-03-02 12:31:27,,,2.1.10
089ffdae-1e9e-4445-b16b-cb77fbebac29,Pengguna Google,https://play-lh.googleusercontent.com/EGemoI2NTXmTsBVtJqk8jxF9rh8ApRWfsIMQSt2uE4OcpQqbFu7f7NbTK05lx80nuSijCz7sc3a277R67g,"(+) Lumayan membantu memudahkan perjalanan. (-) Minta update terus-menerus, loading sering lama.",3,0,2.1.10,2025-03-02 11:04:32,,,2.1.10
7302c3a0-c1ac-4253-8693-32d2a1b2a0c0,Pengguna Google,https://play-lh.googleusercontent.com/EGemoI2NTXmTsBVtJqk8jxF9rh8ApRWfsIMQSt2uE4OcpQqbFu7f7NbTK05lx80nuSijCz7sc3a277R67g,"Sangat membantu, memudahkan trevel",5,0,2.1.10,2025-03-02 03:10:13,,,2.1.10
c28e8247-e50b-424e-a61a-ecc3a14984f0,Pengguna Google,https://play-lh.googleusercontent.com/EGemoI2NTXmTsBVtJqk8jxF9rh8ApRWfsIMQSt2uE4OcpQqbFu7f7NbTK05lx80nuSijCz7sc3a277R67g,Aplikasi nyaa sangattt bagusss,5,0,2.1.10,2025-03-01 16:14:50,,,2.1.10
81a8c29a-0643-41b0-afe9-adeb47b8a25b,Pengguna Google,https://play-lh.googleusercontent.com/EGemoI2NTXmTsBVtJqk8jxF9rh8ApRWfsIMQSt2uE4OcpQqbFu7f7NbTK05lx80nuSijCz7sc3a277R67g,Transjakarta ini membantu aku banget sewaktu aku liburan di Jakarta. Paling suka banget sama fitur Live Tracking nya,5,0,,2025-03-01 15:28:22,,,
dab22448-db48-42f0-a0ec-9e11af147d38,Pengguna Google,https://play-lh.googleusercontent.com/EGemoI2NTXmTsBVtJqk8jxF9rh8ApRWfsIMQSt2uE4OcpQqbFu7f7NbTK05lx80nuSijCz7sc3a277R67g,"Aplikasi inii bermanfaat banget serius buat orang yang baru pertama kali atau awam banget sama daerah Jakarta. Bisa cek rute dan juga jadwal keberangkatan Transjakarta. Jadi, gak perlu khawatir lagi salah ataupun kesasar",5,0,2.1.10,2025-03-01 15:26:36,,,2.1.10
bff07242-fce3-409e-b3f2-6df4ee4dab04,Pengguna Google,https://play-lh.googleusercontent.com/EGemoI2NTXmTsBVtJqk8jxF9rh8ApRWfsIMQSt2uE4OcpQqbFu7f7NbTK05lx80nuSijCz7sc3a277R67g,"Panduannya jelas, penggunaannya simpel, membantu banget dah apliakasinya, saran saya dipermudahkan untuk cara topup juga sudah lebih simpel lainnya Overall bagus aplikasinya",5,0,2.1.10,2025-03-01 14:57:10,,,2.1.10
94341a41-a0ab-49fa-8272-eff82fb413f8,Pengguna Google,https://play-lh.googleusercontent.com/EGemoI2NTXmTsBVtJqk8jxF9rh8ApRWfsIMQSt2uE4OcpQqbFu7f7NbTK05lx80nuSijCz7sc3a277R67g,"Aplikasi transjakarta membantu saya untuk perjalanan sehari har, jadwal bus real-time cukup akurat,terimakasih banyak pokoknya",5,0,2.1.10,2025-03-01 14:20:33,,,2.1.10
0f4c8e07-ba90-4ea1-ad1b-8584951850b4,Pengguna Google,https://play-lh.googleusercontent.com/EGemoI2NTXmTsBVtJqk8jxF9rh8ApRWfsIMQSt2uE4OcpQqbFu7f7NbTK05lx80nuSijCz7sc3a277R67g,"TRANSJAKARTA MEMBANTU SAYA DALAM KEGIATAN SEHARI - HARI , SANGAT MEMUASKAN",5,0,2.1.10,2025-03-01 14:10:25,,,2.1.10
d508f893-e21e-4a0f-8104-0e1c34afb9d7,Pengguna Google,https://play-lh.googleusercontent.com/EGemoI2NTXmTsBVtJqk8jxF9rh8ApRWfsIMQSt2uE4OcpQqbFu7f7NbTK05lx80nuSijCz7sc3a277R67g,"Aplikasi ini membantu banget buat cek rute dan jadwal bus Transjakarta. Tampilan simpel, mudah dipakai, dan info rutenya cukup akurat. Semoga terus dikembangkan biar makin bagus.",5,0,2.1.10,2025-03-01 14:02:16,,,2.1.10
fa1a756d-3440-4b65-b57f-2541ad867db5,Pengguna Google,https://play-lh.googleusercontent.com/EGemoI2NTXmTsBVtJqk8jxF9rh8ApRWfsIMQSt2uE4OcpQqbFu7f7NbTK05lx80nuSijCz7sc3a277R67g,"Bagus banget memudahkan masyarakat, the best",5,0,2.1.10,2025-03-01 13:17:48,,,2.1.10
44e6ba1a-87fd-4428-9a66-1e4b2f167db2,Pengguna Google,https://play-lh.googleusercontent.com/EGemoI2NTXmTsBVtJqk8jxF9rh8ApRWfsIMQSt2uE4OcpQqbFu7f7NbTK05lx80nuSijCz7sc3a277R67g,"Apk nya sangat membantu untuk mengetahui jadwal,rute dan posisi bus Transjakarta,apk nya sangat memudahkan perjalanan,memudahkan mengetahui posisi bus dan jdwal bus juga mengetahui rute bus,apk nya juga memudahkan untuk membeli tiket secara daring,pokoknya fitur nya sangat lengkapp,dan super duper membantu",5,0,2.1.10,2025-03-01 12:13:22,,,2.1.10
daa86700-e31b-47a9-93b7-dfb28831490b,Pengguna Google,https://play-lh.googleusercontent.com/EGemoI2NTXmTsBVtJqk8jxF9rh8ApRWfsIMQSt2uE4OcpQqbFu7f7NbTK05lx80nuSijCz7sc3a277R67g,"Saya sangat terbantu dengan segala kemudahan dan fitur2 yang terdapat pada aplikasi transjakarta,lebih efisien dalam segi waktu dan ongkos,pokoknya kalian wajib unduh aplikasi ini di smartphone kalian!",5,0,2.1.10,2025-03-01 11:00:41,,,2.1.10
444a85a7-3524-4ff0-a24c-0f88c6373cda,Pengguna Google,https://play-lh.googleusercontent.com/EGemoI2NTXmTsBVtJqk8jxF9rh8ApRWfsIMQSt2uE4OcpQqbFu7f7NbTK05lx80nuSijCz7sc3a277R67g,"Sangat membantu sekali, terimakasih",5,0,2.1.10,2025-03-01 10:35:45,,,2.1.10
42a4494f-8058-4a32-9a83-267fd07330ed,Pengguna Google,https://play-lh.googleusercontent.com/EGemoI2NTXmTsBVtJqk8jxF9rh8ApRWfsIMQSt2uE4OcpQqbFu7f7NbTK05lx80nuSijCz7sc3a277R67g,"Aplikasi Transjakarta sangat membantu pengguna dalam merencanakan perjalanan dengan transportasi umum di Jakarta. Dengan tampilan yang sederhana dan mudah digunakan, aplikasi ini menyediakan informasi rute lengkap, jadwal bus, serta navigasi yang memudahkan pengguna mencapai tujuan. Fitur estimasi kedatangan bus dan integrasi dengan moda transportasi lain juga sangat bermanfaat, membuat perjalanan lebih efisien dan nyaman. Pembaruan berkala yang terus dilakukan menunjukkan komitmen Transjakarta",5,1,2.1.10,2025-03-01 10:04:15,,,2.1.10
1286a2ba-26b4-41b2-9002-2d94df6ebff6,Pengguna Google,https://play-lh.googleusercontent.com/EGemoI2NTXmTsBVtJqk8jxF9rh8ApRWfsIMQSt2uE4OcpQqbFu7f7NbTK05lx80nuSijCz7sc3a277R67g,Semakin mudah ada aplikasi ini membantu mengetahui jadwal dan program dari transjakarta,5,0,,2025-03-01 09:44:56,,,
23ca0a27-5a76-4ee3-8739-76e71b5fa5d4,Pengguna Google,https://play-lh.googleusercontent.com/EGemoI2NTXmTsBVtJqk8jxF9rh8ApRWfsIMQSt2uE4OcpQqbFu7f7NbTK05lx80nuSijCz7sc3a277R67g,"Aplikasi Transjakarta sangat membantu! UI/UX-nya simpel dan mudah digunakan, informasi rute lengkap, dan fitur tracking bus real-time cukup akurat. Nggak perlu bingung lagi cari halte atau nunggu bus kelamaan. Semoga ke depannya makin stabil dan akurat! 👍",5,3,2.1.10,2025-03-01 09:42:20,,,2.1.10
d4591d38-4dba-499a-8196-d62c53757969,Pengguna Google,https://play-lh.googleusercontent.com/EGemoI2NTXmTsBVtJqk8jxF9rh8ApRWfsIMQSt2uE4OcpQqbFu7f7NbTK05lx80nuSijCz7sc3a277R67g,"Apk yg akurat untuk melacak bus dmna, apk yg aman bagi saya yang slalu menaiki bus kmna pun perjalanan, fitur pelacakan bus yg slalu akurat, sangat bermanfaat banget,",5,0,2.1.10,2025-03-01 09:08:31,,,2.1.10
ee5af2c3-ab94-43ab-bbba-42595792200e,Pengguna Google,https://play-lh.googleusercontent.com/EGemoI2NTXmTsBVtJqk8jxF9rh8ApRWfsIMQSt2uE4OcpQqbFu7f7NbTK05lx80nuSijCz7sc3a277R67g,Apk ini berguna banget buat akomodasi sehari-sehari buat saya yang kesehariannya harus beraktifitas diluar,5,0,2.1.10,2025-03-01 08:52:12,,,2.1.10
79985130-2d37-41b0-90b8-e4f0967f5d07,Pengguna Google,https://play-lh.googleusercontent.com/EGemoI2NTXmTsBVtJqk8jxF9rh8ApRWfsIMQSt2uE4OcpQqbFu7f7NbTK05lx80nuSijCz7sc3a277R67g,Aplikask busuk lama bet loadingnya padahal sinyal 5G tapi menunggu data bus bisa 30 menit lebih,2,0,2.1.10,2025-02-28 09:45:04,,,2.1.10
f611c2c9-f84a-400a-8217-feddbe609d8f,Pengguna Google,https://play-lh.googleusercontent.com/EGemoI2NTXmTsBVtJqk8jxF9rh8ApRWfsIMQSt2uE4OcpQqbFu7f7NbTK05lx80nuSijCz7sc3a277R67g,"SCAMMING! Saya sudah 3x beli tiket, saldo dipotong tapi error dan tidak ada pengembalian",1,0,2.1.10,2025-02-28 08:59:11,,,2.1.10
d546a0f5-86a2-4466-ac33-c857e621cc48,Pengguna Google,https://play-lh.googleusercontent.com/EGemoI2NTXmTsBVtJqk8jxF9rh8ApRWfsIMQSt2uE4OcpQqbFu7f7NbTK05lx80nuSijCz7sc3a277R67g,"Mendingan ga usah bikin aplikasi ini , kagak guna .....!",1,0,2.1.10,2025-02-28 07:36:26,,,2.1.10
b2b99055-fdc8-41b7-ac75-5c2037590f4c,Pengguna Google,https://play-lh.googleusercontent.com/EGemoI2NTXmTsBVtJqk8jxF9rh8ApRWfsIMQSt2uE4OcpQqbFu7f7NbTK05lx80nuSijCz7sc3a277R67g,"Ini aplikasi kalo lagi dibutuhin loading nya lama banget, selalu statusnya ""Menunggu Data Bus"" hampir stngah jam gitu terus.. Sekalinya muncul ""Data Bus"", eh kagak ada bus yg ke detect😭😭 Tolong diperbaiki dong sistemnya Bu/Pak🙏🏻",1,13,2.1.10,2025-02-28 07:17:48,,,2.1.10
5f6cb0ca-2d36-463e-abe9-8c95e31a3815,Pengguna Google,https://play-lh.googleusercontent.com/EGemoI2NTXmTsBVtJqk8jxF9rh8ApRWfsIMQSt2uE4OcpQqbFu7f7NbTK05lx80nuSijCz7sc3a277R67g,aplikasi scam saya top up 2 kali malah ga ada barcode buat masuknya gimana ini minnn server erorr pulaaa,1,0,2.1.10,2025-02-27 21:25:01,,,2.1.10
1e553f98-ad9f-4c97-b144-12903b02f29f,Pengguna Google,https://play-lh.googleusercontent.com/EGemoI2NTXmTsBVtJqk8jxF9rh8ApRWfsIMQSt2uE4OcpQqbFu7f7NbTK05lx80nuSijCz7sc3a277R67g,"Tj sangat membantu sekali bagi yang tidak punya kendaraan secara harga Tj juga sangan murah dengan harga 3.500 bisa ke mana saja dan masih banyak kelebihan lain seperti pemisahan trmpat untuk perempuan dan laki-laki,di dalam bus juga ac nya sangat terasa dingin jadinya enak&nyaman deh mau ke mana aja pake Transjakarta",5,0,2.1.10,2025-02-27 18:09:16,,,2.1.10
054b6246-0806-4dbd-a8c5-9a4d71abda62,Pengguna Google,https://play-lh.googleusercontent.com/EGemoI2NTXmTsBVtJqk8jxF9rh8ApRWfsIMQSt2uE4OcpQqbFu7f7NbTK05lx80nuSijCz7sc3a277R67g,Aplikasi Transjakarta ini bener bener ngebantu aku banget yang suka pergi pergi an gak perlu ribet buat nyari rute nya❤️ terimakasih Transjakarta,5,0,2.1.10,2025-02-27 18:02:49,,,2.1.10
7ceb310b-bab8-4edd-8408-dfa82f8b9169,Pengguna Google,https://play-lh.googleusercontent.com/EGemoI2NTXmTsBVtJqk8jxF9rh8ApRWfsIMQSt2uE4OcpQqbFu7f7NbTK05lx80nuSijCz7sc3a277R67g,TransJakarta app super membantu! Aku bisa pantau jadwal bus dan bayar tiket secara elektronik. Gampang banget! bintang 5⭐,5,0,2.1.10,2025-02-27 17:33:04,,,2.1.10
3708437c-c4ab-4f20-a68d-0082455a4b34,Pengguna Google,https://play-lh.googleusercontent.com/EGemoI2NTXmTsBVtJqk8jxF9rh8ApRWfsIMQSt2uE4OcpQqbFu7f7NbTK05lx80nuSijCz7sc3a277R67g,aplikaisnya sangat memudahkan unutk kegiatan sehari hari dan juga mudah di pahami oleh pengguna baruu,5,0,,2025-02-27 10:01:58,,,
71f21a0c-3f83-4d17-90e3-80c8245816bd,Pengguna Google,https://play-lh.googleusercontent.com/EGemoI2NTXmTsBVtJqk8jxF9rh8ApRWfsIMQSt2uE4OcpQqbFu7f7NbTK05lx80nuSijCz7sc3a277R67g,aplikasinya baguss lumayan ngebantu juga buat pemula kaya aku ini ccok bngett aplikasi nya fiturnya juga ga baguss ga ribet juga pokoknya ccok deh buat pemula aku rekomendasi aplikasinya bagus,5,0,,2025-02-27 09:34:34,,,
6006b16b-744f-4783-bb87-1f77820d1a21,Pengguna Google,https://play-lh.googleusercontent.com/EGemoI2NTXmTsBVtJqk8jxF9rh8ApRWfsIMQSt2uE4OcpQqbFu7f7NbTK05lx80nuSijCz7sc3a277R67g,"Aplikasi aneh, sangat sulid untuk digunakan",1,0,2.1.10,2025-02-27 03:31:49,,,2.1.10
96739241-0fc1-4d88-855d-bb860e8def9f,Pengguna Google,https://play-lh.googleusercontent.com/EGemoI2NTXmTsBVtJqk8jxF9rh8ApRWfsIMQSt2uE4OcpQqbFu7f7NbTK05lx80nuSijCz7sc3a277R67g,"Aplikasi Transjakarta ini memudahkan saya mencari bus jadi sudah ga bingung dan nunggu lama, aplikasinya pun cukup mudah di gunakan pokoknya the best dah 😁👍",5,0,,2025-02-26 21:13:56,,,
b3294fdc-8b12-4425-aff6-b64c2d9f2b26,Pengguna Google,https://play-lh.googleusercontent.com/EGemoI2NTXmTsBVtJqk8jxF9rh8ApRWfsIMQSt2uE4OcpQqbFu7f7NbTK05lx80nuSijCz7sc3a277R67g,"Aplikasinya sangat bagus. Memudahkan saya buat bepergian, dan gak repot lagi harus nunggu lama. Tinggal buka aplikasi udah jelas rute busnya kemana. Sangat membantu",5,0,2.1.10,2025-02-26 21:08:16,,,2.1.10
16f28490-2a02-4ba8-b2b0-89097aad19fc,Pengguna Google,https://play-lh.googleusercontent.com/EGemoI2NTXmTsBVtJqk8jxF9rh8ApRWfsIMQSt2uE4OcpQqbFu7f7NbTK05lx80nuSijCz7sc3a277R67g,"Aplikasinya bagus dan berjalan dng lancar, top up mudah scan barcode satset duduk manis langsung nyampe tujuan the best 👍",5,0,2.1.10,2025-02-26 19:08:05,,,2.1.10
0339dc0c-81e5-401b-afb4-3886bb20b153,Pengguna Google,https://play-lh.googleusercontent.com/EGemoI2NTXmTsBVtJqk8jxF9rh8ApRWfsIMQSt2uE4OcpQqbFu7f7NbTK05lx80nuSijCz7sc3a277R67g,Aplikasinya sangat membantu dan memudahkan saya mencari rute dan melihat jadwal bus. Best bgt deh,5,0,2.1.10,2025-02-26 18:32:24,,,2.1.10
52417074-b5eb-4a9b-8354-5c67505bd7b7,Pengguna Google,https://play-lh.googleusercontent.com/EGemoI2NTXmTsBVtJqk8jxF9rh8ApRWfsIMQSt2uE4OcpQqbFu7f7NbTK05lx80nuSijCz7sc3a277R67g,"Aplikasinya sangat memudahkan melacak udah sampai dmn, buat yang sering kesasar gaas deh install apk Transjakarta, selain itu pembayarannya juga mudah banget lohh",5,0,2.1.10,2025-02-26 15:04:26,,,2.1.10
592a89d8-34ea-4979-9ca6-cf51771c90ff,Pengguna Google,https://play-lh.googleusercontent.com/EGemoI2NTXmTsBVtJqk8jxF9rh8ApRWfsIMQSt2uE4OcpQqbFu7f7NbTK05lx80nuSijCz7sc3a277R67g,Kartu layanan gratis,5,0,2.1.10,2025-02-26 15:01:52,,,2.1.10
abef58bb-3c7d-452f-b06a-7962e3bf7bd7,Pengguna Google,https://play-lh.googleusercontent.com/EGemoI2NTXmTsBVtJqk8jxF9rh8ApRWfsIMQSt2uE4OcpQqbFu7f7NbTK05lx80nuSijCz7sc3a277R67g,"Aplikasi nya bagus banget, buat mempermudah tau posisi Transjakarta, dan cari rute yg mudah",5,0,,2025-02-26 14:58:13,,,
246b3920-3cfa-4b1e-b70e-e98097369a44,Pengguna Google,https://play-lh.googleusercontent.com/EGemoI2NTXmTsBVtJqk8jxF9rh8ApRWfsIMQSt2uE4OcpQqbFu7f7NbTK05lx80nuSijCz7sc3a277R67g,"Aplikasi ini sangat bermanfaat, saya sangat terbantu untuk mencari rute tujuan saya, info yg real-time dan akurat. Terbaiklah",5,0,2.1.10,2025-02-26 14:38:23,,,2.1.10
5ccdc99c-76a4-4305-bb10-a394418c4681,Pengguna Google,https://play-lh.googleusercontent.com/EGemoI2NTXmTsBVtJqk8jxF9rh8ApRWfsIMQSt2uE4OcpQqbFu7f7NbTK05lx80nuSijCz7sc3a277R67g,"aplikasi Transjakarta keren banget,bisa bantu dan memundahkan semua orang,rute nya juga jelas jadi gampang dipahami",5,0,2.1.10,2025-02-26 14:38:09,,,2.1.10
a1c218a5-8326-44d3-8909-c5b98fae207b,Pengguna Google,https://play-lh.googleusercontent.com/EGemoI2NTXmTsBVtJqk8jxF9rh8ApRWfsIMQSt2uE4OcpQqbFu7f7NbTK05lx80nuSijCz7sc3a277R67g,"Aplikasinya lengkap dan fiturnya juga lengkap, buat aku si mudah banget di gunakan dan gak ribet",5,0,2.1.10,2025-02-25 21:22:09,,,2.1.10
5c4ba5b2-586b-4653-be29-393ea4a2fa31,Pengguna Google,https://play-lh.googleusercontent.com/EGemoI2NTXmTsBVtJqk8jxF9rh8ApRWfsIMQSt2uE4OcpQqbFu7f7NbTK05lx80nuSijCz7sc3a277R67g,aplikasi Transjakarta ini sangat mudah digunakan dan sangat amat membantu bagi saya login nya pun tidak ribet sama sekali,5,0,2.1.10,2025-02-25 21:15:14,,,2.1.10
cfe01383-f420-45cf-b112-1b32d439a798,Pengguna Google,https://play-lh.googleusercontent.com/EGemoI2NTXmTsBVtJqk8jxF9rh8ApRWfsIMQSt2uE4OcpQqbFu7f7NbTK05lx80nuSijCz7sc3a277R67g,"Sangat membantu untuk para pekerja di daerah jakarta, aplikasinya memberikan informasi rute dan jadwal bus yang bisa dilihat oleh pengguna setiap saat, keren nih canggih",5,0,,2025-02-25 21:01:42,,,
d35a3422-25f5-483d-bfe5-122142ac5822,Pengguna Google,https://play-lh.googleusercontent.com/EGemoI2NTXmTsBVtJqk8jxF9rh8ApRWfsIMQSt2uE4OcpQqbFu7f7NbTK05lx80nuSijCz7sc3a277R67g,"Aplikasi Transjakarta sangat bagus dan bermanfaat banget, memudahkan perjalanan ke luar kota, fiturnya juga lengkap",5,0,2.1.10,2025-02-25 19:47:10,,,2.1.10
a9d21f23-4e2a-467c-89d4-69ecd8aadd84,Pengguna Google,https://play-lh.googleusercontent.com/EGemoI2NTXmTsBVtJqk8jxF9rh8ApRWfsIMQSt2uE4OcpQqbFu7f7NbTK05lx80nuSijCz7sc3a277R67g,"YANG KASIH BINTANG 5, FIX RATA-RATA ORANG-ORANG TRANSJAKARTA ITU SENDIRI, KALAU KUALITAS JELEK ITU DIPERBAIKI, BUKAN DITUTUP-TUTUPI, APALAGI TIDAK MEMPEDULIKAN SAMA SEKALI.",1,0,2.1.10,2025-02-25 19:40:35,,,2.1.10
87687a37-48a9-43bb-9be3-3b6176210865,Pengguna Google,https://play-lh.googleusercontent.com/EGemoI2NTXmTsBVtJqk8jxF9rh8ApRWfsIMQSt2uE4OcpQqbFu7f7NbTK05lx80nuSijCz7sc3a277R67g,"Aplikasi anehh pertama kali pake udh isi saldo 10ribu masa langsung habis pdhl top up 10000 kepake masih 3500 ,udh gitu gabisa lagi scannya ogahhh",1,0,2.1.10,2025-02-25 19:30:13,,,2.1.10
183312a7-8402-4684-8b6d-7ea4dc283c8f,Pengguna Google,https://play-lh.googleusercontent.com/EGemoI2NTXmTsBVtJqk8jxF9rh8ApRWfsIMQSt2uE4OcpQqbFu7f7NbTK05lx80nuSijCz7sc3a277R67g,"Sinyal lambat banget, klik tiket saya ga muncul barcodenya",3,0,2.1.10,2025-02-25 18:45:53,,,2.1.10
2bd45da7-3e88-4309-8a06-5e6c2ea1de11,Pengguna Google,https://play-lh.googleusercontent.com/EGemoI2NTXmTsBVtJqk8jxF9rh8ApRWfsIMQSt2uE4OcpQqbFu7f7NbTK05lx80nuSijCz7sc3a277R67g,Aplikasi sangat memudahkan saya untuk menemukan halte atau rute bus terdekat dan ini memudahkan saya sebagai anak rantau terimakasih developer,5,0,2.1.10,2025-02-25 16:17:17,,,2.1.10
707bcd2c-7dbd-453e-8560-b82572906d17,Pengguna Google,https://play-lh.googleusercontent.com/EGemoI2NTXmTsBVtJqk8jxF9rh8ApRWfsIMQSt2uE4OcpQqbFu7f7NbTK05lx80nuSijCz7sc3a277R67g,"Sangat membantu buat aku yang nyari transum murah, bisa dicek berapa lama estimasi perjalanannya",5,0,,2025-02-25 16:02:04,,,
fb996d16-3ee9-4bff-8bcf-b2b0ad67cd6d,Pengguna Google,https://play-lh.googleusercontent.com/EGemoI2NTXmTsBVtJqk8jxF9rh8ApRWfsIMQSt2uE4OcpQqbFu7f7NbTK05lx80nuSijCz7sc3a277R67g,"Aplikasi ini sangat membantu untuk transportasi perjalanan sehari hari , mudah digunakan dan bermanfaat bagi pengguna yang membutuhkan seperti saya ini kerja selalu Dengan transportasi ini , semoga semakin bagus lagi",5,0,2.1.10,2025-02-25 12:34:29,,,2.1.10
e54a7096-389c-4e49-a9dc-8a16ac0bb82b,Pengguna Google,https://play-lh.googleusercontent.com/EGemoI2NTXmTsBVtJqk8jxF9rh8ApRWfsIMQSt2uE4OcpQqbFu7f7NbTK05lx80nuSijCz7sc3a277R67g,Aplikasinya bagus memudahkan perjalanan dan rute juga cukup jelass fiturnya juga lengkap Sangat memudahkan perjalanan.,5,1,2.1.10,2025-02-25 11:07:03,,,2.1.10
ece347cd-2a52-4f11-80f9-a7afec8ac916,Pengguna Google,https://play-lh.googleusercontent.com/EGemoI2NTXmTsBVtJqk8jxF9rh8ApRWfsIMQSt2uE4OcpQqbFu7f7NbTK05lx80nuSijCz7sc3a277R67g,"Aplikasinya sangat membantu, bisa ngecek estimasi waktunya dari tujuan yang mau kita tuju, yang pastinya murahh",5,0,2.1.10,2025-02-25 08:51:10,,,2.1.10
bf6a9aa7-46c4-494a-a360-d25b0b9e1c0e,Pengguna Google,https://play-lh.googleusercontent.com/EGemoI2NTXmTsBVtJqk8jxF9rh8ApRWfsIMQSt2uE4OcpQqbFu7f7NbTK05lx80nuSijCz7sc3a277R67g,"Aplikasinya sudah bagus, bisa tracking posisi busnya dimana aja jadi ga usah nunggu terlalu lama sih. Jadi tau posisi nya",5,0,2.1.10,2025-02-25 08:21:58,,,2.1.10
49e6d3fb-9077-412f-b017-abcd205ceba5,Pengguna Google,https://play-lh.googleusercontent.com/EGemoI2NTXmTsBVtJqk8jxF9rh8ApRWfsIMQSt2uE4OcpQqbFu7f7NbTK05lx80nuSijCz7sc3a277R67g,Susahh dan bahkan gabisa buat scan di halte manapun,1,0,2.1.10,2025-02-25 05:43:08,,,2.1.10
f3546764-260e-4921-9078-b09127d09c06,Pengguna Google,https://play-lh.googleusercontent.com/EGemoI2NTXmTsBVtJqk8jxF9rh8ApRWfsIMQSt2uE4OcpQqbFu7f7NbTK05lx80nuSijCz7sc3a277R67g,"apk loading terus gajelas, udah berhasil payment beberapa kali tapi ga dpt barcode nya, di ulang lagi tetep ga ada barcode nya, gitu aja terus sampe saldo habis",1,0,2.1.10,2025-02-24 17:26:47,,,2.1.10
fbf3ef08-413f-4e0f-9373-28fe9eb9e2b1,Pengguna Google,https://play-lh.googleusercontent.com/EGemoI2NTXmTsBVtJqk8jxF9rh8ApRWfsIMQSt2uE4OcpQqbFu7f7NbTK05lx80nuSijCz7sc3a277R67g,"Aplikasinya sangat membantu dan memudahkan sekali bagi yang ingin menggunakan tj ini. Tampilan dan rutenya jelas, pokonya keren bangett.",5,0,,2025-02-24 17:16:44,,,
217a25b3-6a15-46a3-bd1e-69eb641f6a20,Pengguna Google,https://play-lh.googleusercontent.com/EGemoI2NTXmTsBVtJqk8jxF9rh8ApRWfsIMQSt2uE4OcpQqbFu7f7NbTK05lx80nuSijCz7sc3a277R67g,"Bagus, sangat membantu dalam perjalanan setiap hari. Apalagi buat yang bolak-balik kerja. Semoga makin oke",5,0,,2025-02-24 17:15:52,,,
20042fff-9d91-4345-b28c-7ad832a3eb23,Pengguna Google,https://play-lh.googleusercontent.com/EGemoI2NTXmTsBVtJqk8jxF9rh8ApRWfsIMQSt2uE4OcpQqbFu7f7NbTK05lx80nuSijCz7sc3a277R67g,"Saya sangat puas dengan aplikasi TransJakarta! Dengan aplikasi ini, saya dapat dengan mudah mencari rute bus TransJakarta yang sesuai dengan tujuan saya. Fitur-fitur seperti lokasi bus secara real-time, jadwal bus, dan informasi tentang rute bus sangat membantu saya dalam perjalanan sehari-hari.",5,0,,2025-02-24 17:10:05,,,
574e7255-19bc-4335-84bd-dba42077181c,Pengguna Google,https://play-lh.googleusercontent.com/EGemoI2NTXmTsBVtJqk8jxF9rh8ApRWfsIMQSt2uE4OcpQqbFu7f7NbTK05lx80nuSijCz7sc3a277R67g,"Aplikasi ini sangat membantu perjalanan sehari hari menggunakan transjakarta. Fitur pelacak bus nya sangat akurat, fitur fiturnya juga sangat mudah untuk pemula seperti aku",5,0,2.1.10,2025-02-24 17:07:17,,,2.1.10
246162e8-de2c-4139-ac52-394ffc447833,Pengguna Google,https://play-lh.googleusercontent.com/EGemoI2NTXmTsBVtJqk8jxF9rh8ApRWfsIMQSt2uE4OcpQqbFu7f7NbTK05lx80nuSijCz7sc3a277R67g,"Saya baru saja menggunakan aplikasi Transjakarta dan saya sangat terkesan dengan kemudahan serta fitur-fitur yang disediakan. Sebagai pengguna transportasi umum di Jakarta, aplikasi ini benar-benar membantu saya dalam merencanakan perjalanan dengan lebih efisien. Aplikasi ini menyediakan informasi rute Transjakarta yang sangat detail, termasuk halte-halte yang dilalui, waktu tempuh, dan opsi transit. Saya bisa dengan mudah merencanakan perjalanan dari titik A ke titik B tanpa kebingungan.",5,1,2.1.10,2025-02-24 12:39:47,,,2.1.10
35fd020e-22b4-4f46-a02d-d411b5458e7c,Pengguna Google,https://play-lh.googleusercontent.com/EGemoI2NTXmTsBVtJqk8jxF9rh8ApRWfsIMQSt2uE4OcpQqbFu7f7NbTK05lx80nuSijCz7sc3a277R67g,"Aplikasi Transjakarta adalah aplikasi bagus dan cocok untuk di gunakan oleh semua kalangan yg suka berpergian atau banyak kegiatan di luar,rutenya jelas,,dan semua jadwal sudah terhadle di aplikasi,,, 👍🏻",5,0,2.1.10,2025-02-24 09:37:02,,,2.1.10
29a421f9-829d-486d-98cb-e08d95f08b5c,Pengguna Google,https://play-lh.googleusercontent.com/EGemoI2NTXmTsBVtJqk8jxF9rh8ApRWfsIMQSt2uE4OcpQqbFu7f7NbTK05lx80nuSijCz7sc3a277R67g,"Transjakarta telah berintegrasi dengan moda lain seperti MRT dan LRT, membuat perjalanan lebih mudah dan nyaman.",5,0,2.1.10,2025-02-24 09:23:31,,,2.1.10
2b7a7d0a-3210-4334-a1ee-12ed1c4d8a23,Pengguna Google,https://play-lh.googleusercontent.com/EGemoI2NTXmTsBVtJqk8jxF9rh8ApRWfsIMQSt2uE4OcpQqbFu7f7NbTK05lx80nuSijCz7sc3a277R67g,"aplikasi yang sangat membantu, dapat melihat jadwal keberangkatan dan kedatangan bus melalui aplikasi, dan mudah membeli tiket bus secara online",5,0,2.1.10,2025-02-24 09:14:41,,,2.1.10
2edcc923-c153-4cc3-955a-4d24448f9890,Pengguna Google,https://play-lh.googleusercontent.com/EGemoI2NTXmTsBVtJqk8jxF9rh8ApRWfsIMQSt2uE4OcpQqbFu7f7NbTK05lx80nuSijCz7sc3a277R67g,"Keren pake Transjakarta jadi mudah kalau mau kemana-mana, selalu sesuai dengan titik, sangat membantu 💖",5,0,2.1.10,2025-02-24 08:35:19,,,2.1.10
971b3bee-ffb7-4279-a9bb-9611732400f4,Pengguna Google,https://play-lh.googleusercontent.com/EGemoI2NTXmTsBVtJqk8jxF9rh8ApRWfsIMQSt2uE4OcpQqbFu7f7NbTK05lx80nuSijCz7sc3a277R67g,sangat efektif efesien dan praktis sekali aplikasi Transjakarta jadi gampang mudah banget kalo saya mau mencari rute tujuan saya . antar mukanya simple banget real time nya juga akurat jadi perjalanan aman dan nyaman .,5,1,2.1.10,2025-02-24 07:21:43,,,2.1.10
5e08af1b-b09e-4259-839e-e3308fe3d4fc,Pengguna Google,https://play-lh.googleusercontent.com/EGemoI2NTXmTsBVtJqk8jxF9rh8ApRWfsIMQSt2uE4OcpQqbFu7f7NbTK05lx80nuSijCz7sc3a277R67g,"Trans jakarta memudahkan perjalanan saya ketika di jakarta, fiturnya lengkap mudah di pahami",5,0,2.1.10,2025-02-23 21:19:53,,,2.1.10
d524aee7-3e91-4c1f-9293-ae53bc0ed306,Pengguna Google,https://play-lh.googleusercontent.com/EGemoI2NTXmTsBVtJqk8jxF9rh8ApRWfsIMQSt2uE4OcpQqbFu7f7NbTK05lx80nuSijCz7sc3a277R67g,Aplikasi Transjakarta sangat memudahkan untuk penggunanya ketika lagi dijakarta dan rutenya juga real time bisa di lihat,5,0,,2025-02-23 21:17:55,,,
7d51b597-8d80-4131-98db-286c870716e1,Pengguna Google,https://play-lh.googleusercontent.com/EGemoI2NTXmTsBVtJqk8jxF9rh8ApRWfsIMQSt2uE4OcpQqbFu7f7NbTK05lx80nuSijCz7sc3a277R67g,"aplikasi transjakarta sangat membantu untuk melihat titik-titik bus transjakarta berada, sangat mudah digunakan dan juga tampilan aplikasinya menarik",5,0,2.1.10,2025-02-23 21:10:18,,,2.1.10
8926d6c0-294b-4fc5-a227-5ffa09e24e86,Pengguna Google,https://play-lh.googleusercontent.com/EGemoI2NTXmTsBVtJqk8jxF9rh8ApRWfsIMQSt2uE4OcpQqbFu7f7NbTK05lx80nuSijCz7sc3a277R67g,"Apk ini sangat berguna sekali untuk saya, dengan fitur yang lengkap sangat membantu saya dalam memulai suatu perjalanan. Terimakasih Transjakarta 💗",5,0,2.1.10,2025-02-23 21:07:56,,,2.1.10
d964136b-96fe-47e6-b5ae-930d93e36232,Pengguna Google,https://play-lh.googleusercontent.com/EGemoI2NTXmTsBVtJqk8jxF9rh8ApRWfsIMQSt2uE4OcpQqbFu7f7NbTK05lx80nuSijCz7sc3a277R67g,"Aplikasi ini sangat membantu perjalanan sehari-hari saya dengan fitur pelacakan bus real-time terbukti akurat, memungkinkan saya memperkirakan waktu tunggu dengan lebih baik. Antarmukanya user-friendly, responsif, dan mudah digunakan, sehingga navigasi menjadi lebih praktis. Informasi rute dan halte juga disajikan dengan lengkap, membantu perencanaan perjalanan lebih efisien. Semoga pengembang terus menghadirkan pembaruan dan peningkatan fitur agar pengalaman pengguna semakin optimal!",5,1,2.1.10,2025-02-23 20:42:16,,,2.1.10
2fbe1a7d-a785-492f-b660-2e5e8733f1f5,Pengguna Google,https://play-lh.googleusercontent.com/EGemoI2NTXmTsBVtJqk8jxF9rh8ApRWfsIMQSt2uE4OcpQqbFu7f7NbTK05lx80nuSijCz7sc3a277R67g,Aplikasi Transjakarta ini sangat membantu memudahkan kita kalau lagi butuh transportasi di jakarta. Penggunaan mudah banyak fiturnya. terima kasih.,5,0,2.1.10,2025-02-23 17:42:06,,,2.1.10
182a412e-10cd-427b-be7f-c693caf577e6,Pengguna Google,https://play-lh.googleusercontent.com/EGemoI2NTXmTsBVtJqk8jxF9rh8ApRWfsIMQSt2uE4OcpQqbFu7f7NbTK05lx80nuSijCz7sc3a277R67g,"Sangat membantu perjalanan jd mudah mencari rute, halte terdekat, jadwal perjalanan",5,0,2.1.10,2025-02-23 17:16:57,,,2.1.10
dd2faa9f-8c22-41e5-b03f-c79381cb076f,Pengguna Google,https://play-lh.googleusercontent.com/EGemoI2NTXmTsBVtJqk8jxF9rh8ApRWfsIMQSt2uE4OcpQqbFu7f7NbTK05lx80nuSijCz7sc3a277R67g,Real time kedatangan bus nya akurat. Very helpful,5,0,2.1.10,2025-02-23 14:37:03,,,2.1.10
db2bf18e-3ddf-4a1a-8bc9-ad27251c813d,Pengguna Google,https://play-lh.googleusercontent.com/EGemoI2NTXmTsBVtJqk8jxF9rh8ApRWfsIMQSt2uE4OcpQqbFu7f7NbTK05lx80nuSijCz7sc3a277R67g,"Aplikasi ini sangat memudahkan pengguna dalam mengakses transportasi, pokoknya rekomended pool",5,0,,2025-02-23 13:30:31,,,
b83442d0-f339-4791-84a9-de19edf0f2e4,Pengguna Google,https://play-lh.googleusercontent.com/EGemoI2NTXmTsBVtJqk8jxF9rh8ApRWfsIMQSt2uE4OcpQqbFu7f7NbTK05lx80nuSijCz7sc3a277R67g,Aplikasi ini memudahkan saya mencari rute dan jadwal keberangkatan tentu nya akurat dong,5,0,2.1.10,2025-02-23 06:25:00,,,2.1.10
09f3caf2-7a14-494b-b806-79ca2be65c1b,Pengguna Google,https://play-lh.googleusercontent.com/EGemoI2NTXmTsBVtJqk8jxF9rh8ApRWfsIMQSt2uE4OcpQqbFu7f7NbTK05lx80nuSijCz7sc3a277R67g,"Sering banget gagal scan. Update terus, tapi sering bug:(. Saran sih mending seperti lrt, kerja sama pakai aplikasi tp ga ribet. Ini ribet sendiri",2,0,2.1.10,2025-02-22 23:22:52,,,2.1.10
1295df5f-ada7-47ab-af38-efb02626262b,Pengguna Google,https://play-lh.googleusercontent.com/EGemoI2NTXmTsBVtJqk8jxF9rh8ApRWfsIMQSt2uE4OcpQqbFu7f7NbTK05lx80nuSijCz7sc3a277R67g,Jelekkkkk se jelekk jeleknya sering eror mana ga ada penjaga!!!!!,1,0,2.1.10,2025-02-22 20:23:44,,,2.1.10
67ab77da-9c06-4e2a-9027-683384547924,Pengguna Google,https://play-lh.googleusercontent.com/EGemoI2NTXmTsBVtJqk8jxF9rh8ApRWfsIMQSt2uE4OcpQqbFu7f7NbTK05lx80nuSijCz7sc3a277R67g,"Aplikasi Transjakarta sangat bagus sekali, ini merupakan inovasi terbaru. Rute jelas, bisa terpantau melalui aplikasi. Mudah digunakan berbagai fiturnya.",5,0,2.1.10,2025-02-22 20:10:00,,,2.1.10
527891dd-7833-4c8c-94f3-1e768119f533,Pengguna Google,https://play-lh.googleusercontent.com/EGemoI2NTXmTsBVtJqk8jxF9rh8ApRWfsIMQSt2uE4OcpQqbFu7f7NbTK05lx80nuSijCz7sc3a277R67g,"Mantap banget berguna aplikasinya dan membantu saya banget,apalagi ngeliat rute tarif dll,terus gk ribet bermanfaat banget pagi pengguna untuk mengetahui keberadaan bus",5,0,2.1.10,2025-02-22 18:44:41,,,2.1.10
bd135930-a6c4-4f46-b2d5-696c8c4ad421,Pengguna Google,https://play-lh.googleusercontent.com/EGemoI2NTXmTsBVtJqk8jxF9rh8ApRWfsIMQSt2uE4OcpQqbFu7f7NbTK05lx80nuSijCz7sc3a277R67g,"apk Transjakarta ini membantu banget loh aku yang merantau dari Kediri ini merasa terbantu banget, jalurnya jelas dan sesuai loh",5,0,2.1.10,2025-02-22 17:36:16,,,2.1.10
a4d0a9e8-f61f-4bf2-a297-902d784a68ef,Pengguna Google,https://play-lh.googleusercontent.com/EGemoI2NTXmTsBVtJqk8jxF9rh8ApRWfsIMQSt2uE4OcpQqbFu7f7NbTK05lx80nuSijCz7sc3a277R67g,aplikasi transjakarta sangat memudahkan karna jadi tau rute² nya dari aplikasi ini pokoknya bagus banget deh,5,0,2.1.10,2025-02-22 13:55:51,,,2.1.10
e5afa77c-5b20-4d7b-a054-e68b01a050df,Pengguna Google,https://play-lh.googleusercontent.com/EGemoI2NTXmTsBVtJqk8jxF9rh8ApRWfsIMQSt2uE4OcpQqbFu7f7NbTK05lx80nuSijCz7sc3a277R67g,"Info bus datang sangat akurat, jadi terbantu sekali",5,0,2.1.10,2025-02-22 11:35:49,,,2.1.10
d6621dab-a548-40f4-9a90-3f50368cc618,Pengguna Google,https://play-lh.googleusercontent.com/EGemoI2NTXmTsBVtJqk8jxF9rh8ApRWfsIMQSt2uE4OcpQqbFu7f7NbTK05lx80nuSijCz7sc3a277R67g,"Pakai aplikasi Transjakarta, perjalanan di Jakarta jadi lebih efisien dan hemat. Saya bisa mendapat informasi mengenai posisi rute, halte terdekat, dan kepadatan penumpang secara real time.",5,0,2.1.10,2025-02-22 10:27:22,,,2.1.10
32c525aa-786f-4c0a-95fd-ca69cc92644d,Pengguna Google,https://play-lh.googleusercontent.com/EGemoI2NTXmTsBVtJqk8jxF9rh8ApRWfsIMQSt2uE4OcpQqbFu7f7NbTK05lx80nuSijCz7sc3a277R67g,Sangat membantu sekali untuk bepergian jauh dengan aman dan nyaman,5,0,,2025-02-22 10:24:12,,,
13a0c6ba-b99a-48e5-913e-f0a4b88afef2,Pengguna Google,https://play-lh.googleusercontent.com/EGemoI2NTXmTsBVtJqk8jxF9rh8ApRWfsIMQSt2uE4OcpQqbFu7f7NbTK05lx80nuSijCz7sc3a277R67g,"Apk nya keren, mudah di akses dan yang pasti menyediakan informasi rute dan peta yang akurat",5,0,,2025-02-22 09:42:28,,,
edf7d9cd-3286-4802-8aa8-b265a6ebfc1a,Pengguna Google,https://play-lh.googleusercontent.com/EGemoI2NTXmTsBVtJqk8jxF9rh8ApRWfsIMQSt2uE4OcpQqbFu7f7NbTK05lx80nuSijCz7sc3a277R67g,Untuk armada Transjakarta dengan kode 1P mohon di perbanyak . Kurang seimbang dengan 4C dan 1N . Dan mohon di beri halte untuk dukuh atas 1 yg arah ke blok m. Jarak terlalu jauh jika turun di halte di Bumiputera. Terimakasih,3,0,,2025-02-20 14:06:59,,,
ddbbdc4b-f10d-4017-bccd-1bacd0fb821c,Pengguna Google,https://play-lh.googleusercontent.com/EGemoI2NTXmTsBVtJqk8jxF9rh8ApRWfsIMQSt2uE4OcpQqbFu7f7NbTK05lx80nuSijCz7sc3a277R67g,Aplikasi ini memudahkan utk membeli tiket bus secara online dan bisa mengetahui rute yg dilewati.,5,0,2.1.10,2025-02-20 12:48:52,,,2.1.10
1f0274e5-dd4c-477d-9506-2e6c867f7f06,Pengguna Google,https://play-lh.googleusercontent.com/EGemoI2NTXmTsBVtJqk8jxF9rh8ApRWfsIMQSt2uE4OcpQqbFu7f7NbTK05lx80nuSijCz7sc3a277R67g,"Sangat praktis! Pembayaran cashless, info perjalanan real-time, dan antarmuka aplikasi yang user-friendly. Transportasi di Jakarta jadi lebih efisien dan nyaman!",5,0,2.1.10,2025-02-20 12:46:10,,,2.1.10
2d3169e4-8154-4969-8908-bcbfc4fc40b1,Pengguna Google,https://play-lh.googleusercontent.com/EGemoI2NTXmTsBVtJqk8jxF9rh8ApRWfsIMQSt2uE4OcpQqbFu7f7NbTK05lx80nuSijCz7sc3a277R67g,"Transjakarta membantu saya mengatasi kemacetan, mudah di gunakan, informasi rell, perjalanan jadi menyenangkan.",5,0,,2025-02-20 12:44:44,,,
1ca13006-5a44-44d9-a0ad-3190857a5825,Pengguna Google,https://play-lh.googleusercontent.com/EGemoI2NTXmTsBVtJqk8jxF9rh8ApRWfsIMQSt2uE4OcpQqbFu7f7NbTK05lx80nuSijCz7sc3a277R67g,"Puas dengan fitur aplikasi ini karena bisa cek jadwal bus secara real time, sangat memudahkan dan membuat perjalanan menyenangkan",5,0,,2025-02-20 11:05:21,,,
78ec6a7d-69e7-46f2-9a5f-4714d53805a7,Pengguna Google,https://play-lh.googleusercontent.com/EGemoI2NTXmTsBVtJqk8jxF9rh8ApRWfsIMQSt2uE4OcpQqbFu7f7NbTK05lx80nuSijCz7sc3a277R67g,"buat aku pribadi jujur aplikasi ini membantuu bangett. soalnya aku kadang suka bingung masalah rute, tapi semenjak pake aplikasi ini udah ga bingung lagii.",5,0,2.1.10,2025-02-20 10:59:28,,,2.1.10
1344bbfd-1f48-4eb5-ba73-697ad1bae8b7,Pengguna Google,https://play-lh.googleusercontent.com/EGemoI2NTXmTsBVtJqk8jxF9rh8ApRWfsIMQSt2uE4OcpQqbFu7f7NbTK05lx80nuSijCz7sc3a277R67g,Makasih banget aplikasi gampang di pake jadi gak pusing cari rute kalok mau kemana mana lagi,5,0,2.1.10,2025-02-20 10:51:28,,,2.1.10
35126323-4f2b-420c-9484-89a8905a91eb,Pengguna Google,https://play-lh.googleusercontent.com/EGemoI2NTXmTsBVtJqk8jxF9rh8ApRWfsIMQSt2uE4OcpQqbFu7f7NbTK05lx80nuSijCz7sc3a277R67g,Aplikasinya semakin bagus fitur-fitur juga update terutama jadwal kedatangan busway real time ga hanya busway tapi mikrotrans jg bisa kita liat tracking nya keren banget sih sekarang. Mantap updatenya,5,0,2.1.10,2025-02-20 10:50:18,,,2.1.10
8e0848b4-6375-4066-9b47-1a32edbedf29,Pengguna Google,https://play-lh.googleusercontent.com/EGemoI2NTXmTsBVtJqk8jxF9rh8ApRWfsIMQSt2uE4OcpQqbFu7f7NbTK05lx80nuSijCz7sc3a277R67g,Sangat membantu masyarakat,5,0,2.1.10,2025-02-19 23:09:24,,,2.1.10
445adecb-b621-4081-b4cd-4f8b1f4fab0a,Pengguna Google,https://play-lh.googleusercontent.com/EGemoI2NTXmTsBVtJqk8jxF9rh8ApRWfsIMQSt2uE4OcpQqbFu7f7NbTK05lx80nuSijCz7sc3a277R67g,Supir tidak RAMAH di 4B Manggarai-ui,1,0,2.1.10,2025-02-19 20:58:35,,,2.1.10
4f68e27e-393f-49ce-b680-b40cd9a26a5a,Pengguna Google,https://play-lh.googleusercontent.com/EGemoI2NTXmTsBVtJqk8jxF9rh8ApRWfsIMQSt2uE4OcpQqbFu7f7NbTK05lx80nuSijCz7sc3a277R67g,Menu pencarian pake halte dan rute di hp q kok jd ga bs ya. Keterangannya waiting data bus trs.,3,0,2.1.10,2025-02-19 17:30:39,,,2.1.10
2177eb5b-17dd-4385-ad44-2529878ce1d9,Pengguna Google,https://play-lh.googleusercontent.com/EGemoI2NTXmTsBVtJqk8jxF9rh8ApRWfsIMQSt2uE4OcpQqbFu7f7NbTK05lx80nuSijCz7sc3a277R67g,Parah scan qr sering gagal udah gitu liat tiketnya loadingnya lemot banget bahkan gak kebuka,1,0,2.1.10,2025-02-19 16:53:28,,,2.1.10
987885c2-3f9c-4b1a-9e92-3320718f31d1,Pengguna Google,https://play-lh.googleusercontent.com/EGemoI2NTXmTsBVtJqk8jxF9rh8ApRWfsIMQSt2uE4OcpQqbFu7f7NbTK05lx80nuSijCz7sc3a277R67g,"aplikasi Transjakarta ini mempermudah aku banget waktu di Jakarta, dari mulai Jadwal dan Rute nyaaa jadi engga kebingungan lagi, besttt bangettt pokoknya",5,0,2.1.10,2025-02-19 14:33:33,,,2.1.10
7b70ccdc-6ee9-466c-9fd7-9443259aa6d6,Pengguna Google,https://play-lh.googleusercontent.com/EGemoI2NTXmTsBVtJqk8jxF9rh8ApRWfsIMQSt2uE4OcpQqbFu7f7NbTK05lx80nuSijCz7sc3a277R67g,"As orang yang sering naik tj kemana2, jujur app ini beneran membantu untuk beli tiket dan nyari rute + koridor bus. Ga susah pakenya jadi perjalanan dgn tj tuh selalu enjoyable. Semoga kedepannya ga ada masalah ya, soalnya udh nyaman bgt pake app ini.",5,0,,2025-02-19 13:52:46,,,
04e3b2bf-894b-4e65-bb0b-02b6cbd5a4e0,Pengguna Google,https://play-lh.googleusercontent.com/EGemoI2NTXmTsBVtJqk8jxF9rh8ApRWfsIMQSt2uE4OcpQqbFu7f7NbTK05lx80nuSijCz7sc3a277R67g,"enak banget bisa nemu halte terdekat dari posisi, sukaaa. praktis gak ribet dan bus nya gak lama datengnya sat set",5,0,2.1.10,2025-02-19 13:47:41,,,2.1.10
6fdea6d7-a514-4d09-89bd-f4af75dc5919,Pengguna Google,https://play-lh.googleusercontent.com/EGemoI2NTXmTsBVtJqk8jxF9rh8ApRWfsIMQSt2uE4OcpQqbFu7f7NbTK05lx80nuSijCz7sc3a277R67g,"Saya orang luar jakarta bingung kalo kemana mana naik apa sama temen direkom naik tj. Fitur di aplikasinya jelas dan awam friendly, rutenya juga jelas, jadwal keberangkatan juga jelas. Fasilitas di dalem tj nya juga bagus. Bessstttt banget pokoknya.",5,0,2.1.10,2025-02-19 11:35:22,,,2.1.10
90167fcf-0ebe-40d2-9f7a-078fbd3562b7,Pengguna Google,https://play-lh.googleusercontent.com/EGemoI2NTXmTsBVtJqk8jxF9rh8ApRWfsIMQSt2uE4OcpQqbFu7f7NbTK05lx80nuSijCz7sc3a277R67g,"Aplikasi ga guna, cuma kepake buat ngecek rute aja. Posisi Bus ga jelas. Lebih mirip ke Bus simulator Jangan harap. Tepat waktu sampai tujuan",1,0,2.1.10,2025-02-19 08:55:50,,,2.1.10
d2c29acb-32d9-481a-ada1-6f052b9d432e,Pengguna Google,https://play-lh.googleusercontent.com/EGemoI2NTXmTsBVtJqk8jxF9rh8ApRWfsIMQSt2uE4OcpQqbFu7f7NbTK05lx80nuSijCz7sc3a277R67g,"aplikasi nya bermanfaat sekali, tampilannya mudah dan praktis. thank u",5,0,2.1.10,2025-02-19 08:42:21,,,2.1.10
8a3c2dfb-ae30-40ed-9e71-096b67bd1636,Pengguna Google,https://play-lh.googleusercontent.com/EGemoI2NTXmTsBVtJqk8jxF9rh8ApRWfsIMQSt2uE4OcpQqbFu7f7NbTK05lx80nuSijCz7sc3a277R67g,"Banyak buzzer di bintang 5, pake gmaps aja lah",3,0,,2025-02-19 07:18:42,,,
d1463133-c6f3-44b0-9715-988ee99a28ea,Pengguna Google,https://play-lh.googleusercontent.com/EGemoI2NTXmTsBVtJqk8jxF9rh8ApRWfsIMQSt2uE4OcpQqbFu7f7NbTK05lx80nuSijCz7sc3a277R67g,Please re Schedule...di dukuh atas lama menunggu bussway...buat seperti awal setiap 5mnt ada bus,1,0,,2025-02-19 06:25:39,,,
e515a850-f2af-409c-b9c8-6805675fc681,Pengguna Google,https://play-lh.googleusercontent.com/EGemoI2NTXmTsBVtJqk8jxF9rh8ApRWfsIMQSt2uE4OcpQqbFu7f7NbTK05lx80nuSijCz7sc3a277R67g,"Tolong adakan pembayaran qris, jangan cuman astrapay",4,1,2.1.10,2025-02-19 01:27:03,,,2.1.10
9d5f0bb5-ee16-4509-a6ea-f8b3c31c4f51,Pengguna Google,https://play-lh.googleusercontent.com/EGemoI2NTXmTsBVtJqk8jxF9rh8ApRWfsIMQSt2uE4OcpQqbFu7f7NbTK05lx80nuSijCz7sc3a277R67g,"Warga jakarta wajib pakai aplikasi ini, transportasi mudah didapat, informasi lengkap, dan dapat diakses dengan mudah.",5,0,2.1.10,2025-02-18 19:07:07,,,2.1.10
e50da367-1758-4eaf-8f91-730a92ee7731,Pengguna Google,https://play-lh.googleusercontent.com/EGemoI2NTXmTsBVtJqk8jxF9rh8ApRWfsIMQSt2uE4OcpQqbFu7f7NbTK05lx80nuSijCz7sc3a277R67g,"Aplikasinya bagus, sangat membantu sekali apalagi disaat aku lagi ada di Jakarta. Untuk mesan transportasi umum jadi mudah, gak pake ribet. Fitur didalamnya juga mudah dimengerti. Rekomen banget deh aplikasinya",5,0,2.1.10,2025-02-18 18:54:26,,,2.1.10
da71dc35-a7b2-4324-9a52-82f638d534f5,Pengguna Google,https://play-lh.googleusercontent.com/EGemoI2NTXmTsBVtJqk8jxF9rh8ApRWfsIMQSt2uE4OcpQqbFu7f7NbTK05lx80nuSijCz7sc3a277R67g,"Transjakarta membantu banget buat setiap penumpang, mulai dari tampilan UI nya yg bagus dan nyaman buat user, buat praktis dan cepat",5,0,2.1.10,2025-02-18 18:07:23,,,2.1.10
098f4ace-18ce-48a0-b0be-6b2e3a1edc18,Pengguna Google,https://play-lh.googleusercontent.com/EGemoI2NTXmTsBVtJqk8jxF9rh8ApRWfsIMQSt2uE4OcpQqbFu7f7NbTK05lx80nuSijCz7sc3a277R67g,Koneksi jelek sekali,1,0,,2025-02-18 18:04:20,,,
2d0b30e6-342e-43b5-8a84-d3e692e0e073,Pengguna Google,https://play-lh.googleusercontent.com/EGemoI2NTXmTsBVtJqk8jxF9rh8ApRWfsIMQSt2uE4OcpQqbFu7f7NbTK05lx80nuSijCz7sc3a277R67g,"Aplikasinya sangat membantu dan lengkap informasinya, saya jadi tau rute, jam keberangkatan dan lokasi bus nya",5,0,2.1.10,2025-02-18 15:48:13,,,2.1.10
440ce0bb-163d-4579-8c1e-223b3f8cf5de,Pengguna Google,https://play-lh.googleusercontent.com/EGemoI2NTXmTsBVtJqk8jxF9rh8ApRWfsIMQSt2uE4OcpQqbFu7f7NbTK05lx80nuSijCz7sc3a277R67g,"Aplikasi tj ini sudah sangat membantu saya dalam pencarian rute dan informasi shuttle nya jelas. Sangat recommended, nggak bakal nyasar karena bisa pantau lewat aplikasi.",5,0,2.1.10,2025-02-18 15:19:12,,,2.1.10
a914fdaf-63d6-421a-a8b6-6464ba469c60,Pengguna Google,https://play-lh.googleusercontent.com/EGemoI2NTXmTsBVtJqk8jxF9rh8ApRWfsIMQSt2uE4OcpQqbFu7f7NbTK05lx80nuSijCz7sc3a277R67g,Membantu banget buat kita yg mau cari tau rute naik Transjakarta dan bisa tau juga berapa menit lagi bus yg kita tuju tiba,5,0,2.1.10,2025-02-18 15:08:09,,,2.1.10
59fe4bad-b523-4e7e-9a5c-1f932e448474,Pengguna Google,https://play-lh.googleusercontent.com/EGemoI2NTXmTsBVtJqk8jxF9rh8ApRWfsIMQSt2uE4OcpQqbFu7f7NbTK05lx80nuSijCz7sc3a277R67g,"Jujur, Aplikasi ini mempermudah mobilitas di Jakarta! Informasi jadwal dan rutenya jelas, tampilannya bersih dan mudah dipahami. Semoga terus diperbarui agar makin akurat dan bermanfaat",5,0,2.1.10,2025-02-18 15:03:19,,,2.1.10
6ee42242-b01a-4f98-8967-9b4500f2298c,Pengguna Google,https://play-lh.googleusercontent.com/EGemoI2NTXmTsBVtJqk8jxF9rh8ApRWfsIMQSt2uE4OcpQqbFu7f7NbTK05lx80nuSijCz7sc3a277R67g,aplikasinya makin kesini makin bagus fiturnya pada update dan yang paling penting aku suka dari yg sebelumnya bahkan mikro trans ke deteksi lokasinya dimana. keren bgt sih ga sia-sia aku tungguin ini apps berkembang jd makin update. baguss,5,1,2.1.10,2025-02-18 13:40:47,,,2.1.10
5dddb3b0-a41b-41f0-ab3b-f055187c28b1,Pengguna Google,https://play-lh.googleusercontent.com/EGemoI2NTXmTsBVtJqk8jxF9rh8ApRWfsIMQSt2uE4OcpQqbFu7f7NbTK05lx80nuSijCz7sc3a277R67g,Sangat membantu dan memudahkan dalam menggunakan transportasi Transjakarta. Desain nya simple sehungga mudah dipahami.,5,0,2.1.10,2025-02-18 13:14:09,,,2.1.10
b1b15170-8d7e-4e2a-b038-45aff2443e7c,Pengguna Google,https://play-lh.googleusercontent.com/EGemoI2NTXmTsBVtJqk8jxF9rh8ApRWfsIMQSt2uE4OcpQqbFu7f7NbTK05lx80nuSijCz7sc3a277R67g,"Untuk aku orang luar non Jakarta apk ini sangat membantu sekali, untuk tau jadwal dan rute tanpa khawatir kesasar. Mantep banget pokoknya 🥰 sangat-sangat membantu saya dan yang lainnya dalam berkunjung menggunakan transjakarta.",5,0,2.1.10,2025-02-18 13:04:12,,,2.1.10
2d3faffe-2740-450a-99ea-1a66f8caaae8,Pengguna Google,https://play-lh.googleusercontent.com/EGemoI2NTXmTsBVtJqk8jxF9rh8ApRWfsIMQSt2uE4OcpQqbFu7f7NbTK05lx80nuSijCz7sc3a277R67g,"Aplikasi transjakarta ngebantu aku banget di saat aku berkunjung ke kota jakarta, juga bisa menjelajahi kota dengan transportasi umum yang terintegrasi dan mudah digunakan. Dapatkan panduan navigasi yang jelas dan mudah diikuti.. Mantap jiwa 😍",5,0,2.1.10,2025-02-17 19:16:42,,,2.1.10
538c1de4-e972-4bf5-8040-6cb55eaa7c28,Pengguna Google,https://play-lh.googleusercontent.com/EGemoI2NTXmTsBVtJqk8jxF9rh8ApRWfsIMQSt2uE4OcpQqbFu7f7NbTK05lx80nuSijCz7sc3a277R67g,"Dengan adanya aplikasi transjakarta ini memudahkan banget buat aku yang suka pake kendaraan umum, fitur sudah lengkap, lengkap jadwal keberangkatan, semua udah di permudah dengan aplikasi ini, keren",5,0,2.1.10,2025-02-17 19:16:12,,,2.1.10
d3313027-7f4c-4208-815c-6b9045d41f31,Pengguna Google,https://play-lh.googleusercontent.com/EGemoI2NTXmTsBVtJqk8jxF9rh8ApRWfsIMQSt2uE4OcpQqbFu7f7NbTK05lx80nuSijCz7sc3a277R67g,"Pls ya TJ nunggu dr lebak bulus ke senen 6H itu sampe 45mnt gak dtg2 yg lwt ada puluhan 8 lebak bulus pasar baru itu bis nya sampai puluhan loh, apa gak ada perhitungan ya itu Bis 8 kosong yg antri ke senen banyakkkkkk bgt. Kerja dong yg bener",1,0,,2025-02-17 18:40:04,,,
e790db85-ef17-4369-8b56-af1325ddf4be,Pengguna Google,https://play-lh.googleusercontent.com/EGemoI2NTXmTsBVtJqk8jxF9rh8ApRWfsIMQSt2uE4OcpQqbFu7f7NbTK05lx80nuSijCz7sc3a277R67g,semenjak pake aplikasi Transjakarta ini saya jdi tau ke suatu tempat dgn kendaraan yang harganya sangat murah dan pastinya jdi praktis dan gk perlu nnya ke orang lain,5,0,2.1.10,2025-02-17 16:59:24,,,2.1.10
2580b57b-811c-421f-ba82-17216691327b,Pengguna Google,https://play-lh.googleusercontent.com/EGemoI2NTXmTsBVtJqk8jxF9rh8ApRWfsIMQSt2uE4OcpQqbFu7f7NbTK05lx80nuSijCz7sc3a277R67g,"Rutenya sangat gampang dipakai/ditemui, jelas unggulan sih menurut ku Dengan memakai Transjakarta semuanya menjadi cepat,mudah, dan aman",5,0,2.1.10,2025-02-17 16:58:49,,,2.1.10
c8cbc812-2c09-4196-a96c-0a7a70dd2e3e,Pengguna Google,https://play-lh.googleusercontent.com/EGemoI2NTXmTsBVtJqk8jxF9rh8ApRWfsIMQSt2uE4OcpQqbFu7f7NbTK05lx80nuSijCz7sc3a277R67g,"Suka banget sama aplikasi Transjakarta ini, bener-bener mempermudah dalam perjalanan karena fitur dan informasi mengenai rute, jadwal keberangkatan serta halte terdekat tersedia sangat lengkap dan mudah digunakan",5,0,2.1.10,2025-02-17 16:34:48,,,2.1.10
b6f87c6e-8ce2-4b21-a492-a58de24cc6fa,Pengguna Google,https://play-lh.googleusercontent.com/EGemoI2NTXmTsBVtJqk8jxF9rh8ApRWfsIMQSt2uE4OcpQqbFu7f7NbTK05lx80nuSijCz7sc3a277R67g,Apk ini sangat membantu buat perjalanan saya the best lah pokoknya,5,0,2.1.10,2025-02-17 10:17:43,,,2.1.10
b1c6993b-849b-46a6-9032-67150704b9b1,Pengguna Google,https://play-lh.googleusercontent.com/EGemoI2NTXmTsBVtJqk8jxF9rh8ApRWfsIMQSt2uE4OcpQqbFu7f7NbTK05lx80nuSijCz7sc3a277R67g,"Aplikasi ga ada manfaat,akurasi nol besar ga bisa dipake buat perjalanan yg mendesak",1,0,2.1.10,2025-02-16 23:14:24,,,2.1.10
3101c430-0fd6-48ab-b773-1450632177d2,Pengguna Google,https://play-lh.googleusercontent.com/EGemoI2NTXmTsBVtJqk8jxF9rh8ApRWfsIMQSt2uE4OcpQqbFu7f7NbTK05lx80nuSijCz7sc3a277R67g,Oke bgt aplikasinya. Membantu skli untuk perantau kayak aku yg gatau alamat hehe,5,0,2.1.10,2025-02-16 18:01:20,,,2.1.10
76c7da4c-3e8c-45cd-8d99-6d36b9e0c6e3,Pengguna Google,https://play-lh.googleusercontent.com/EGemoI2NTXmTsBVtJqk8jxF9rh8ApRWfsIMQSt2uE4OcpQqbFu7f7NbTK05lx80nuSijCz7sc3a277R67g,"apps gk guna, udh download dan payment dengan mengharuskan pakai/download astrapay sampai udh top up tapi tetap gk bisa pakai barcode tiket yg udh dibeli.",1,0,2.1.10,2025-02-16 17:09:50,,,2.1.10
f6e9d5da-d25f-4bc1-a114-1e9734f82612,Pengguna Google,https://play-lh.googleusercontent.com/EGemoI2NTXmTsBVtJqk8jxF9rh8ApRWfsIMQSt2uE4OcpQqbFu7f7NbTK05lx80nuSijCz7sc3a277R67g,"aplikasi transjakarta ngebantu bgt kl gatau jalan, rutenya gampang di pahami jdi bikin praktis perjalanan",5,0,2.1.10,2025-02-16 15:48:46,,,2.1.10
b9b057c6-59f5-4c64-8948-cad15f2d0f51,Pengguna Google,https://play-lh.googleusercontent.com/EGemoI2NTXmTsBVtJqk8jxF9rh8ApRWfsIMQSt2uE4OcpQqbFu7f7NbTK05lx80nuSijCz7sc3a277R67g,Aplikasi ini sangat memudahkan saya dalam kegiatan sehari-hari. Fiturnya menarik dan mudah untuk dipelajari,5,0,,2025-02-16 15:04:41,,,
d9fb44b5-6eda-4c93-a0ee-6ce224f7d195,Pengguna Google,https://play-lh.googleusercontent.com/EGemoI2NTXmTsBVtJqk8jxF9rh8ApRWfsIMQSt2uE4OcpQqbFu7f7NbTK05lx80nuSijCz7sc3a277R67g,"aplikasinya sangat berguna bagi kita yang sering naik bus transjakarta. pelayanannya mantap, disediakan rute dan jadwal perjalanan jadi kita gak akan bingung lagi kalo mau kemana-mana, dan aplikasinya praktis👍",5,0,2.1.10,2025-02-16 14:40:44,,,2.1.10
cb2059b3-9d2e-46fd-9faa-962a7a4ed702,Pengguna Google,https://play-lh.googleusercontent.com/EGemoI2NTXmTsBVtJqk8jxF9rh8ApRWfsIMQSt2uE4OcpQqbFu7f7NbTK05lx80nuSijCz7sc3a277R67g,"Aplikasi transjakarta sangat memudahkan banget buat perjalanan, fiturnya lengkap, sangat rekomen banget",5,0,,2025-02-16 13:45:42,,,
3782246c-8c23-4ed5-bf7c-239d09329444,Pengguna Google,https://play-lh.googleusercontent.com/EGemoI2NTXmTsBVtJqk8jxF9rh8ApRWfsIMQSt2uE4OcpQqbFu7f7NbTK05lx80nuSijCz7sc3a277R67g,"Aplikasi Transjakarta sangat membantu aku dalam perjalanan sehari-hari . Fitur-fiturnya lengkap, mulai dari informasi rute, jadwal keberangkatan, hingga lokasi halte terdekat,mudah digunakan bahkan untuk pengguna baru Terima kasih Transjakarta",5,1,2.1.10,2025-02-16 13:09:26,,,2.1.10
5af8fbde-6f2f-4a5f-ac52-8e8fcca1236d,Pengguna Google,https://play-lh.googleusercontent.com/EGemoI2NTXmTsBVtJqk8jxF9rh8ApRWfsIMQSt2uE4OcpQqbFu7f7NbTK05lx80nuSijCz7sc3a277R67g,"Aplikasi Transjakarta ini sangat membantu! Informasi rute lengkap, jadwal bus akurat, dan mudah digunakan. Navigasi jelas, nggak ribet, dan bisa cek posisi bus langsung. Bikin naik Transjakarta makin nyaman!",5,0,,2025-02-16 12:38:50,,,
e2ab0864-0530-4761-9919-e745529e8867,Pengguna Google,https://play-lh.googleusercontent.com/EGemoI2NTXmTsBVtJqk8jxF9rh8ApRWfsIMQSt2uE4OcpQqbFu7f7NbTK05lx80nuSijCz7sc3a277R67g,"Aplikasi yang sangat membantu sekali buat perjalanan. Fitur nya lengkap banget, yg paling aku suka jadwal dan rute nya sangat jelas.",5,0,2.1.10,2025-02-16 10:53:10,,,2.1.10
6c43197a-d51c-4ec2-8f01-04d406e4269f,Pengguna Google,https://play-lh.googleusercontent.com/EGemoI2NTXmTsBVtJqk8jxF9rh8ApRWfsIMQSt2uE4OcpQqbFu7f7NbTK05lx80nuSijCz7sc3a277R67g,aplikasi inii sangattt membantu sekaliii dan mudah untuk digunakann,5,0,2.1.10,2025-02-16 10:47:41,,,2.1.10
14772fa5-c565-4e4f-b7a9-c55a95c4b31b,Pengguna Google,https://play-lh.googleusercontent.com/EGemoI2NTXmTsBVtJqk8jxF9rh8ApRWfsIMQSt2uE4OcpQqbFu7f7NbTK05lx80nuSijCz7sc3a277R67g,Apk tolol,1,0,2.1.10,2025-02-15 19:05:18,,,2.1.10
1d6c3824-4f34-4353-a543-917c8b51720b,Pengguna Google,https://play-lh.googleusercontent.com/EGemoI2NTXmTsBVtJqk8jxF9rh8ApRWfsIMQSt2uE4OcpQqbFu7f7NbTK05lx80nuSijCz7sc3a277R67g,Aplikasi gk jelas update mulu tapi gps bus fake. Biss nya lamaaaaaa,1,0,2.1.10,2025-02-15 13:45:54,,,2.1.10
e11bb173-6d19-4466-8aff-14428ef4f135,Pengguna Google,https://play-lh.googleusercontent.com/EGemoI2NTXmTsBVtJqk8jxF9rh8ApRWfsIMQSt2uE4OcpQqbFu7f7NbTK05lx80nuSijCz7sc3a277R67g,aplikasi nya sangat membantu dan memudahkan dalam ber transportasi sangat mudah untuk digunakan,5,0,2.1.10,2025-02-15 12:39:28,,,2.1.10
daab580a-d04b-4224-ab55-cbf6b009472c,Pengguna Google,https://play-lh.googleusercontent.com/EGemoI2NTXmTsBVtJqk8jxF9rh8ApRWfsIMQSt2uE4OcpQqbFu7f7NbTK05lx80nuSijCz7sc3a277R67g,"Sangat bermanfaat banget, fiturnya lengkap dan mudah dipake sangat memudahkan buat cari bus terdekat recommended 👍🏻",5,0,2.1.10,2025-02-15 12:36:58,,,2.1.10
d852d8b4-2100-423c-aea7-c5e5f0db3ed5,Pengguna Google,https://play-lh.googleusercontent.com/EGemoI2NTXmTsBVtJqk8jxF9rh8ApRWfsIMQSt2uE4OcpQqbFu7f7NbTK05lx80nuSijCz7sc3a277R67g,"Fiturnya sangat memudahkan untuk cari rute dan halte, aplikasi tidak lemot, sangat membantu",5,0,2.1.10,2025-02-15 12:24:24,,,2.1.10
4e113edb-dddf-45c5-be73-8e2732871f63,Pengguna Google,https://play-lh.googleusercontent.com/EGemoI2NTXmTsBVtJqk8jxF9rh8ApRWfsIMQSt2uE4OcpQqbFu7f7NbTK05lx80nuSijCz7sc3a277R67g,"Aplikasi yang membantu ya, dari aplikasi ini bisa tau bus mana yang berhenti di sekitar kita. Keren 👍",5,0,2.1.10,2025-02-15 11:54:55,,,2.1.10
294cd576-abbc-4c52-a465-11a90398067b,Pengguna Google,https://play-lh.googleusercontent.com/EGemoI2NTXmTsBVtJqk8jxF9rh8ApRWfsIMQSt2uE4OcpQqbFu7f7NbTK05lx80nuSijCz7sc3a277R67g,Dengan adanya app ini bener bener memudahkan perjalanan keliling jkt. Rutenya jelas dan bikin pusing. Goodjob,5,0,2.1.10,2025-02-15 11:49:17,,,2.1.10
ca4c9082-06eb-476e-90dc-db8bb54da753,Pengguna Google,https://play-lh.googleusercontent.com/EGemoI2NTXmTsBVtJqk8jxF9rh8ApRWfsIMQSt2uE4OcpQqbFu7f7NbTK05lx80nuSijCz7sc3a277R67g,Apk Transjakarta sangat membantu saat perjalanan aku di jakarta. Fiturnya juga lengkap dan gampang dipahami. Informasi rute jelas dan jadwalnya real time,5,0,2.1.10,2025-02-15 11:25:40,,,2.1.10
016a4f6d-81c5-4ee1-8ead-d0833443e697,Pengguna Google,https://play-lh.googleusercontent.com/EGemoI2NTXmTsBVtJqk8jxF9rh8ApRWfsIMQSt2uE4OcpQqbFu7f7NbTK05lx80nuSijCz7sc3a277R67g,"Aplikasi Transjakarta ini sangat bermanfaat banget gess...aku jadi terbantu banget...karena aku belum hapal letak halte2 nya ....bisa cek rute pula....semoga kedepannya bisa lebih berkembang,..",5,0,2.1.10,2025-02-15 11:20:48,,,2.1.10
b10baf12-e7d8-44f9-8acc-2fce16e2b1f4,Pengguna Google,https://play-lh.googleusercontent.com/EGemoI2NTXmTsBVtJqk8jxF9rh8ApRWfsIMQSt2uE4OcpQqbFu7f7NbTK05lx80nuSijCz7sc3a277R67g,"kerenn banget buat pengguna transjakarta bisa mudah cek rute, halte dan lain lain . bisa juga beli tiket online di apk transjakarta nya lagi . sangat bener bener bagus.",5,0,2.1.10,2025-02-15 11:09:42,,,2.1.10
f1ff65e0-bbb7-440c-863a-44a6eff902aa,Pengguna Google,https://play-lh.googleusercontent.com/EGemoI2NTXmTsBVtJqk8jxF9rh8ApRWfsIMQSt2uE4OcpQqbFu7f7NbTK05lx80nuSijCz7sc3a277R67g,"Aplikasinya sangat memudahkan saya untuk mencari rute, jadwal bus , dan halte terdekat, tampilan dan penggunaan aplikasi nya sangat praktis dan simpel, bestt lahh pokoknya",5,0,,2025-02-15 11:06:12,,,
951d40d8-4863-4b5a-b2e9-f3de10f1f8d2,Pengguna Google,https://play-lh.googleusercontent.com/EGemoI2NTXmTsBVtJqk8jxF9rh8ApRWfsIMQSt2uE4OcpQqbFu7f7NbTK05lx80nuSijCz7sc3a277R67g,"Aplikasinya memudahkan pengguna buat ngecek keberadaan bus trans lagi jalan dimana. Ngga ribet, recomended pokoknya 👍👍👍",5,0,,2025-02-15 09:07:11,,,
4842cb49-60d9-4066-8a0c-8c334bf4e8f2,Pengguna Google,https://play-lh.googleusercontent.com/EGemoI2NTXmTsBVtJqk8jxF9rh8ApRWfsIMQSt2uE4OcpQqbFu7f7NbTK05lx80nuSijCz7sc3a277R67g,Lebih bagus lagi,5,0,2.1.10,2025-02-15 07:49:15,,,2.1.10
90a359d4-4cde-4d54-a8bb-e7067e94a0c0,Pengguna Google,https://play-lh.googleusercontent.com/EGemoI2NTXmTsBVtJqk8jxF9rh8ApRWfsIMQSt2uE4OcpQqbFu7f7NbTK05lx80nuSijCz7sc3a277R67g,Lag,4,0,2.1.10,2025-02-14 16:18:26,,,2.1.10
90ab0a5b-1ca0-4286-bff1-ee10b6343cc0,Pengguna Google,https://play-lh.googleusercontent.com/EGemoI2NTXmTsBVtJqk8jxF9rh8ApRWfsIMQSt2uE4OcpQqbFu7f7NbTK05lx80nuSijCz7sc3a277R67g,Tolong di perbaiki untuk rute jak.13 tidak ada di rute,2,0,2.1.10,2025-02-14 12:30:04,,,2.1.10
41d65216-d3ca-410e-b632-546683818d3c,Pengguna Google,https://play-lh.googleusercontent.com/EGemoI2NTXmTsBVtJqk8jxF9rh8ApRWfsIMQSt2uE4OcpQqbFu7f7NbTK05lx80nuSijCz7sc3a277R67g,"Aplikasi Transjakarta sangat membantu, Mudah mencari rute dan halte, serta informasi jadwal keberangkatan yang akurat. Sangat cocok untuk pengguna baru atau yang belum familiar dengan rute Transjakarta.",5,0,2.1.10,2025-02-14 11:39:51,,,2.1.10
94012efa-e557-4dbf-9b61-22a59274a60a,Pengguna Google,https://play-lh.googleusercontent.com/EGemoI2NTXmTsBVtJqk8jxF9rh8ApRWfsIMQSt2uE4OcpQqbFu7f7NbTK05lx80nuSijCz7sc3a277R67g,"Aplikasi transjakarta memudahkan perjalananku sehari"" ..fiturnya jelas dan bagus",5,0,2.1.10,2025-02-14 11:38:44,,,2.1.10
195e77cd-4880-49c7-a13e-6c31171c680c,Pengguna Google,https://play-lh.googleusercontent.com/EGemoI2NTXmTsBVtJqk8jxF9rh8ApRWfsIMQSt2uE4OcpQqbFu7f7NbTK05lx80nuSijCz7sc3a277R67g,Baik,5,0,2.1.10,2025-02-14 11:36:29,,,2.1.10
8a0d6355-61d9-4284-9992-0c576fc03860,Pengguna Google,https://play-lh.googleusercontent.com/EGemoI2NTXmTsBVtJqk8jxF9rh8ApRWfsIMQSt2uE4OcpQqbFu7f7NbTK05lx80nuSijCz7sc3a277R67g,Transjakarta memudahkan banget dalam perjalanan dijakarta. Fitur fitur nya lengkap. Gampang banget buat pemula seperti aku,5,0,,2025-02-14 11:25:24,,,
aa17f108-7c1d-4911-ab65-49173bc526e7,Pengguna Google,https://play-lh.googleusercontent.com/EGemoI2NTXmTsBVtJqk8jxF9rh8ApRWfsIMQSt2uE4OcpQqbFu7f7NbTK05lx80nuSijCz7sc3a277R67g,Aplikasi Transjakarta sangat membantu dalam perjalanan sehari-hari! ada banyak fitur bermanfaat yang membuat perjalanan saya begitu mudah dan menyenangkan tanpa kendala. sejauh ini pengalaman saya sangat positif. terima kasih untuk tim pengembang yang terus meningkatkan kualitas aplikasi ini.,5,0,2.1.10,2025-02-14 11:02:12,,,2.1.10
93623be8-8a77-44f0-8cd8-a2979a4b4e62,Pengguna Google,https://play-lh.googleusercontent.com/EGemoI2NTXmTsBVtJqk8jxF9rh8ApRWfsIMQSt2uE4OcpQqbFu7f7NbTK05lx80nuSijCz7sc3a277R67g,Aplikasi Transjakarta membantu bnget buat aku yng anak rantau bisa cari rute dan jadwal bus aplikasi ini jga gampang banget dipahami jadi GK bingung lgi deh,5,0,,2025-02-14 10:59:35,,,
125cab6b-b3e6-47cc-bc16-c863c7d9558c,Pengguna Google,https://play-lh.googleusercontent.com/EGemoI2NTXmTsBVtJqk8jxF9rh8ApRWfsIMQSt2uE4OcpQqbFu7f7NbTK05lx80nuSijCz7sc3a277R67g,"Aplikasi Transjakarta sangat membantu untuk mengetahui berbagai info mengenai bus transjakarta. Bisa membeli tiket secara online dengan mudah, serta bisa melacak halte dan rute bus Transjakarta",5,0,,2025-02-14 10:44:27,,,
da2c78af-36b5-4dfe-9800-b7598487c05f,Pengguna Google,https://play-lh.googleusercontent.com/EGemoI2NTXmTsBVtJqk8jxF9rh8ApRWfsIMQSt2uE4OcpQqbFu7f7NbTK05lx80nuSijCz7sc3a277R67g,"Aplikasi paling membantu kalo kebingungan cari rute TJ, apalagi aku yang dari luar kota Jakarta. Mudah digunakan karena fiturnya mudah dipahami",5,0,2.1.10,2025-02-14 10:37:58,,,2.1.10
98b1e06b-1f12-4a46-b025-27cd7e6a3dc1,Pengguna Google,https://play-lh.googleusercontent.com/EGemoI2NTXmTsBVtJqk8jxF9rh8ApRWfsIMQSt2uE4OcpQqbFu7f7NbTK05lx80nuSijCz7sc3a277R67g,erorrrrr,1,0,2.1.10,2025-02-13 17:06:36,,,2.1.10
3bd450a6-3856-469a-b319-d7dda92c10a2,Pengguna Google,https://play-lh.googleusercontent.com/EGemoI2NTXmTsBVtJqk8jxF9rh8ApRWfsIMQSt2uE4OcpQqbFu7f7NbTK05lx80nuSijCz7sc3a277R67g,"ini aplikasi ngemudahin orang yang gatau jalan dan masih bingung dengan rute bisa faham dengan ini aplikasi, dengan user iterfacenya yang sangat mudah difahami akan sangat di unggulkan sekali",5,0,,2025-02-13 16:49:06,,,
fbdb46a6-b1ad-43c9-b17c-36ca757f5ef9,Pengguna Google,https://play-lh.googleusercontent.com/EGemoI2NTXmTsBVtJqk8jxF9rh8ApRWfsIMQSt2uE4OcpQqbFu7f7NbTK05lx80nuSijCz7sc3a277R67g,"Aplikasi yang bagus, lengkap, ga bingung sama vitur2nya. Keren sihh, semoga berkembang terus transjakarta",5,0,2.1.10,2025-02-13 16:37:30,,,2.1.10
6fca5736-3a50-4e1f-9f12-6da13b3f0c77,Pengguna Google,https://play-lh.googleusercontent.com/EGemoI2NTXmTsBVtJqk8jxF9rh8ApRWfsIMQSt2uE4OcpQqbFu7f7NbTK05lx80nuSijCz7sc3a277R67g,"apk Transjakarta memudahkan banget buat aku yang bukan org jakarta ketika lagi di Jakarta,,fitur di apk ini banyak banget dan mudah di gunakan buat pengguna baru kaya aku,, bisa tau rute jalan halte bis terdekat dll, pokonya memudahkan banget nihh buat aku yang notabene nya bukan org jakarta jadi tau harus kemana dan dimna nya",5,0,2.1.10,2025-02-13 16:36:02,,,2.1.10
a314ac73-d150-467f-ac53-63b5223922dd,Pengguna Google,https://play-lh.googleusercontent.com/EGemoI2NTXmTsBVtJqk8jxF9rh8ApRWfsIMQSt2uE4OcpQqbFu7f7NbTK05lx80nuSijCz7sc3a277R67g,"waktu tunggu bus di aplikasinya cukup akurat dan simple juga tata letaknya, ga terlalu berat untuk di pakai di hp dan juga bisa membantu orang awam untuk mengetahui rute rute yang ada di tj",5,0,2.1.10,2025-02-13 16:35:51,,,2.1.10
590091aa-576a-4c87-a7db-7caa038d7fe6,Pengguna Google,https://play-lh.googleusercontent.com/EGemoI2NTXmTsBVtJqk8jxF9rh8ApRWfsIMQSt2uE4OcpQqbFu7f7NbTK05lx80nuSijCz7sc3a277R67g,Mudah digunakan dan sangat membantu sekali untuk mencari jadwal terdekat. Aplikasinya juga akurat,5,0,2.1.10,2025-02-13 16:33:40,,,2.1.10
dbab543e-6cca-43ae-a07a-a60348abc171,Pengguna Google,https://play-lh.googleusercontent.com/EGemoI2NTXmTsBVtJqk8jxF9rh8ApRWfsIMQSt2uE4OcpQqbFu7f7NbTK05lx80nuSijCz7sc3a277R67g,"Transjakarta itu enak banget buat ngelawan macet di Jakarta. Rute-nya banyak, jadi gampang banget nyampe kemana aja, bintang lima deh buat apknya",5,0,,2025-02-13 15:33:39,,,
bf53e0e9-c86c-461e-8507-ff879ab72340,Pengguna Google,https://play-lh.googleusercontent.com/EGemoI2NTXmTsBVtJqk8jxF9rh8ApRWfsIMQSt2uE4OcpQqbFu7f7NbTK05lx80nuSijCz7sc3a277R67g,"sangat membantu dan aplikasinya juga mudah dimengerti. live locationnya juga akurat, terus tingkatin lagi yaaa sistemnya",5,0,2.1.10,2025-02-13 15:32:16,,,2.1.10
4b1c7a70-8722-42b0-9cb3-79962ac34178,Pengguna Google,https://play-lh.googleusercontent.com/EGemoI2NTXmTsBVtJqk8jxF9rh8ApRWfsIMQSt2uE4OcpQqbFu7f7NbTK05lx80nuSijCz7sc3a277R67g,Sangat membantu memundahkan perjalanan di Jakarta. Jadwal & rutenya jg jelas. Semoga makin berkembang. Mantap,5,0,,2025-02-13 15:19:45,,,
a16e9e9b-ad85-4491-8d18-c917977ad69a,Pengguna Google,https://play-lh.googleusercontent.com/EGemoI2NTXmTsBVtJqk8jxF9rh8ApRWfsIMQSt2uE4OcpQqbFu7f7NbTK05lx80nuSijCz7sc3a277R67g,mnrtku apk ini sabgat membantu alam pemilahan rute dan membuat kita jadi tahu knpa cpt atau lambat t nya thanks developerya,5,0,2.1.10,2025-02-13 09:45:22,,,2.1.10
b26e1d68-1103-4e93-b7ed-e10cf664e297,Pengguna Google,https://play-lh.googleusercontent.com/EGemoI2NTXmTsBVtJqk8jxF9rh8ApRWfsIMQSt2uE4OcpQqbFu7f7NbTK05lx80nuSijCz7sc3a277R67g,"Aplikasi Transjakarta yg sangat user friendly, memudahkan para pengguna dan sangat membantu perjalanan kami",5,0,2.1.10,2025-02-13 08:58:37,,,2.1.10
d1ca9d88-10d0-451b-9b2c-68d17ec6aa2d,Pengguna Google,https://play-lh.googleusercontent.com/EGemoI2NTXmTsBVtJqk8jxF9rh8ApRWfsIMQSt2uE4OcpQqbFu7f7NbTK05lx80nuSijCz7sc3a277R67g,"Nah ini aplikasi yg memudahkan kita keliling jakarta. Cocok banget buat jalan² bareng keluarga, tinggal buka aplikasi transjakarta bisa liat rute dengan mudah.",5,0,2.1.10,2025-02-13 08:17:28,,,2.1.10
d8549d45-d4e0-4ed1-9f54-3bd5c262638a,Pengguna Google,https://play-lh.googleusercontent.com/EGemoI2NTXmTsBVtJqk8jxF9rh8ApRWfsIMQSt2uE4OcpQqbFu7f7NbTK05lx80nuSijCz7sc3a277R67g,Aplikasi ini membuat saya lebih mudah untuk menggunakan transportasi umum di Jakarta. Terima kasih Transjakarta 👍🏻,5,0,2.1.10,2025-02-12 19:40:45,,,2.1.10
c64b2f1f-0dc6-4f1f-9017-af3d0209ab37,Pengguna Google,https://play-lh.googleusercontent.com/EGemoI2NTXmTsBVtJqk8jxF9rh8ApRWfsIMQSt2uE4OcpQqbFu7f7NbTK05lx80nuSijCz7sc3a277R67g,"Aplikasinya sangat berguna dan membantu saya sehari-hari, fitur-fiturnya juga okk",5,0,2.1.10,2025-02-12 18:46:58,,,2.1.10
b29f0530-1cee-4456-b44a-cdd6b4dd41d6,Pengguna Google,https://play-lh.googleusercontent.com/EGemoI2NTXmTsBVtJqk8jxF9rh8ApRWfsIMQSt2uE4OcpQqbFu7f7NbTK05lx80nuSijCz7sc3a277R67g,Dengan fitur-fitur yang lengkap aplikasi ini sangat membantu untuk perjalanan sehari-hari. Desain aplikasi nya juga sangat menarik dan mudah di pahami setiap fitur nya.,5,0,,2025-02-12 18:33:46,,,
c6195401-275f-42c6-b82c-edc4bf692e1b,Pengguna Google,https://play-lh.googleusercontent.com/EGemoI2NTXmTsBVtJqk8jxF9rh8ApRWfsIMQSt2uE4OcpQqbFu7f7NbTK05lx80nuSijCz7sc3a277R67g,"Sangat membantu membaca kapan bus akan datang. Perlu ditingkatkan lagi jenis bus 3 pintu atau 2 pintu. Kadang masih salah baca nomor bus, 9C dibaca 13B, etc. Walaupun banyak yg masih harus ditingkatkan, overall aplikasi ini sangat membantu. Terimakasih banyak buat developer.",5,0,2.1.10,2025-02-12 18:06:44,,,2.1.10
4659646a-9916-4ed6-b8d8-39abefca4948,Pengguna Google,https://play-lh.googleusercontent.com/EGemoI2NTXmTsBVtJqk8jxF9rh8ApRWfsIMQSt2uE4OcpQqbFu7f7NbTK05lx80nuSijCz7sc3a277R67g,Masa tiket yg tersedia cuma utk BRT doang.. parahh,1,0,2.1.10,2025-02-12 17:06:27,,,2.1.10
e9dbd570-29b8-407d-b1c9-b5b1591bac88,Pengguna Google,https://play-lh.googleusercontent.com/EGemoI2NTXmTsBVtJqk8jxF9rh8ApRWfsIMQSt2uE4OcpQqbFu7f7NbTK05lx80nuSijCz7sc3a277R67g,"aplikasi ini membantu banget sih, informasi mengenai jadwal keberangkatan, tujuan itu detail dan jelas. sangat membantu saya untuk bepergian",5,0,2.1.10,2025-02-12 16:14:44,,,2.1.10
7529cbb7-9c46-46db-9980-c7601193214d,Pengguna Google,https://play-lh.googleusercontent.com/EGemoI2NTXmTsBVtJqk8jxF9rh8ApRWfsIMQSt2uE4OcpQqbFu7f7NbTK05lx80nuSijCz7sc3a277R67g,"Aplikasi yang sangat memudahkan perjalanan, fitur lengkap, gak ngelag ngelag juga, so helpfull",5,0,,2025-02-12 16:06:22,,,
c6c9d837-8c31-44fc-9518-a24ab37dfc53,Pengguna Google,https://play-lh.googleusercontent.com/EGemoI2NTXmTsBVtJqk8jxF9rh8ApRWfsIMQSt2uE4OcpQqbFu7f7NbTK05lx80nuSijCz7sc3a277R67g,Sejak pake aplikasi ini jadi kebantu banget buat cek jadwal perjalanan transjakarta. Fitur di aplikasi juga sudah sangat lengkap sehingga nyaman di pakai.,5,0,,2025-02-12 12:58:15,,,
80cd54f3-6153-402a-a1c4-2e88d7df8590,Pengguna Google,https://play-lh.googleusercontent.com/EGemoI2NTXmTsBVtJqk8jxF9rh8ApRWfsIMQSt2uE4OcpQqbFu7f7NbTK05lx80nuSijCz7sc3a277R67g,App transjakarta memudahkan saya untuk mencari rute dan perjalanan nya juga sangat cepat dan juga praktis saya sangat suka deh pokonya dengan app transjakarta inii,5,0,,2025-02-12 12:26:28,,,
a054f40d-4eeb-42b7-b810-9f6681c49ab4,Pengguna Google,https://play-lh.googleusercontent.com/EGemoI2NTXmTsBVtJqk8jxF9rh8ApRWfsIMQSt2uE4OcpQqbFu7f7NbTK05lx80nuSijCz7sc3a277R67g,Aplikasi ini sangat membantu banget dan sangat mudah untuk mencari lokasi dan tempat tujuan,5,0,2.1.10,2025-02-12 12:02:59,,,2.1.10
2d3f8ac7-3b83-44c9-b8a4-82f9e56e8414,Pengguna Google,https://play-lh.googleusercontent.com/EGemoI2NTXmTsBVtJqk8jxF9rh8ApRWfsIMQSt2uE4OcpQqbFu7f7NbTK05lx80nuSijCz7sc3a277R67g,"tampilan aplikasinya bagus banget, selain itu juga bekerja secara optimal. jadinya memudahkan pengguna banget",5,0,2.1.10,2025-02-12 11:53:10,,,2.1.10
14a6a5e9-db36-45b4-bcdc-2d42415eba7f,Pengguna Google,https://play-lh.googleusercontent.com/EGemoI2NTXmTsBVtJqk8jxF9rh8ApRWfsIMQSt2uE4OcpQqbFu7f7NbTK05lx80nuSijCz7sc3a277R67g,Sangat membantu untuk mengetahui titik keberadaan lokasi bis dan rutenya lengkap untuk seluruh koridor di ibukota..trimakasih,5,0,2.1.10,2025-02-12 11:48:36,,,2.1.10
daf8a714-011f-4e35-b5f7-4897f845ec66,Pengguna Google,https://play-lh.googleusercontent.com/EGemoI2NTXmTsBVtJqk8jxF9rh8ApRWfsIMQSt2uE4OcpQqbFu7f7NbTK05lx80nuSijCz7sc3a277R67g,"Aplikasi ini sangat membantu saya untuk menemukan rute bus Transjakarta yang tepat dan memantau jadwal keberangkatan. Aplikasi ini sangat mudah digunakan dan memiliki antarmuka yang intuitif. Menyediakan informasi yang akurat tentang rute bus, jadwal keberangkatan, dan harga tiket. Memudahkan saya menemukan halte bus.",5,0,2.1.10,2025-02-12 11:39:58,,,2.1.10
538b747c-a2e5-4b88-9d71-d4a824c6929d,Pengguna Google,https://play-lh.googleusercontent.com/EGemoI2NTXmTsBVtJqk8jxF9rh8ApRWfsIMQSt2uE4OcpQqbFu7f7NbTK05lx80nuSijCz7sc3a277R67g,"Aplikasinya membantu banget dalam memudahkan perjalanan, dari beli tiket dan live tracking bus bisa langsung dari aplikasi jadi menghemat waktu dan lebih efisien.",5,0,2.1.10,2025-02-12 08:53:05,,,2.1.10
8c2b9874-424f-4d3c-b3d0-0e5edd6100cb,Pengguna Google,https://play-lh.googleusercontent.com/EGemoI2NTXmTsBVtJqk8jxF9rh8ApRWfsIMQSt2uE4OcpQqbFu7f7NbTK05lx80nuSijCz7sc3a277R67g,"Suka banget naik TJ soal nya nyaman dan mudah dibanding transport lain , dan juga harga nya murah , di permudah lagi dengan adanya aplikasi ini jadi buat kita tau rute rute dan jadwal yang realtime mantap banget, apalagi aplikasi nya ngga ribed mudah dipahami",5,0,,2025-02-12 08:47:27,,,
b316d653-abc7-48b9-a6db-0665ed0bd14a,Pengguna Google,https://play-lh.googleusercontent.com/EGemoI2NTXmTsBVtJqk8jxF9rh8ApRWfsIMQSt2uE4OcpQqbFu7f7NbTK05lx80nuSijCz7sc3a277R67g,Sangat membantu untuk melihat jadwal keberangkatan Transjakarta dan melihat rutenya fiturnya juga sudah oke bgttt,5,0,2.1.10,2025-02-12 08:30:08,,,2.1.10
f7b9742b-0479-43b9-b1a4-5ab85ee94387,Pengguna Google,https://play-lh.googleusercontent.com/EGemoI2NTXmTsBVtJqk8jxF9rh8ApRWfsIMQSt2uE4OcpQqbFu7f7NbTK05lx80nuSijCz7sc3a277R67g,aplikasi yang sangat memudahkan bagi yg pengen keliling Jakarta. Perjalanan jadi mudah karena jadwal bener real time,5,0,2.1.10,2025-02-12 08:28:09,,,2.1.10
2fafb87d-cd42-49fb-99d8-789dcd64da58,Pengguna Google,https://play-lh.googleusercontent.com/EGemoI2NTXmTsBVtJqk8jxF9rh8ApRWfsIMQSt2uE4OcpQqbFu7f7NbTK05lx80nuSijCz7sc3a277R67g,"supir Armada mikrotrans. supir emosian ga sabaran suka marah marah ga pandang umur, juga kebanyakan UGAL UGALAN padahal didaerah perkampungan. padahal rata rata penumpang disini anak sekolahan.",1,0,2.1.10,2025-02-11 14:26:34,,,2.1.10
80193021-561f-4eb7-b1e5-e6c025bc7cbb,Pengguna Google,https://play-lh.googleusercontent.com/EGemoI2NTXmTsBVtJqk8jxF9rh8ApRWfsIMQSt2uE4OcpQqbFu7f7NbTK05lx80nuSijCz7sc3a277R67g,Aplikasi Transjakarta ini bener2 ngebantu banget buat aku yang sehari-hari menggunakan tj buat ke kampus. Bsa tau info2 tentang tj dan memudahkan aku buat beli tiket tj nya😆💗,5,0,2.1.10,2025-02-11 11:42:18,,,2.1.10
fe2f14a4-ff44-4536-b37a-d9921c711c5b,Pengguna Google,https://play-lh.googleusercontent.com/EGemoI2NTXmTsBVtJqk8jxF9rh8ApRWfsIMQSt2uE4OcpQqbFu7f7NbTK05lx80nuSijCz7sc3a277R67g,Aplikasi transjakarta sangat membantu bagi aku yg ga punya kendaraan....terima kasih min,5,0,2.1.10,2025-02-11 10:52:55,,,2.1.10
6dd31d1e-4456-4098-a909-c94e5a2adfe7,Pengguna Google,https://play-lh.googleusercontent.com/EGemoI2NTXmTsBVtJqk8jxF9rh8ApRWfsIMQSt2uE4OcpQqbFu7f7NbTK05lx80nuSijCz7sc3a277R67g,"Sebagai mahasiswa yang baru pindah kampus dan belum hafal rute, aplikasi Transjakarta sangat membantu! Bisa cek jalur, halte terdekat, dan perkiraan waktu bus datang. Bener-bener solusi buat mahasiswa rantau biar nggak nyasar!",5,0,2.1.10,2025-02-11 10:19:21,,,2.1.10
b6f9a94d-01c5-46ae-bd0b-ef7872bd042f,Pengguna Google,https://play-lh.googleusercontent.com/EGemoI2NTXmTsBVtJqk8jxF9rh8ApRWfsIMQSt2uE4OcpQqbFu7f7NbTK05lx80nuSijCz7sc3a277R67g,"Aplikasi nya sangat membantu, Sekarang tidak binggung lagi mau naik transjakarta karena dalam Aplikasinya sudah lengkap fiturnya, mudah dipahami, lengkap semua jadwal dan rute perjalanan bus juga. Keren sekali",5,0,2.1.10,2025-02-11 08:25:25,,,2.1.10
056b6fee-5bf3-45a3-8819-d1b5a0327eef,Pengguna Google,https://play-lh.googleusercontent.com/EGemoI2NTXmTsBVtJqk8jxF9rh8ApRWfsIMQSt2uE4OcpQqbFu7f7NbTK05lx80nuSijCz7sc3a277R67g,Gak jelas gak sesuai kedatangan bus,2,0,2.1.10,2025-02-11 05:01:02,,,2.1.10
b07103c1-4c4d-42e9-bdf5-90ad1dcb89a5,Pengguna Google,https://play-lh.googleusercontent.com/EGemoI2NTXmTsBVtJqk8jxF9rh8ApRWfsIMQSt2uE4OcpQqbFu7f7NbTK05lx80nuSijCz7sc3a277R67g,CUSTOMER SERVICE TRANJAKARTA TUKANG BOHONG JANJI MAU DIBALIKIN TP NOL BESAR JANGAN TOP UP LEWAT VENDING MESINNYA DI HALTE BUSWAY KALO GAGAL KAGA BAKALAN DIBALIKIN UANGNYA ENTAH UANGNYA DI KEMANAIN??? BONGKAR AJA TUH MESIN2 BIKIN RUGI KONSUMEN AJA,1,0,2.1.10,2025-02-10 23:51:14,,,2.1.10
45e1224d-5326-44b5-be45-34a848f8bd7f,Pengguna Google,https://play-lh.googleusercontent.com/EGemoI2NTXmTsBVtJqk8jxF9rh8ApRWfsIMQSt2uE4OcpQqbFu7f7NbTK05lx80nuSijCz7sc3a277R67g,"Saya pengguna kursi roda, tolong diaplikasi ini setiap halte Transjakarta tolong juga ditambah dengan keterangan bisa atau tidak akses untuk kursi roda",5,0,2.1.10,2025-02-10 19:09:30,,,2.1.10
eb513539-ebc6-471e-90b3-08dbcd841213,Pengguna Google,https://play-lh.googleusercontent.com/EGemoI2NTXmTsBVtJqk8jxF9rh8ApRWfsIMQSt2uE4OcpQqbFu7f7NbTK05lx80nuSijCz7sc3a277R67g,NYALAIN FEEDBACK LO SAYA MAU KOMPLAIN TENTANG SUPIR LO YG SEENAKNYA BAWA BIS. KARENA GAK BIDA KOMPLAIN SAYA UPLOAD KE SOSMED AJA,1,0,2.1.10,2025-02-10 18:17:28,,,2.1.10
21f702a5-ea54-48f4-88cd-d50f0c328ae9,Pengguna Google,https://play-lh.googleusercontent.com/EGemoI2NTXmTsBVtJqk8jxF9rh8ApRWfsIMQSt2uE4OcpQqbFu7f7NbTK05lx80nuSijCz7sc3a277R67g,"Aplikasi TransJakarta ini sangat membantu saya dalam merencanakan perjalanan sehari-hari. Informasi jadwal bus real-time cukup akurat, sehingga saya bisa mengatur waktu dengan lebih baik. Selain itu, fitur rute dan halte terdekat sangat berguna bagi pengguna baru maupun yang sudah sering naik bus. Desain aplikasinya juga simpel dan mudah dipahami.",5,1,2.1.10,2025-02-10 16:35:04,,,2.1.10
fbc8518e-3e12-420d-aa50-1307d43d96a6,Pengguna Google,https://play-lh.googleusercontent.com/EGemoI2NTXmTsBVtJqk8jxF9rh8ApRWfsIMQSt2uE4OcpQqbFu7f7NbTK05lx80nuSijCz7sc3a277R67g,"Saya sudah berkali kali beli tiket bus reguler, setiap beli selalu invalid, padahal baru beli, jadinya saya harus beli sekali lagi supaya bisa, tolong diperbaiki ya, sudah berapa duit yang saya keluarkan",1,0,2.1.10,2025-02-10 16:00:53,,,2.1.10
198fcb2e-7a49-4604-8db3-4ec1ade14ae2,Pengguna Google,https://play-lh.googleusercontent.com/EGemoI2NTXmTsBVtJqk8jxF9rh8ApRWfsIMQSt2uE4OcpQqbFu7f7NbTK05lx80nuSijCz7sc3a277R67g,"Aplikasi Transjakarta memudahkan aku saat di jakarta buat cari rute, dan halte terdekat. aplikasi yang sangat membantu!",5,0,2.1.10,2025-02-10 15:39:10,,,2.1.10
2d59d37b-34e2-4ad1-ba86-4f7477c61948,Pengguna Google,https://play-lh.googleusercontent.com/EGemoI2NTXmTsBVtJqk8jxF9rh8ApRWfsIMQSt2uE4OcpQqbFu7f7NbTK05lx80nuSijCz7sc3a277R67g,"""Aplikasi jakart,memudahkan perjalan ku yg jauh.",5,0,2.1.10,2025-02-10 15:05:41,,,2.1.10
1eb261a6-b167-4f5e-a46b-2a516831a1c4,Pengguna Google,https://play-lh.googleusercontent.com/EGemoI2NTXmTsBVtJqk8jxF9rh8ApRWfsIMQSt2uE4OcpQqbFu7f7NbTK05lx80nuSijCz7sc3a277R67g,"aplikasi nya membantu bgt sii, rute nya lancar ga ngelek maupun eror, fitur-fitur nya juga oke",5,0,2.1.10,2025-02-10 13:52:23,,,2.1.10
ca70b7e4-381b-4669-a10a-a221df8acd8f,Pengguna Google,https://play-lh.googleusercontent.com/EGemoI2NTXmTsBVtJqk8jxF9rh8ApRWfsIMQSt2uE4OcpQqbFu7f7NbTK05lx80nuSijCz7sc3a277R67g,"aplikasi ini memudahkan kita untuk keliling jakarta, cocok buat yang mau berpergian dengan teman atau keluarga, nyaman dan bersih, mencari rute nya juga sangat mudah",5,0,2.1.10,2025-02-10 10:02:32,,,2.1.10
15ab71e7-0fea-4568-9a4e-b8bcd1f26742,Pengguna Google,https://play-lh.googleusercontent.com/EGemoI2NTXmTsBVtJqk8jxF9rh8ApRWfsIMQSt2uE4OcpQqbFu7f7NbTK05lx80nuSijCz7sc3a277R67g,sangat membantu sya dalam mencari rute terdekat.,5,0,2.1.10,2025-02-10 09:38:27,,,2.1.10
1a59ff20-a35f-4a94-9a6a-38a223668ecb,Pengguna Google,https://play-lh.googleusercontent.com/EGemoI2NTXmTsBVtJqk8jxF9rh8ApRWfsIMQSt2uE4OcpQqbFu7f7NbTK05lx80nuSijCz7sc3a277R67g,Tracking Mikrotrans serasa tracking Mikrotrans Ghoib,5,0,2.1.10,2025-02-10 09:04:36,,,2.1.10
62958037-b14e-42ff-a4d6-473a931129f9,Pengguna Google,https://play-lh.googleusercontent.com/EGemoI2NTXmTsBVtJqk8jxF9rh8ApRWfsIMQSt2uE4OcpQqbFu7f7NbTK05lx80nuSijCz7sc3a277R67g,"Transjakarta sepertinya tidak kapok setelah mendapatkan denda karena sering telat dan tidak tepat waktu, kali ini sy diarahkan untuk naik memutar dan double tap",2,0,2.1.10,2025-02-10 05:30:21,,,2.1.10
82a8ade0-4749-4615-a0be-12891fa16a25,Pengguna Google,https://play-lh.googleusercontent.com/EGemoI2NTXmTsBVtJqk8jxF9rh8ApRWfsIMQSt2uE4OcpQqbFu7f7NbTK05lx80nuSijCz7sc3a277R67g,Bagi saya trans jakarta ini sangat ideal utk kemana tujuan tanpa terobsesi debu dan teriknya mentari juga sangat cepat sampai hanya saya blm punya card lansia usiaku dah 66 .disebbkan blom ada bajet dan saya pula tinggalnya di Jawa kata tak bisa ambil KLO bukan warga DKI.,5,0,2.1.10,2025-02-09 16:38:08,,,2.1.10
9853b722-4c0f-4c5c-a05d-4a34bbaffda9,Pengguna Google,https://play-lh.googleusercontent.com/EGemoI2NTXmTsBVtJqk8jxF9rh8ApRWfsIMQSt2uE4OcpQqbFu7f7NbTK05lx80nuSijCz7sc3a277R67g,"Banyak yang harus di benahi.... Terutama standar pelayanan yang katanya keberangkatan jam terakhir di 22.00 pada titik awal keberangkatan, tetapi kenyataannya tidak sesuai dengan ketentuan jam itu.",1,0,2.1.10,2025-02-08 22:37:31,,,2.1.10
047120df-9e71-4a5a-94cc-153ec7750b77,Pengguna Google,https://play-lh.googleusercontent.com/EGemoI2NTXmTsBVtJqk8jxF9rh8ApRWfsIMQSt2uE4OcpQqbFu7f7NbTK05lx80nuSijCz7sc3a277R67g,Apk ini lama kelamaan kurang akurat untuk pelacakan bus Transjakarta dan angkot jaklingko,3,0,2.1.10,2025-02-08 10:14:56,,,2.1.10
b3db1cea-ca28-4650-9f67-c00b416a4c95,Pengguna Google,https://play-lh.googleusercontent.com/EGemoI2NTXmTsBVtJqk8jxF9rh8ApRWfsIMQSt2uE4OcpQqbFu7f7NbTK05lx80nuSijCz7sc3a277R67g,"Saya sangat puas dengan aplikasi Transjakarta! Antarmuka yang intuitif, informasi jadwal dan rute lengkap, serta update real-time sangat membantu perjalanan saya sehari-hari. Aplikasi ini benar-benar mempermudah mobilitas di Jakarta.",5,0,2.1.10,2025-02-07 18:14:26,,,2.1.10
598d4215-7d28-4c79-a84b-1317108779b0,Pengguna Google,https://play-lh.googleusercontent.com/EGemoI2NTXmTsBVtJqk8jxF9rh8ApRWfsIMQSt2uE4OcpQqbFu7f7NbTK05lx80nuSijCz7sc3a277R67g,"ngelag apknya kaya gabisa kembali abis mantau detail bus, trus mau cari rute juga sulit banget ga keluar rutenya aneh",2,0,2.1.10,2025-02-07 11:39:14,,,2.1.10
ca8f06c7-9982-4fbd-84c4-92bc97a4b497,Pengguna Google,https://play-lh.googleusercontent.com/EGemoI2NTXmTsBVtJqk8jxF9rh8ApRWfsIMQSt2uE4OcpQqbFu7f7NbTK05lx80nuSijCz7sc3a277R67g,"Aplikasi ini sangat membantu , memudahkan perjalanan mau kemana mana Dengan ini",5,0,2.1.10,2025-02-07 11:16:07,,,2.1.10
bec057ce-de61-4268-bc19-3b846ed2dfce,Pengguna Google,https://play-lh.googleusercontent.com/EGemoI2NTXmTsBVtJqk8jxF9rh8ApRWfsIMQSt2uE4OcpQqbFu7f7NbTK05lx80nuSijCz7sc3a277R67g,"aplikasi bener² membntu saya dalam perjalanan,melihat jadwal dan rute bus..fiturnya trackinya jga sangat akurat,bener² mumudahkan...",5,0,,2025-02-07 10:37:51,,,
f0c8ced1-7497-435e-87d1-9a202f1db3e9,Pengguna Google,https://play-lh.googleusercontent.com/EGemoI2NTXmTsBVtJqk8jxF9rh8ApRWfsIMQSt2uE4OcpQqbFu7f7NbTK05lx80nuSijCz7sc3a277R67g,aplikasi buruk dan jelek. sampah,1,0,2.1.10,2025-02-06 18:39:31,,,2.1.10
260034b4-0bdd-46a6-ad10-9496ec1e5d87,Pengguna Google,https://play-lh.googleusercontent.com/EGemoI2NTXmTsBVtJqk8jxF9rh8ApRWfsIMQSt2uE4OcpQqbFu7f7NbTK05lx80nuSijCz7sc3a277R67g,Mohon maaf bintang nya hanya 1 karena saya kurang puas untuk metode pembayaran nya mohon di tambahkan lagi agar penumpang bisa membayar menggunakan e-wallet dan virtual account bank,1,0,2.1.10,2025-02-06 16:12:39,,,2.1.10
b55151e4-4190-4f0e-9487-8fe1e2e17619,Pengguna Google,https://play-lh.googleusercontent.com/EGemoI2NTXmTsBVtJqk8jxF9rh8ApRWfsIMQSt2uE4OcpQqbFu7f7NbTK05lx80nuSijCz7sc3a277R67g,Sangat bagus,5,0,2.1.10,2025-02-06 14:28:55,,,2.1.10
0b644ef3-2f56-4ebf-9d9b-b41219845556,Pengguna Google,https://play-lh.googleusercontent.com/EGemoI2NTXmTsBVtJqk8jxF9rh8ApRWfsIMQSt2uE4OcpQqbFu7f7NbTK05lx80nuSijCz7sc3a277R67g,Parah nunggu busway arah Juanda sampai 30 mnt padahal di jam sibuk tapi bisa gak ada,1,0,2.1.10,2025-02-06 06:44:21,,,2.1.10
d77827e5-39a2-4e4b-a190-f42c1b8abf74,Pengguna Google,https://play-lh.googleusercontent.com/EGemoI2NTXmTsBVtJqk8jxF9rh8ApRWfsIMQSt2uE4OcpQqbFu7f7NbTK05lx80nuSijCz7sc3a277R67g,Odo transfortasijakarta,5,0,2.1.10,2025-02-05 22:47:06,,,2.1.10
87874a56-2a9f-4f61-b23d-7a64900037b3,Pengguna Google,https://play-lh.googleusercontent.com/EGemoI2NTXmTsBVtJqk8jxF9rh8ApRWfsIMQSt2uE4OcpQqbFu7f7NbTK05lx80nuSijCz7sc3a277R67g,Maaf kasih bintang 1 dulu Buat tap masuk atau keluar lama kalau ga ada petugas ribet Kadang pulang kerja jam 5/6 buat cek tiket susah minta ampun Tolong perbaiki lagi system nya,1,0,2.1.10,2025-02-05 18:44:09,,,2.1.10
129881be-5f84-4815-9c1a-b43f9ed1922e,Pengguna Google,https://play-lh.googleusercontent.com/EGemoI2NTXmTsBVtJqk8jxF9rh8ApRWfsIMQSt2uE4OcpQqbFu7f7NbTK05lx80nuSijCz7sc3a277R67g,Harus update donk posisi Busway nya jadi ga buang buang waktu menunggu,2,0,2.1.10,2025-02-05 07:51:54,,,2.1.10
632f6fa6-99e5-4d1c-9e18-fe8276343574,Pengguna Google,https://play-lh.googleusercontent.com/EGemoI2NTXmTsBVtJqk8jxF9rh8ApRWfsIMQSt2uE4OcpQqbFu7f7NbTK05lx80nuSijCz7sc3a277R67g,"Kurang bagus belakangan ini loading terus setelah transaksi tiket gak mau muncul, malah saya pikir signal saya yg buruk dan saya back lagi jadi 3x transaksi, COBA DI PERBAIKI APLIKASINYA",3,0,,2025-02-04 18:14:00,,,
19cf150e-822a-4274-b758-3d27b97fe9d7,Pengguna Google,https://play-lh.googleusercontent.com/EGemoI2NTXmTsBVtJqk8jxF9rh8ApRWfsIMQSt2uE4OcpQqbFu7f7NbTK05lx80nuSijCz7sc3a277R67g,"apknya bagusss enk buat kemn mn, trus ngurangi macet juga.",5,0,2.1.10,2025-02-04 17:08:15,,,2.1.10
79d5a324-6efb-43c3-89af-85a1afb721a6,Pengguna Google,https://play-lh.googleusercontent.com/EGemoI2NTXmTsBVtJqk8jxF9rh8ApRWfsIMQSt2uE4OcpQqbFu7f7NbTK05lx80nuSijCz7sc3a277R67g,akurat bangat untuk cari tau posisi bus nya,5,0,,2025-02-04 17:04:58,,,
ff7159c9-831a-4960-b0e8-f60e7fc90fc3,Pengguna Google,https://play-lh.googleusercontent.com/EGemoI2NTXmTsBVtJqk8jxF9rh8ApRWfsIMQSt2uE4OcpQqbFu7f7NbTK05lx80nuSijCz7sc3a277R67g,Aplikasi Transjakarta sangat membantu dalam merencanakan perjalanan. Jadwal bus real-time dan fitur rute yang jelas membuat perjalanan lebih mudah dan efisien. Antarmukanya juga simpel dan mudah digunakan.,5,0,2.1.10,2025-02-04 16:47:52,,,2.1.10
3d32bbb7-59ff-4e5e-9ac3-ec339ddf0958,Pengguna Google,https://play-lh.googleusercontent.com/EGemoI2NTXmTsBVtJqk8jxF9rh8ApRWfsIMQSt2uE4OcpQqbFu7f7NbTK05lx80nuSijCz7sc3a277R67g,"Sangat membantu, saran untuk lebih aware dengan mesin top up nya min. Sangat merugikan dan menyusahkan karena sering sekali gangguan ""dki"". Mohon untuk di periksa lagi untuk maintenance secara berkala.",4,0,,2025-02-04 15:20:25,,,
c545b8f9-ceea-4537-beb5-e58409d73e10,Pengguna Google,https://play-lh.googleusercontent.com/EGemoI2NTXmTsBVtJqk8jxF9rh8ApRWfsIMQSt2uE4OcpQqbFu7f7NbTK05lx80nuSijCz7sc3a277R67g,Panduan lengkap dan efektif. Langkah mudah dan cepat mengetahui rute² perjalanan Transjakarta terimakasih Transjakarta,5,0,2.1.10,2025-02-04 11:39:48,,,2.1.10
5a0fa00e-2643-4eed-a94f-224e858194d0,Pengguna Google,https://play-lh.googleusercontent.com/EGemoI2NTXmTsBVtJqk8jxF9rh8ApRWfsIMQSt2uE4OcpQqbFu7f7NbTK05lx80nuSijCz7sc3a277R67g,Sangat terbantu untuk perjalanan pakai transum TJ jadi lebih mudah 👍,5,0,2.1.10,2025-02-03 11:59:57,,,2.1.10
2220f709-5cdc-4b22-a785-25e378d09d32,Pengguna Google,https://play-lh.googleusercontent.com/EGemoI2NTXmTsBVtJqk8jxF9rh8ApRWfsIMQSt2uE4OcpQqbFu7f7NbTK05lx80nuSijCz7sc3a277R67g,"Terimakasih aplikasi Transjakarta, si penyelamat aku kalo lagi main di jakarta pokoknya , aplikasi ini mudah banget di gunakan, gak lemot di hp dan fiturnya gak ribet juga ❤️",5,0,2.1.10,2025-02-03 11:57:46,,,2.1.10
842a6589-6848-43a6-a663-0034ece0b643,Pengguna Google,https://play-lh.googleusercontent.com/EGemoI2NTXmTsBVtJqk8jxF9rh8ApRWfsIMQSt2uE4OcpQqbFu7f7NbTK05lx80nuSijCz7sc3a277R67g,"Untuk Pantauan Bus 6A,6B Masih Ga Masuk Ya Min ,,?",4,0,2.1.10,2025-02-03 07:35:46,,,2.1.10
f0b5c60d-7ec2-4e08-813b-983faa78f168,Pengguna Google,https://play-lh.googleusercontent.com/EGemoI2NTXmTsBVtJqk8jxF9rh8ApRWfsIMQSt2uE4OcpQqbFu7f7NbTK05lx80nuSijCz7sc3a277R67g,ini aplikasinya bagus dan sangat membantu banget sih apalagi sekarang realtime juga jadinya lebih gampang kalo mau kemana mana,5,0,2.1.10,2025-02-01 21:42:29,,,2.1.10
ca0c2e16-76e3-4229-9b0b-e3794e46ab70,Pengguna Google,https://play-lh.googleusercontent.com/EGemoI2NTXmTsBVtJqk8jxF9rh8ApRWfsIMQSt2uE4OcpQqbFu7f7NbTK05lx80nuSijCz7sc3a277R67g,Aplikasi belum layak digunakan. Loading sangat lambat saat klik menu beli tiket dan lihat tiket. Serta saat scan QR dari Hp ke pintu masuk halte susah banget untuk dibaca oleh mesin gerbang halte. Mohon diperbaikin karena saya benar benar kecewa,1,11,2.1.10,2025-02-01 17:41:25,,,2.1.10
401f2854-e1dd-4003-8667-05748faac4cd,Pengguna Google,https://play-lh.googleusercontent.com/EGemoI2NTXmTsBVtJqk8jxF9rh8ApRWfsIMQSt2uE4OcpQqbFu7f7NbTK05lx80nuSijCz7sc3a277R67g,"aplikasinya bener-bener ngebantu banget, fitur-fiturnya juga oke mudah dipahami. rutenya juga jelas, jos deh",5,0,2.1.10,2025-02-01 14:16:59,,,2.1.10
67608f83-8751-4f15-afe3-a6abb9910d87,Pengguna Google,https://play-lh.googleusercontent.com/EGemoI2NTXmTsBVtJqk8jxF9rh8ApRWfsIMQSt2uE4OcpQqbFu7f7NbTK05lx80nuSijCz7sc3a277R67g,"saya kecewa ,karena kelalaian petugas kartu saya keblokir, waktu tap masuk saya sendiri yang tap bisa, pada saat tap keluar oleh petugas sudah tau gagal, tapi bilangnya gak apa2, tetapi kartu saya keblokir, dn harus bikin kartu baru lagi.",1,0,,2025-02-01 06:44:33,,,
c5962fcd-1b0d-4157-ba2f-2f4657811a1e,Pengguna Google,https://play-lh.googleusercontent.com/EGemoI2NTXmTsBVtJqk8jxF9rh8ApRWfsIMQSt2uE4OcpQqbFu7f7NbTK05lx80nuSijCz7sc3a277R67g,Saya sudah beli tiket tapi tidak bisa ditap udh saya tunggu tapi tidak bisa,1,0,2.1.10,2025-01-31 19:57:32,,,2.1.10
39c26f70-33a9-401e-a9ef-e8366047906e,Pengguna Google,https://play-lh.googleusercontent.com/EGemoI2NTXmTsBVtJqk8jxF9rh8ApRWfsIMQSt2uE4OcpQqbFu7f7NbTK05lx80nuSijCz7sc3a277R67g,"Ribet bgt, knp pembayaran cuman Astra pay doank dah minimal bisa Qris kek",1,0,2.1.10,2025-01-31 19:44:34,,,2.1.10
cf06f0a7-97a7-42ce-bf83-4e26c10e949a,Pengguna Google,https://play-lh.googleusercontent.com/EGemoI2NTXmTsBVtJqk8jxF9rh8ApRWfsIMQSt2uE4OcpQqbFu7f7NbTK05lx80nuSijCz7sc3a277R67g,"Sangat efektif sekali aplikasi ini, saya yang suka naik transportasi umum sangat terbantu. Terimakasih",5,0,2.1.10,2025-01-31 19:21:10,,,2.1.10
86756c39-27a6-4a26-8da5-2ef3261dc6ca,Pengguna Google,https://play-lh.googleusercontent.com/EGemoI2NTXmTsBVtJqk8jxF9rh8ApRWfsIMQSt2uE4OcpQqbFu7f7NbTK05lx80nuSijCz7sc3a277R67g,Apaan aplikasi kayak gini error terus beli tiket uang habis tiketnya gak ada pas di cek.,1,0,2.1.10,2025-01-31 19:01:54,,,2.1.10
78622491-7732-44c3-a6f2-cb7b30f31885,Pengguna Google,https://play-lh.googleusercontent.com/EGemoI2NTXmTsBVtJqk8jxF9rh8ApRWfsIMQSt2uE4OcpQqbFu7f7NbTK05lx80nuSijCz7sc3a277R67g,"Sangat buruk. Mau beli tiket malah keterangannya ""update your phone in your profile"". Padahal sudah di update, tetap tidak bisa.",1,0,2.1.10,2025-01-31 16:53:02,,,2.1.10
9c77066b-3109-4fd3-9dfe-16c1c2a47986,Pengguna Google,https://play-lh.googleusercontent.com/EGemoI2NTXmTsBVtJqk8jxF9rh8ApRWfsIMQSt2uE4OcpQqbFu7f7NbTK05lx80nuSijCz7sc3a277R67g,"Adanya aplikasi ini mempermudah bngt buat org yg suka naik transportasi umum, aplikasinya mudah di mengerti juga",5,0,,2025-01-31 13:43:02,,,
5d2aab73-7e8c-478f-8b16-37ae193ad844,Pengguna Google,https://play-lh.googleusercontent.com/EGemoI2NTXmTsBVtJqk8jxF9rh8ApRWfsIMQSt2uE4OcpQqbFu7f7NbTK05lx80nuSijCz7sc3a277R67g,Kenapa aplikasinya tidak bisa di buka,1,0,2.1.10,2025-01-31 11:43:39,,,2.1.10
605d253e-943b-412f-824b-559e6e91c90b,Pengguna Google,https://play-lh.googleusercontent.com/EGemoI2NTXmTsBVtJqk8jxF9rh8ApRWfsIMQSt2uE4OcpQqbFu7f7NbTK05lx80nuSijCz7sc3a277R67g,"Aplikasinya mudah digunakan, menyediakan detail rute, halte, dan jadwal bus. Fitur pembelian tiket QR mempermudah akses tanpa harus antre di halte.",5,0,2.1.10,2025-01-31 10:29:32,,,2.1.10
1be8f034-b1f1-4d56-bd10-d189451d6fe7,Pengguna Google,https://play-lh.googleusercontent.com/EGemoI2NTXmTsBVtJqk8jxF9rh8ApRWfsIMQSt2uE4OcpQqbFu7f7NbTK05lx80nuSijCz7sc3a277R67g,TAMBAHIN JAK41 LAH ANJ 1 JAM GW NUNGGU JAK41 KTL MANA APLIKASI NYA LEMOT LAGI KTOL NEGARA TOLO SOK²AN BIKIN APLIKASI,1,0,2.1.10,2025-01-31 08:34:58,,,2.1.10
d9a341a7-6bc5-4cab-8135-ec9070c23ff9,Pengguna Google,https://play-lh.googleusercontent.com/EGemoI2NTXmTsBVtJqk8jxF9rh8ApRWfsIMQSt2uE4OcpQqbFu7f7NbTK05lx80nuSijCz7sc3a277R67g,"Wey mana ini, bus2 ragunan kok ga terdeteksi sih",4,0,2.1.10,2025-01-31 08:03:03,,,2.1.10
ff1e6308-96bd-4b2c-a223-ec5a3964135a,Pengguna Google,https://play-lh.googleusercontent.com/EGemoI2NTXmTsBVtJqk8jxF9rh8ApRWfsIMQSt2uE4OcpQqbFu7f7NbTK05lx80nuSijCz7sc3a277R67g,"Mimiiinnn Tj,, kok ini loading Mulu yaaa kalo mau liat kedatangan bus nyaaaa,, mohon tolong di cek miinnnn terimakasih sebelumnya 😔😔",3,0,2.1.10,2025-01-31 07:33:26,,,2.1.10
8f49bcb4-bd2a-452a-8d01-e27324f71643,Pengguna Google,https://play-lh.googleusercontent.com/EGemoI2NTXmTsBVtJqk8jxF9rh8ApRWfsIMQSt2uE4OcpQqbFu7f7NbTK05lx80nuSijCz7sc3a277R67g,selalu lemot utk pengembilan data bus di pagi hari dan ga update..sering kali bus tidak terlihat di aplikasi tapi tiba² nongol di halte,1,0,2.1.10,2025-01-31 06:29:40,,,2.1.10
1e19cfd1-f8e5-4242-8b60-43341a0438a3,Pengguna Google,https://play-lh.googleusercontent.com/EGemoI2NTXmTsBVtJqk8jxF9rh8ApRWfsIMQSt2uE4OcpQqbFu7f7NbTK05lx80nuSijCz7sc3a277R67g,Ga real posisi busway nya di mana abal abal aplikasinya jangan download aplikasi iji,1,0,2.1.10,2025-01-30 17:29:04,,,2.1.10
3e481842-e6d9-4f99-bd86-77075cdd64eb,Pengguna Google,https://play-lh.googleusercontent.com/EGemoI2NTXmTsBVtJqk8jxF9rh8ApRWfsIMQSt2uE4OcpQqbFu7f7NbTK05lx80nuSijCz7sc3a277R67g,jujur pake ini jdi lebih mudah kemana mana terlebih lagi kalo di daerah jakarta jadi sat set ga perlu bingung cari rute karena udh jelas bgt disini,5,0,2.1.10,2025-01-30 16:29:20,,,2.1.10
396b24b2-29ed-4276-8cb8-01799cc1166e,Pengguna Google,https://play-lh.googleusercontent.com/EGemoI2NTXmTsBVtJqk8jxF9rh8ApRWfsIMQSt2uE4OcpQqbFu7f7NbTK05lx80nuSijCz7sc3a277R67g,"dengan aplikasi Transjakarta ini ga perlu khawatir lagi bakal ketinggalan bus, informasi jadwal bus akurat dan bus datang tepat waktu",5,0,2.1.10,2025-01-30 16:04:19,,,2.1.10
420906b0-b35e-4c4a-a071-7cb3301e23ef,Pengguna Google,https://play-lh.googleusercontent.com/EGemoI2NTXmTsBVtJqk8jxF9rh8ApRWfsIMQSt2uE4OcpQqbFu7f7NbTK05lx80nuSijCz7sc3a277R67g,"Aplikasinya mudah dipahami fiturnya lengkap, jadwal dan rute sesuai, ngebantu banget kalau pas ada kerjaan di jakarta",5,0,2.1.10,2025-01-30 15:34:36,,,2.1.10
6c2fb13f-7142-4b99-b066-f8ea332e9083,Pengguna Google,https://play-lh.googleusercontent.com/EGemoI2NTXmTsBVtJqk8jxF9rh8ApRWfsIMQSt2uE4OcpQqbFu7f7NbTK05lx80nuSijCz7sc3a277R67g,"aplikasi ini sangat membantu saya ketika sedang berada dijakarta.. aplikasinya mudah digunakan, rutenya jelas, jadwalnya pas..",5,0,2.1.10,2025-01-30 15:25:57,,,2.1.10
39e8e304-34e4-4b41-a2a0-db1964ce31ab,Pengguna Google,https://play-lh.googleusercontent.com/EGemoI2NTXmTsBVtJqk8jxF9rh8ApRWfsIMQSt2uE4OcpQqbFu7f7NbTK05lx80nuSijCz7sc3a277R67g,"aplikasi Transjakarta bener bener ngebantu banget, fiturnya lengkap dan mudah dipahami. rute nya juga jelas, sangat mudah dan aman",5,0,,2025-01-30 14:23:05,,,
4d79f9a7-838f-40c4-8007-127eb4747afb,Pengguna Google,https://play-lh.googleusercontent.com/EGemoI2NTXmTsBVtJqk8jxF9rh8ApRWfsIMQSt2uE4OcpQqbFu7f7NbTK05lx80nuSijCz7sc3a277R67g,sangat membantu dalam melihat jadwal bus dan real time tracking busnyaa okee,5,0,2.1.10,2025-01-30 14:21:57,,,2.1.10
f56383b0-e891-491c-9914-a59a64440d7d,Pengguna Google,https://play-lh.googleusercontent.com/EGemoI2NTXmTsBVtJqk8jxF9rh8ApRWfsIMQSt2uE4OcpQqbFu7f7NbTK05lx80nuSijCz7sc3a277R67g,Goodjob Transjakarta. Aplikasinya sangat membantu user Transjakarta buat cari tau rute dan mempermudah dalam pembelian tiket..,5,0,2.1.10,2025-01-30 14:21:06,,,2.1.10
a08ff78d-9cc6-4b6f-8509-4636e18b9a13,Pengguna Google,https://play-lh.googleusercontent.com/EGemoI2NTXmTsBVtJqk8jxF9rh8ApRWfsIMQSt2uE4OcpQqbFu7f7NbTK05lx80nuSijCz7sc3a277R67g,"Aplikasinya memudahkan aku yang ga hafal jalanan jakarta, di aplikasi bisa lihat jadwal dan posisi halte bus jadi bener bener membantu banget, harga tiket juga sangat terjangkau.",5,0,2.1.10,2025-01-30 14:16:06,,,2.1.10
67376698-918f-41a2-b6e5-8809898d0613,Pengguna Google,https://play-lh.googleusercontent.com/EGemoI2NTXmTsBVtJqk8jxF9rh8ApRWfsIMQSt2uE4OcpQqbFu7f7NbTK05lx80nuSijCz7sc3a277R67g,"aplikasinya memudahkan perjalananku sebagai anak rantau yang gatau jalanan jakarta. mudah digunakan, tampilannya jg oke bgt",5,0,2.1.10,2025-01-30 14:07:48,,,2.1.10
1d31620b-dc55-4dce-91d5-0782321cd9d6,Pengguna Google,https://play-lh.googleusercontent.com/EGemoI2NTXmTsBVtJqk8jxF9rh8ApRWfsIMQSt2uE4OcpQqbFu7f7NbTK05lx80nuSijCz7sc3a277R67g,"Sangat praktis buat pengguna TransJakarta! Informasi rute dan jadwal bus jelas, jadi nggak perlu bingung lagi. Fitur pelacakan bus juga membantu banget. Semoga ke depannya makin keren dan lengkap!",5,0,2.1.10,2025-01-30 13:54:31,,,2.1.10
91b8348d-e853-4ca5-9fba-2592b012d387,Pengguna Google,https://play-lh.googleusercontent.com/EGemoI2NTXmTsBVtJqk8jxF9rh8ApRWfsIMQSt2uE4OcpQqbFu7f7NbTK05lx80nuSijCz7sc3a277R67g,aplikasi transjakarta sangat membantu buat pesen tiket dan membantu buat yang masih awam mengenai rute transjakarta.. kerenn,5,0,2.1.10,2025-01-30 13:50:35,,,2.1.10
4344c76c-104d-475d-af65-d4f05cc7ead8,Pengguna Google,https://play-lh.googleusercontent.com/EGemoI2NTXmTsBVtJqk8jxF9rh8ApRWfsIMQSt2uE4OcpQqbFu7f7NbTK05lx80nuSijCz7sc3a277R67g,"aku bersyukur banget ada aplikasi ini jdi tu ga repot kalo mau naik Transjakarta, fiturnya juga fungsionalnya terjamin",5,0,2.1.10,2025-01-30 13:42:49,,,2.1.10
d661ad8d-1c3d-4235-9bec-5adc749162f9,Pengguna Google,https://play-lh.googleusercontent.com/EGemoI2NTXmTsBVtJqk8jxF9rh8ApRWfsIMQSt2uE4OcpQqbFu7f7NbTK05lx80nuSijCz7sc3a277R67g,"Admin, ini aplikasi udah bagus cm mau saran sedikit lebih untuk top up bisa langsung di aplikasi aja dan untuk barcode scanner di tiap halte tolong diperbaharui layarnya dibeberapa halte ada susah untuk scan bahkan ada yg ga bisa sama sekali. Saya kasih bintang satu dlu soalnya masih berharap ada perbaikan",1,73,2.1.10,2025-01-30 06:27:50,,,2.1.10
130b44eb-61b8-4c82-9f71-465615f06dfa,Pengguna Google,https://play-lh.googleusercontent.com/EGemoI2NTXmTsBVtJqk8jxF9rh8ApRWfsIMQSt2uE4OcpQqbFu7f7NbTK05lx80nuSijCz7sc3a277R67g,"Aplikasih nya sering eror, kemarin tgl 28 Januari, beli tiket lewat aplikasih 2 kali pembelian gagal, tapi saldo saya tetap kepotong, tolong di perbaiki lagi aplikasih dan sistem lain nya, termasuk saldo costumer yang masih pada nyangkut di kembalikan, terimakasih.",1,0,2.1.10,2025-01-30 00:15:13,,,2.1.10
f7445805-520b-494d-ad52-2e24a50bcaf6,Pengguna Google,https://play-lh.googleusercontent.com/EGemoI2NTXmTsBVtJqk8jxF9rh8ApRWfsIMQSt2uE4OcpQqbFu7f7NbTK05lx80nuSijCz7sc3a277R67g,"Apa bedanya sama JakLingko? Kirain lebih special, ternyata B aja.",3,0,2.1.10,2025-01-29 13:17:22,,,2.1.10
147d2773-1ee1-47a4-ad48-8c6f0991e104,Pengguna Google,https://play-lh.googleusercontent.com/EGemoI2NTXmTsBVtJqk8jxF9rh8ApRWfsIMQSt2uE4OcpQqbFu7f7NbTK05lx80nuSijCz7sc3a277R67g,Kalo ini bener terhubung ke Transjakarta nya langsung tolong dong buat di halte grogol bukan Grogol reformasi yaa. Nunggu bus nya lama banget buat ke Kalideres,1,0,2.1.10,2025-01-28 20:05:50,,,2.1.10
9184857a-6c94-48d9-b83a-b4e64ca03e67,Pengguna Google,https://play-lh.googleusercontent.com/EGemoI2NTXmTsBVtJqk8jxF9rh8ApRWfsIMQSt2uE4OcpQqbFu7f7NbTK05lx80nuSijCz7sc3a277R67g,"Sangat sangat membantu yang tidak tahu rute tj, terimakasih",5,0,2.1.10,2025-01-28 15:19:57,,,2.1.10
ba003b0c-7b75-488f-9d9d-7eec7e1d7322,Pengguna Google,https://play-lh.googleusercontent.com/EGemoI2NTXmTsBVtJqk8jxF9rh8ApRWfsIMQSt2uE4OcpQqbFu7f7NbTK05lx80nuSijCz7sc3a277R67g,tolong jurusan jis d perbanyak dn dipercepat,1,0,2.1.10,2025-01-28 13:41:58,,,2.1.10
338cd10f-2c29-4c8a-8460-077ebea3c5f3,Pengguna Google,https://play-lh.googleusercontent.com/EGemoI2NTXmTsBVtJqk8jxF9rh8ApRWfsIMQSt2uE4OcpQqbFu7f7NbTK05lx80nuSijCz7sc3a277R67g,Aplikasi ini benar-benar membantu saya dalam melihat jadwal dan rute bus. Fitur trackingnya juga sangat akurat. Benar-benar memudahkan. Desainnya juga simpel dan mudah di pahami. Tidak bingung bagi pengguna baru. Mantap👍🏻,5,0,2.1.10,2025-01-28 11:13:56,,,2.1.10
923a800c-7a79-4034-aa46-2586f6e2d7f0,Pengguna Google,https://play-lh.googleusercontent.com/EGemoI2NTXmTsBVtJqk8jxF9rh8ApRWfsIMQSt2uE4OcpQqbFu7f7NbTK05lx80nuSijCz7sc3a277R67g,"aku sebagai orang yang kemana-mana pake transjakarta terus tau ada aplikasinya itu bikin ngebantu banget, soalnya jadi tau rute dan info-info terbaru tentang transjakarta! oh iya guys, jangan lupa disini bisa mesen tiket tur transjakarta loh (sunset or night) 😻😻",5,0,2.1.10,2025-01-28 09:52:22,,,2.1.10
2302e122-8213-4e5f-9b2c-46ea883d8aa7,Pengguna Google,https://play-lh.googleusercontent.com/EGemoI2NTXmTsBVtJqk8jxF9rh8ApRWfsIMQSt2uE4OcpQqbFu7f7NbTK05lx80nuSijCz7sc3a277R67g,"Apknya sangat lifesaver buat yang ingin main ke jakarta,jadwal bus dan rutenya jelas dan fitur tracking real time yang akurat.",5,0,2.1.10,2025-01-28 09:43:25,,,2.1.10
65f5e213-d565-48e9-9de1-5895f4c6b78b,Pengguna Google,https://play-lh.googleusercontent.com/EGemoI2NTXmTsBVtJqk8jxF9rh8ApRWfsIMQSt2uE4OcpQqbFu7f7NbTK05lx80nuSijCz7sc3a277R67g,"suka banget pake apk TJ ini jadi lebih gampang lihat jarak TJ terdekat nya. lihat detail rute nya juga dilihatnya gampang, pokonya apk ini bener² mempermudah saya krna suka banget naik TJ kemana mana👍",5,0,2.1.10,2025-01-28 09:35:20,,,2.1.10
6bec001d-11af-4268-951f-1881ee9cb538,Pengguna Google,https://play-lh.googleusercontent.com/EGemoI2NTXmTsBVtJqk8jxF9rh8ApRWfsIMQSt2uE4OcpQqbFu7f7NbTK05lx80nuSijCz7sc3a277R67g,"Sangat rekomendasi!! Apk nya selalu update tentang posisi bus dan kepadatan penumpang keren banget, apk nya sangat membantu. Fiturnya juga nyaman mudah dipahami, terimakasih Transjakarta!!",5,0,,2025-01-28 09:14:37,,,
a32f2a01-c888-4455-a7ce-7c45ba2d986b,Pengguna Google,https://play-lh.googleusercontent.com/EGemoI2NTXmTsBVtJqk8jxF9rh8ApRWfsIMQSt2uE4OcpQqbFu7f7NbTK05lx80nuSijCz7sc3a277R67g,"baru instal lagi, ternyata udah update dengan posisi bus nya sekarang",5,0,2.1.10,2025-01-28 09:03:57,,,2.1.10
23bf6ad0-0cf1-4837-b2d5-f3e878b38b15,Pengguna Google,https://play-lh.googleusercontent.com/EGemoI2NTXmTsBVtJqk8jxF9rh8ApRWfsIMQSt2uE4OcpQqbFu7f7NbTK05lx80nuSijCz7sc3a277R67g,"Ini pembayarannya cuma bisa pakai astrapay? Udah download astrapay harus terhubung ke app tije, eh bisa ke app tije yang lama😩",2,0,2.1.10,2025-01-28 06:50:20,,,2.1.10
03dfb8a1-5572-4ab4-be38-8fe74454db81,Pengguna Google,https://play-lh.googleusercontent.com/EGemoI2NTXmTsBVtJqk8jxF9rh8ApRWfsIMQSt2uE4OcpQqbFu7f7NbTK05lx80nuSijCz7sc3a277R67g,"Ngebantu bangettt!! Cocok banget buat saya yang kadang suka bingung sendiri kalau mau naik transport umum, tapi suka malu kalau nanya sama orangg hihihi, kembangin terus aplikasi nya min!",5,0,2.1.10,2025-01-27 17:29:34,,,2.1.10
cd126f76-c136-4e5f-8618-0ebb1d407506,Pengguna Google,https://play-lh.googleusercontent.com/EGemoI2NTXmTsBVtJqk8jxF9rh8ApRWfsIMQSt2uE4OcpQqbFu7f7NbTK05lx80nuSijCz7sc3a277R67g,"Berguna banget buat orang rantauan kaya aku, jadi ngga takut nyasar. Bisa cek jadwal, rute, live tracking bus. Informasi lengkap, fitur-fitur apknya juga gampang dipahami. Thanks TJ.",5,0,2.1.10,2025-01-27 15:37:50,,,2.1.10
3c815f70-cf84-41a4-a6f1-27b5ae40c947,Pengguna Google,https://play-lh.googleusercontent.com/EGemoI2NTXmTsBVtJqk8jxF9rh8ApRWfsIMQSt2uE4OcpQqbFu7f7NbTK05lx80nuSijCz7sc3a277R67g,"Aplikasi Transjakarta memudahkan perjalananku banget ketika lagi dijakarta. Jadwal dan rute jelas, fiturnya lengkap mudah dipahami semua bisa diatur direncanakan perjalanannya adanya aplikasi ini jadi ga perlu takut late time bahkan tidak kedapatan kursi.",5,14,2.1.10,2025-01-27 15:20:10,,,2.1.10
cef81bbb-72f7-414d-adc6-fe08b82c89ba,Pengguna Google,https://play-lh.googleusercontent.com/EGemoI2NTXmTsBVtJqk8jxF9rh8ApRWfsIMQSt2uE4OcpQqbFu7f7NbTK05lx80nuSijCz7sc3a277R67g,"apk yang sangat amat membantu saya, dengan aplikasi ini membuat saya tidak bingung saat menunggu bis, karena sesuai dan tepat, terimakasih transjakarta",5,0,2.1.10,2025-01-27 15:03:33,,,2.1.10
b3a16fca-e3ca-4310-a4f1-c31b551a1db9,Pengguna Google,https://play-lh.googleusercontent.com/EGemoI2NTXmTsBVtJqk8jxF9rh8ApRWfsIMQSt2uE4OcpQqbFu7f7NbTK05lx80nuSijCz7sc3a277R67g,tracking bus tidak real time,1,0,2.1.10,2025-01-27 13:23:37,,,2.1.10
63994b5b-61ef-4490-810a-182e2c9b817a,Pengguna Google,https://play-lh.googleusercontent.com/EGemoI2NTXmTsBVtJqk8jxF9rh8ApRWfsIMQSt2uE4OcpQqbFu7f7NbTK05lx80nuSijCz7sc3a277R67g,"Aplikasinya bener2 mambantu sekali. Fitur nya nyaman sangat mudah dipahami, apk nya selalu update tentang posisi bus dan kepadatan penumpang kerenn. Terimakasih transjakarta!!!",5,1,2.1.10,2025-01-27 13:11:53,,,2.1.10
56bde051-a85d-4bcf-a7ff-79c3e7424f94,Pengguna Google,https://play-lh.googleusercontent.com/EGemoI2NTXmTsBVtJqk8jxF9rh8ApRWfsIMQSt2uE4OcpQqbFu7f7NbTK05lx80nuSijCz7sc3a277R67g,"Kalo gua bilang Aplikasi ini tuh bagus ya karena sebagai pengguna setia tj aplikasi ini tuh bener bener ngebantuin gua banget karena gua bisa tau nih bus yang bakal gua naikin berapa lama lagi datengnya, serta rute yang melayani halte itu apa aja. Pokoknya lengkap dah.",5,0,2.1.10,2025-01-27 06:38:15,,,2.1.10
54ef1c5d-222c-457e-8c71-5966121686f5,Pengguna Google,https://play-lh.googleusercontent.com/EGemoI2NTXmTsBVtJqk8jxF9rh8ApRWfsIMQSt2uE4OcpQqbFu7f7NbTK05lx80nuSijCz7sc3a277R67g,trackingnya ga akurat,1,0,2.1.10,2025-01-26 18:35:12,,,2.1.10
1424ba5c-a666-47e1-bc50-191ef4d14713,Pengguna Google,https://play-lh.googleusercontent.com/EGemoI2NTXmTsBVtJqk8jxF9rh8ApRWfsIMQSt2uE4OcpQqbFu7f7NbTK05lx80nuSijCz7sc3a277R67g,Aplikasinya ngemudahin kita banget buat check rute busway🫰🏻 jalan-jalan juga jadi happy banget,5,0,,2025-01-26 16:45:58,,,
8a7f54ec-1b05-48b1-a8fb-1c418c250d69,Pengguna Google,https://play-lh.googleusercontent.com/EGemoI2NTXmTsBVtJqk8jxF9rh8ApRWfsIMQSt2uE4OcpQqbFu7f7NbTK05lx80nuSijCz7sc3a277R67g,Aplikasi ini bener bener memudahkan perjalanan kita sebagai pengguna transjakarta. dengan fitur antarmuka yang sederhana dan pembaruan informasi yg akurat sehingga kita tau apa yg terjadi sekarang,5,0,2.1.10,2025-01-26 16:39:14,,,2.1.10
f856e75d-92a0-4c08-92a8-71d2e963e78f,Pengguna Google,https://play-lh.googleusercontent.com/EGemoI2NTXmTsBVtJqk8jxF9rh8ApRWfsIMQSt2uE4OcpQqbFu7f7NbTK05lx80nuSijCz7sc3a277R67g,"Apk Transjakarta memudahkan kita untuk mencari informasi rute yg lengkap, pelacakan bus yg real time, integrasi dengan layanan lai. User Interface nya juga sangat baik",5,0,2.1.10,2025-01-26 16:21:13,,,2.1.10
61447fb6-21f1-4730-96d4-a9990583eba9,Pengguna Google,https://play-lh.googleusercontent.com/EGemoI2NTXmTsBVtJqk8jxF9rh8ApRWfsIMQSt2uE4OcpQqbFu7f7NbTK05lx80nuSijCz7sc3a277R67g,"super duper worth it download app ini karena kita bisa jadi tau tj ada di sekitaran kita jam berapa dll, keren banget pokoknya udah tersusun gitu",5,0,2.1.10,2025-01-26 16:04:11,,,2.1.10
c082d906-d663-427d-ae4e-3fd7a57f1de6,Pengguna Google,https://play-lh.googleusercontent.com/EGemoI2NTXmTsBVtJqk8jxF9rh8ApRWfsIMQSt2uE4OcpQqbFu7f7NbTK05lx80nuSijCz7sc3a277R67g,"Baswey lebak bulus - senen paling parah orang pada nunggu sampe 1 jam belum datang2, basweynya kompoy di senen semua jadi arah balik dari lebak bulus gak ada,orang pada mau kerja, mau kejar waktu banyak yg kesiangan, mau datangnya jam berapa kalau kaya gin, naswey ga ada aturan skali datang kompoy kaya mau tawuran barengan semua,padahal bagusnya ada tenggang waktu 10 menit 1 atau 15 menit 1, kalau ada jaklinko mini memding pilih jacklinko tapi sayanya gak ada",3,1,2.1.10,2025-01-26 10:35:09,,,2.1.10
7d3c7c40-8c1e-4df7-acc9-193c17f76b58,Pengguna Google,https://play-lh.googleusercontent.com/EGemoI2NTXmTsBVtJqk8jxF9rh8ApRWfsIMQSt2uE4OcpQqbFu7f7NbTK05lx80nuSijCz7sc3a277R67g,"Update terus ngabisin kuota malah gak ada tambahan fitur apa apa lagi, ngezoom map nya lari-lari ya susah diatur",1,1,2.1.10,2025-01-25 16:55:12,,,2.1.10
c1c8bfec-1869-42b5-bd6e-91816ecd4f85,Pengguna Google,https://play-lh.googleusercontent.com/EGemoI2NTXmTsBVtJqk8jxF9rh8ApRWfsIMQSt2uE4OcpQqbFu7f7NbTK05lx80nuSijCz7sc3a277R67g,"Tolong dong untuk jurusan Bekasi Cawang agar terintegrasi dengan halte bus transpatriot agar memudahkan penumpang naik turun. , terimakasih",5,0,2.1.10,2025-01-25 14:50:02,,,2.1.10
d20785c9-e290-420a-be55-b7cad66e86cc,Pengguna Google,https://play-lh.googleusercontent.com/EGemoI2NTXmTsBVtJqk8jxF9rh8ApRWfsIMQSt2uE4OcpQqbFu7f7NbTK05lx80nuSijCz7sc3a277R67g,"Aplikasi Transjakarta ini sangat membantu, memudahkan saya mencari rute, dan jadwal bis. Keren pokonya Transjakarta",5,0,2.1.10,2025-01-25 12:10:07,,,2.1.10
bc4c9328-9ab0-45b1-906f-be1341319800,Pengguna Google,https://play-lh.googleusercontent.com/EGemoI2NTXmTsBVtJqk8jxF9rh8ApRWfsIMQSt2uE4OcpQqbFu7f7NbTK05lx80nuSijCz7sc3a277R67g,"Programmer nya kebanyakan tidur kali ya , aplikasi bug parah .. keknya hampir tiap hari gw begitu terus-_- mana buang2 waktu 10 menit buat beli tiket doang , kocak... Apalagi kalo buka barcode buat keluar aja scan lama banget ... Kalo boleh bintang nya -5",1,2,2.1.10,2025-01-24 23:48:19,,,2.1.10
aa3581ed-f734-4794-bc01-ebd0a6174a20,Pengguna Google,https://play-lh.googleusercontent.com/EGemoI2NTXmTsBVtJqk8jxF9rh8ApRWfsIMQSt2uE4OcpQqbFu7f7NbTK05lx80nuSijCz7sc3a277R67g,aplikasi nya lemot,1,0,2.1.10,2025-01-24 10:57:51,,,2.1.10
7f9a5b87-50e6-4682-9922-bbdb54aa520f,Pengguna Google,https://play-lh.googleusercontent.com/EGemoI2NTXmTsBVtJqk8jxF9rh8ApRWfsIMQSt2uE4OcpQqbFu7f7NbTK05lx80nuSijCz7sc3a277R67g,Transjakarta memang sangat membantu untuk mobilitas di Jakarta karana biaya yg murah utk kemana2 trmksh banget buat TJ semoga makin banyak armadanya dan 24 jam semua hehe,5,0,2.1.10,2025-01-24 10:21:58,,,2.1.10
9ff50ab7-82af-4c89-833f-842164137c0c,Pengguna Google,https://play-lh.googleusercontent.com/EGemoI2NTXmTsBVtJqk8jxF9rh8ApRWfsIMQSt2uE4OcpQqbFu7f7NbTK05lx80nuSijCz7sc3a277R67g,"Tdnya saya install ini untuk memantau kedatangan bus, tapi ternyata jadwalnya ga update, jadi ga guna aplikasinya... Tolong perbaiki jadwal kedatangan bus nya...masa ga bisa sih... Kalau cuman liat rute di haltenya juga ada...",2,0,2.1.10,2025-01-24 06:55:20,,,2.1.10
fbaeeacb-8edb-4d97-a87a-a26f83f249b6,Pengguna Google,https://play-lh.googleusercontent.com/EGemoI2NTXmTsBVtJqk8jxF9rh8ApRWfsIMQSt2uE4OcpQqbFu7f7NbTK05lx80nuSijCz7sc3a277R67g,"Untung ada aplikasi Transjakarta, yang jadwal rutenya sesuai dengan Reallife. JD gatakut telat/ ketinggalan bus trans Jakarta lagi. Aplikasinya mudah di gunakan nya. Fiturnya lengkap. Banyak opsi tentang apa itu Transjakarta.",5,0,,2025-01-24 06:26:15,,,
2c06a769-0b68-490f-bfbb-8fc47a698aab,Pengguna Google,https://play-lh.googleusercontent.com/EGemoI2NTXmTsBVtJqk8jxF9rh8ApRWfsIMQSt2uE4OcpQqbFu7f7NbTK05lx80nuSijCz7sc3a277R67g,"Aplikasi sangat membantu, navigasi sangat mudah. Mudah dipahami dan dimengerti , penjelasan rutenya lengkap. Jadi orang yang gak paham rute jadi paham.",5,0,,2025-01-23 11:46:39,,,
a6e753a7-fb1c-447c-bedc-d5bda82c3b5b,Pengguna Google,https://play-lh.googleusercontent.com/EGemoI2NTXmTsBVtJqk8jxF9rh8ApRWfsIMQSt2uE4OcpQqbFu7f7NbTK05lx80nuSijCz7sc3a277R67g,"bagus untuk penggunaan sehari hari saya naik TJ , mudah digunakan, dapat melihat rute bus , mo kemana mana ga bingung lagi",5,0,2.1.10,2025-01-23 07:30:52,,,2.1.10
6b18822a-961f-45d8-92d8-b62b5934864c,Pengguna Google,https://play-lh.googleusercontent.com/EGemoI2NTXmTsBVtJqk8jxF9rh8ApRWfsIMQSt2uE4OcpQqbFu7f7NbTK05lx80nuSijCz7sc3a277R67g,"Aplikasinya membantu aku banget sbg pengguna Transjakarta. Aku bisa cek jadwal setiap saat dan cek rute. Bisa juga cek halte terdekat. Desain aplimasinya bagus, simple dan mudah di pahami.",5,0,2.1.10,2025-01-23 05:49:11,,,2.1.10
86671572-24ab-49ec-8c40-797b0b959095,Pengguna Google,https://play-lh.googleusercontent.com/EGemoI2NTXmTsBVtJqk8jxF9rh8ApRWfsIMQSt2uE4OcpQqbFu7f7NbTK05lx80nuSijCz7sc3a277R67g,"Aplikasi bagus dan membantu,,bisa track rute bus ,,beli tiket pun cepat gak pakai antri via aplikasi,fitur aplikasi lengkap dan mudah digunakan.",5,0,2.1.10,2025-01-23 05:45:52,,,2.1.10
fd4e0fe8-bb0f-42f8-996a-db8d94bc255e,Pengguna Google,https://play-lh.googleusercontent.com/EGemoI2NTXmTsBVtJqk8jxF9rh8ApRWfsIMQSt2uE4OcpQqbFu7f7NbTK05lx80nuSijCz7sc3a277R67g,"Aplikasinya sangat membantu, navigasi mudah dan real-time info-nya akurat",5,0,2.1.10,2025-01-23 05:37:36,,,2.1.10
b08939ba-69ff-4e22-90bd-a3d1f3c705de,Pengguna Google,https://play-lh.googleusercontent.com/EGemoI2NTXmTsBVtJqk8jxF9rh8ApRWfsIMQSt2uE4OcpQqbFu7f7NbTK05lx80nuSijCz7sc3a277R67g,Mapsnya rada lemot,3,0,2.1.10,2025-01-22 15:12:45,,,2.1.10
1b7bf50d-9bc2-4a5c-b976-bd6fd6f683a9,Pengguna Google,https://play-lh.googleusercontent.com/EGemoI2NTXmTsBVtJqk8jxF9rh8ApRWfsIMQSt2uE4OcpQqbFu7f7NbTK05lx80nuSijCz7sc3a277R67g,"baru tau kalau ada aplikasi ini. bagus sih, user fiendly , jadi tau juga rute , halte , dan lainnya yang berhubungan dengan transjakarta . ada info lengkap lainnya juga ternyata. bagusssss. terimakasih",5,0,,2025-01-22 11:13:03,,,
43eb6868-b114-4ba5-8574-c8ce86ca3b46,Pengguna Google,https://play-lh.googleusercontent.com/EGemoI2NTXmTsBVtJqk8jxF9rh8ApRWfsIMQSt2uE4OcpQqbFu7f7NbTK05lx80nuSijCz7sc3a277R67g,"fitur untuk melihat rute nga bagus, tapi bus nya tetep lama dan jumlah nya sedikit, terutama 9D dan 6B, alhasil berangkat pagi/pulang selalu terlambat",1,0,,2025-01-22 10:16:33,,,
2fde80c5-5fdf-415a-b8fb-69dca6315be4,Pengguna Google,https://play-lh.googleusercontent.com/EGemoI2NTXmTsBVtJqk8jxF9rh8ApRWfsIMQSt2uE4OcpQqbFu7f7NbTK05lx80nuSijCz7sc3a277R67g,Semenjak ada transjakarta mempermudah segalanya. Hemat waktu hemat biaya untuk aku yang sering telat kemana mana. Nyaman.,5,0,2.1.10,2025-01-21 09:23:57,,,2.1.10
9e44f3a6-a630-4550-8e50-0e0d88ca964f,Pengguna Google,https://play-lh.googleusercontent.com/EGemoI2NTXmTsBVtJqk8jxF9rh8ApRWfsIMQSt2uE4OcpQqbFu7f7NbTK05lx80nuSijCz7sc3a277R67g,"Untuk koneksi pantauan nya masih buruk perlu di tingkatkan lagi masa saya nunggu di halte busway minitrans arah bus mau ke halte selanjutnya tiba2 kok udah lewat saja, padahal saya sudah nunggu. Dari monitor nya saya pantau. Hadeeh payah",1,5,2.1.10,2025-01-21 06:13:53,,,2.1.10
48aeefbf-23a4-4951-9020-732b2f6e7979,Pengguna Google,https://play-lh.googleusercontent.com/EGemoI2NTXmTsBVtJqk8jxF9rh8ApRWfsIMQSt2uE4OcpQqbFu7f7NbTK05lx80nuSijCz7sc3a277R67g,"Aplikasi transjakarta sangat memudahkan sekali untuk mencari rute, halte terdekat, dan jadwal bus. Oke banget pokoknya..",5,0,2.1.10,2025-01-20 10:09:45,,,2.1.10
f2455219-2a88-4510-bb85-c2003e0fd9c1,Pengguna Google,https://play-lh.googleusercontent.com/EGemoI2NTXmTsBVtJqk8jxF9rh8ApRWfsIMQSt2uE4OcpQqbFu7f7NbTK05lx80nuSijCz7sc3a277R67g,"Aplikasinya sangat membantu sekali jadi mudah banget kalo mau kemana"" rute nya jelass mau nyari halte gak perlu bingung lagi buat orang yang baru ke jkt",5,0,2.1.10,2025-01-20 10:02:08,,,2.1.10
a3bcab3b-f341-423d-9793-9877c4585f21,Pengguna Google,https://play-lh.googleusercontent.com/EGemoI2NTXmTsBVtJqk8jxF9rh8ApRWfsIMQSt2uE4OcpQqbFu7f7NbTK05lx80nuSijCz7sc3a277R67g,"ditengah popularitas transport baru LRT, transjakarta masih jd favorite warga yg ada dijakarta sbg moda tranportasi umum, fasilitas makin banyak & rute lengkap kemana aja bs naik ini harga jg masih terjangkau, makin jaya transjakartaku 👍",5,0,,2025-01-20 07:41:13,,,
46470182-9720-4c7f-9fb7-5c39cbc4c927,Pengguna Google,https://play-lh.googleusercontent.com/EGemoI2NTXmTsBVtJqk8jxF9rh8ApRWfsIMQSt2uE4OcpQqbFu7f7NbTK05lx80nuSijCz7sc3a277R67g,Pelayanan buruk,1,0,2.1.10,2025-01-20 06:42:34,,,2.1.10
86b91a11-6916-48d8-a8c7-511192689079,Pengguna Google,https://play-lh.googleusercontent.com/EGemoI2NTXmTsBVtJqk8jxF9rh8ApRWfsIMQSt2uE4OcpQqbFu7f7NbTK05lx80nuSijCz7sc3a277R67g,"Cukup membantu nih buat yg mau berangkat on Time, soalnya bisa cek jadwal keberangkatan,jd nggak perlu lama-lama menunggu,.. fitur nya mudah ndi gunakan.",5,0,2.1.10,2025-01-20 04:51:40,,,2.1.10
da0c6b7c-0bc2-4782-895d-bcb484f0e8bc,Pengguna Google,https://play-lh.googleusercontent.com/EGemoI2NTXmTsBVtJqk8jxF9rh8ApRWfsIMQSt2uE4OcpQqbFu7f7NbTK05lx80nuSijCz7sc3a277R67g,"Gila jabatan, mau tete",1,0,,2025-01-19 22:48:10,,,
89d542d1-5332-4bc7-a3d1-08d802cf4a65,Pengguna Google,https://play-lh.googleusercontent.com/EGemoI2NTXmTsBVtJqk8jxF9rh8ApRWfsIMQSt2uE4OcpQqbFu7f7NbTK05lx80nuSijCz7sc3a277R67g,Cara cek rute dan jam bus dengan mudah pakai aplikasi ini.. Navigasi bus juga jelas aplikasinya gamoang banget dijalankan,5,0,2.1.10,2025-01-19 12:05:05,,,2.1.10
05f4e632-a568-4c9b-a94c-c9ff26d9cf32,Pengguna Google,https://play-lh.googleusercontent.com/EGemoI2NTXmTsBVtJqk8jxF9rh8ApRWfsIMQSt2uE4OcpQqbFu7f7NbTK05lx80nuSijCz7sc3a277R67g,Aplikasi ini membatu sekali untuk saya sebagai anak rantau di jakarta. Untuk akses rute nya jelas dan tidak sering trouble. Untuk pembayaran nya pun juga mudah dilakukan. Semoga kedepannya banyak orang yang tau dan paham cara penggunaan aplikasi ini agar banyak yg terbantu soal transportasi di jakarta.,5,0,2.1.10,2025-01-19 08:18:34,,,2.1.10
a3625657-9e98-420d-bb56-abf4e4f80547,Pengguna Google,https://play-lh.googleusercontent.com/EGemoI2NTXmTsBVtJqk8jxF9rh8ApRWfsIMQSt2uE4OcpQqbFu7f7NbTK05lx80nuSijCz7sc3a277R67g,Sangat Baik,5,0,2.1.10,2025-01-18 12:59:22,,,2.1.10
239d3f12-0757-4699-a000-6de28553adae,Pengguna Google,https://play-lh.googleusercontent.com/EGemoI2NTXmTsBVtJqk8jxF9rh8ApRWfsIMQSt2uE4OcpQqbFu7f7NbTK05lx80nuSijCz7sc3a277R67g,Aplikasinya bagus bangettt ngebantu banget buat liat jadwal keberangkatan dan datengnya bus. Waktunya sangat akurat seperti di aplikasi. Fitur di dalemnya juga gampang bgt di mengerti👍,5,0,2.1.10,2025-01-18 07:21:50,,,2.1.10
d8b322c8-cdf2-4074-bacb-934f5d824860,Pengguna Google,https://play-lh.googleusercontent.com/EGemoI2NTXmTsBVtJqk8jxF9rh8ApRWfsIMQSt2uE4OcpQqbFu7f7NbTK05lx80nuSijCz7sc3a277R67g,Nyaman banget pake aplikasi Transjakarta ini. Live tracking bus nya akurat jadi gatakut buat ketinggalan busnya. Terus bisa juga kalo mau liat rute ataupun jadwalnya. Fitur di apk nya juga mudah dipahami. Bener bener berguna banget buat aku yang tiap hari kerja naik TJ,5,0,2.1.10,2025-01-18 06:53:53,,,2.1.10
421c5ef6-663b-4474-957d-d5f086e3a0a5,Pengguna Google,https://play-lh.googleusercontent.com/EGemoI2NTXmTsBVtJqk8jxF9rh8ApRWfsIMQSt2uE4OcpQqbFu7f7NbTK05lx80nuSijCz7sc3a277R67g,"Aplikasi Transjakarta ini keren banget! Gampang banget buat cari rute dan cek jadwal bus. Udah gitu, informasinya selalu update. Makasih Transjakarta!",5,0,2.1.10,2025-01-18 06:35:53,,,2.1.10
9be06ff8-651b-4c39-a80e-49333881c279,Pengguna Google,https://play-lh.googleusercontent.com/EGemoI2NTXmTsBVtJqk8jxF9rh8ApRWfsIMQSt2uE4OcpQqbFu7f7NbTK05lx80nuSijCz7sc3a277R67g,"""Aplikasinya keren banget, sangat membantu perjalanan sehari-hari! Jadwal bus dan rute jelas, fitur tracking real-time-nya cukup akurat, jadi bisa lebih terencana. Desainnya simpel, mudah dipahami, dan informasinya lengkap. Mantap, Transjakarta!""",5,4,2.1.10,2025-01-18 04:59:45,,,2.1.10
11c97bfa-1a70-4bc2-9ed8-694ca1773692,Pengguna Google,https://play-lh.googleusercontent.com/EGemoI2NTXmTsBVtJqk8jxF9rh8ApRWfsIMQSt2uE4OcpQqbFu7f7NbTK05lx80nuSijCz7sc3a277R67g,Beli tiket nya ko ga bisa.?,1,0,2.1.10,2025-01-18 00:05:45,,,2.1.10
42910736-2eec-417e-b8c2-5b42d5a4271d,Pengguna Google,https://play-lh.googleusercontent.com/EGemoI2NTXmTsBVtJqk8jxF9rh8ApRWfsIMQSt2uE4OcpQqbFu7f7NbTK05lx80nuSijCz7sc3a277R67g,penanganan laporan / keluhan sangat lama udah 6 bulan ga ada progres sama sekali. kocak,1,1,,2025-01-17 18:16:32,,,
0af50895-607f-4600-8d61-f2cb2d2d1334,Pengguna Google,https://play-lh.googleusercontent.com/EGemoI2NTXmTsBVtJqk8jxF9rh8ApRWfsIMQSt2uE4OcpQqbFu7f7NbTK05lx80nuSijCz7sc3a277R67g,Ok,5,0,2.1.8,2025-01-17 14:22:49,,,2.1.8
750aa9de-3fe4-48f8-a62c-12bcb49370bc,Pengguna Google,https://play-lh.googleusercontent.com/EGemoI2NTXmTsBVtJqk8jxF9rh8ApRWfsIMQSt2uE4OcpQqbFu7f7NbTK05lx80nuSijCz7sc3a277R67g,Sangat efisien.,5,0,2.1.10,2025-01-17 07:57:24,,,2.1.10
4e74c97b-8a3e-4e73-b8cd-0142e0a65d4c,Pengguna Google,https://play-lh.googleusercontent.com/EGemoI2NTXmTsBVtJqk8jxF9rh8ApRWfsIMQSt2uE4OcpQqbFu7f7NbTK05lx80nuSijCz7sc3a277R67g,"Jadi gak bingung lagi sekarang kalau naik transjakarta, karena ada kepastian kedatangan, bikin perjalanan jadi lebih gampang. Rute dan waktu kedatangan busnya lumayan akurat, jadi nggak perlu bingung nunggu lama. Plus, ternyata ada bonus poin yang bisa ditukar hadiah kalau sering menggunakannya.",5,0,2.1.10,2025-01-17 05:46:26,,,2.1.10
e8873ceb-1863-427e-b2c5-a5765982b797,Pengguna Google,https://play-lh.googleusercontent.com/EGemoI2NTXmTsBVtJqk8jxF9rh8ApRWfsIMQSt2uE4OcpQqbFu7f7NbTK05lx80nuSijCz7sc3a277R67g,"Transjakarta sangat berguna dan membantu sekali kalo mau liat rute rute transjakarta apalagi untuk orang baru di jakarta kayak aku. Ga perlu lagi ribet tanyain petugasnya, cukup buka aplikasi ini aja udah bisa tau jadwal dan rute transjakarta soalnya aku suka naik Transjakarta",5,0,,2025-01-17 05:38:44,,,
2d649d29-1f88-4edd-bec4-ca6d759fc0b7,Pengguna Google,https://play-lh.googleusercontent.com/EGemoI2NTXmTsBVtJqk8jxF9rh8ApRWfsIMQSt2uE4OcpQqbFu7f7NbTK05lx80nuSijCz7sc3a277R67g,Aplikasinya sangat membantu dan berguna jadi satset gaperlu ribet untuk mencari halte terdekat dan rute bus jadi gaperlu khawatir buat kesasar atau salah rute.,5,0,2.1.10,2025-01-17 05:19:42,,,2.1.10
d6839437-e491-44b7-a258-8028b643016d,Pengguna Google,https://play-lh.googleusercontent.com/EGemoI2NTXmTsBVtJqk8jxF9rh8ApRWfsIMQSt2uE4OcpQqbFu7f7NbTK05lx80nuSijCz7sc3a277R67g,Benerin napa lawak amat,1,1,2.1.10,2025-01-16 15:14:58,,,2.1.10
c338c936-1cc8-4efd-8776-c7307093e744,Pengguna Google,https://play-lh.googleusercontent.com/EGemoI2NTXmTsBVtJqk8jxF9rh8ApRWfsIMQSt2uE4OcpQqbFu7f7NbTK05lx80nuSijCz7sc3a277R67g,14a jis monas tambah dong bos. 30 menit sekali baru lewat,1,1,2.1.10,2025-01-16 07:06:14,,,2.1.10
5f59893e-317d-43a0-b773-fb62696567a3,Pengguna Google,https://play-lh.googleusercontent.com/EGemoI2NTXmTsBVtJqk8jxF9rh8ApRWfsIMQSt2uE4OcpQqbFu7f7NbTK05lx80nuSijCz7sc3a277R67g,Ok,5,0,2.1.10,2025-01-15 21:04:03,,,2.1.10
1db0f1f6-6a95-461a-a103-6f1ec937d107,Pengguna Google,https://play-lh.googleusercontent.com/EGemoI2NTXmTsBVtJqk8jxF9rh8ApRWfsIMQSt2uE4OcpQqbFu7f7NbTK05lx80nuSijCz7sc3a277R67g,Lelet anj. Mana kadang ga akurat,3,0,,2025-01-15 17:42:48,,,
ac44f933-b9bc-4fb4-ad5f-652dcba6590c,Pengguna Google,https://play-lh.googleusercontent.com/EGemoI2NTXmTsBVtJqk8jxF9rh8ApRWfsIMQSt2uE4OcpQqbFu7f7NbTK05lx80nuSijCz7sc3a277R67g,Aplikasi eror jngn dipake,1,1,2.1.10,2025-01-15 09:28:13,,,2.1.10
171838ef-cc7b-4068-a134-e4cfa71d7b8e,Pengguna Google,https://play-lh.googleusercontent.com/EGemoI2NTXmTsBVtJqk8jxF9rh8ApRWfsIMQSt2uE4OcpQqbFu7f7NbTK05lx80nuSijCz7sc3a277R67g,Saran aja untuk aplikasi sudah bagus. Kalo bisa tambahin feedback nya agar kami bisa beri masukan dan keluhan kami.,4,0,2.1.10,2025-01-14 20:31:52,,,2.1.10
bddbadeb-ae6f-4685-946e-088fc2a33b8a,Pengguna Google,https://play-lh.googleusercontent.com/EGemoI2NTXmTsBVtJqk8jxF9rh8ApRWfsIMQSt2uE4OcpQqbFu7f7NbTK05lx80nuSijCz7sc3a277R67g,"Pada hari ini jam 16.20, saya sangat kecewa pada supir dan kndektur, saya naik dari sebrang Tiger pik dr halte saya tanya, ke osaka gak bu, jawabnya IYA""aj, akhir nya saya naik, tp mobil malah muter balik dan masuk tol, ternyata beliau tidak tau osaka, dan pendengeran beliau adalah kota, akhirnya saya tidak masuk kerja krna dibawa balik lagi ke kota, Tolong untuk mbak kndektur yg berhijab, pelajari lagi soal map, dan Jika suara/ pndengeran kurang baik , bisa di ulang, jgan asal jawab IYA"" Aja",1,1,,2025-01-13 17:20:30,,,
286e6aeb-a809-4c9f-85de-f6cd056dc494,Pengguna Google,https://play-lh.googleusercontent.com/EGemoI2NTXmTsBVtJqk8jxF9rh8ApRWfsIMQSt2uE4OcpQqbFu7f7NbTK05lx80nuSijCz7sc3a277R67g,Msh kurang,1,1,2.1.10,2025-01-13 06:47:41,,,2.1.10
77568ed3-5e75-46f6-80d5-2eab3ef6e29e,Pengguna Google,https://play-lh.googleusercontent.com/EGemoI2NTXmTsBVtJqk8jxF9rh8ApRWfsIMQSt2uE4OcpQqbFu7f7NbTK05lx80nuSijCz7sc3a277R67g,"Aplikasi bagus dan busnya terlihat live, tapi di detail rute tidak terlihat informasi yang detail malah layar blank warna putih tolong perbaiki itu",3,1,2.1.10,2025-01-12 07:31:59,,,2.1.10
bca8d7b9-10da-470a-8c0d-4c9fd92aacf6,Pengguna Google,https://play-lh.googleusercontent.com/EGemoI2NTXmTsBVtJqk8jxF9rh8ApRWfsIMQSt2uE4OcpQqbFu7f7NbTK05lx80nuSijCz7sc3a277R67g,Mantap min harus lebih dikembangin lagi min fitur fiturnya,5,0,2.1.10,2025-01-11 23:48:22,,,2.1.10
3c3c7ace-a236-44d8-9b94-e20b0dc6f047,Pengguna Google,https://play-lh.googleusercontent.com/EGemoI2NTXmTsBVtJqk8jxF9rh8ApRWfsIMQSt2uE4OcpQqbFu7f7NbTK05lx80nuSijCz7sc3a277R67g,"Armada LRT pengangsaan-JIS tolong di tambahkan , masa nunggu 1jam setiap lewat.",5,0,2.1.10,2025-01-11 21:18:23,,,2.1.10
f24b6d7e-5ff3-44a5-825d-fa153aaf85d4,Pengguna Google,https://play-lh.googleusercontent.com/EGemoI2NTXmTsBVtJqk8jxF9rh8ApRWfsIMQSt2uE4OcpQqbFu7f7NbTK05lx80nuSijCz7sc3a277R67g,Tiket selalu 0 padhaal sudah awal waktu,1,1,2.1.10,2025-01-11 00:12:50,,,2.1.10
abc707fd-7eaf-4c33-a46e-cb4f38f1d63a,Pengguna Google,https://play-lh.googleusercontent.com/EGemoI2NTXmTsBVtJqk8jxF9rh8ApRWfsIMQSt2uE4OcpQqbFu7f7NbTK05lx80nuSijCz7sc3a277R67g,"Saya naik salah rute n gak di kasih tau,, gk di boleh kan turun padahal lewat halte yang saya mau tuju,, kesel banget",1,1,2.1.10,2025-01-10 17:00:18,,,2.1.10
64ebc68b-baba-4dd9-87b1-74e1ac21c28c,Pengguna Google,https://play-lh.googleusercontent.com/EGemoI2NTXmTsBVtJqk8jxF9rh8ApRWfsIMQSt2uE4OcpQqbFu7f7NbTK05lx80nuSijCz7sc3a277R67g,Bagus.. tp Muali akhir tahun 2024 udah mulai gak akurat. Semoga ada perbaikan,5,0,2.1.10,2025-01-10 07:30:14,,,2.1.10
b4854c52-f88f-4658-8d1d-a5d5bdd0db89,Pengguna Google,https://play-lh.googleusercontent.com/EGemoI2NTXmTsBVtJqk8jxF9rh8ApRWfsIMQSt2uE4OcpQqbFu7f7NbTK05lx80nuSijCz7sc3a277R67g,Kenapa tiba tiba keluar sendiri terus yaaa,3,0,2.1.10,2025-01-10 00:59:47,,,2.1.10
47a80c9b-616e-4e56-8fc9-9ae799932334,Pengguna Google,https://play-lh.googleusercontent.com/EGemoI2NTXmTsBVtJqk8jxF9rh8ApRWfsIMQSt2uE4OcpQqbFu7f7NbTK05lx80nuSijCz7sc3a277R67g,"Bug nya banyak banget, sering error lagi servernya, diperbaikin lagi lah",1,1,,2025-01-09 21:20:10,,,
244bcd6b-4806-4411-aaf7-557eb6ccdc71,Pengguna Google,https://play-lh.googleusercontent.com/EGemoI2NTXmTsBVtJqk8jxF9rh8ApRWfsIMQSt2uE4OcpQqbFu7f7NbTK05lx80nuSijCz7sc3a277R67g,Minta update mulu bjir,2,1,2.1.9,2025-01-09 15:28:21,,,2.1.9
6a626964-ecba-4234-ba59-c1fcfaf711b8,Pengguna Google,https://play-lh.googleusercontent.com/EGemoI2NTXmTsBVtJqk8jxF9rh8ApRWfsIMQSt2uE4OcpQqbFu7f7NbTK05lx80nuSijCz7sc3a277R67g,Lemot,1,1,2.1.10,2025-01-09 06:24:05,,,2.1.10
cca896f5-362f-4f61-9ef8-8bfe618209f8,Pengguna Google,https://play-lh.googleusercontent.com/EGemoI2NTXmTsBVtJqk8jxF9rh8ApRWfsIMQSt2uE4OcpQqbFu7f7NbTK05lx80nuSijCz7sc3a277R67g,👍👍👍,1,1,2.1.9,2025-01-08 20:59:15,,,2.1.9
ca7c467f-e54d-4d52-b443-fadd153093a3,Pengguna Google,https://play-lh.googleusercontent.com/EGemoI2NTXmTsBVtJqk8jxF9rh8ApRWfsIMQSt2uE4OcpQqbFu7f7NbTK05lx80nuSijCz7sc3a277R67g,Rute 5F gak terdeteksi sama feedback gak bisa di klik,1,1,2.1.10,2025-01-08 14:36:52,,,2.1.10
1fd26645-e61e-4ff0-8ffc-dface51dfb67,Pengguna Google,https://play-lh.googleusercontent.com/EGemoI2NTXmTsBVtJqk8jxF9rh8ApRWfsIMQSt2uE4OcpQqbFu7f7NbTK05lx80nuSijCz7sc3a277R67g,Update terus dahhhhhh,4,0,2.1.8,2025-01-07 16:57:57,,,2.1.8
af6897f7-eb01-41a3-9102-8970ed01a181,Pengguna Google,https://play-lh.googleusercontent.com/EGemoI2NTXmTsBVtJqk8jxF9rh8ApRWfsIMQSt2uE4OcpQqbFu7f7NbTK05lx80nuSijCz7sc3a277R67g,"Di update bukannya makin bener malah makin bobrok. Tadinya buat mantau mobil Jak 10. Soalnya kalo pagi banyak yg ngetem itu mereka. Jadi bisa pake kereta kalo mereka pada ngetem. Tapi setelah update malah lemot, banyak yg ga ketedect",1,24,2.1.10,2025-01-07 07:50:24,,,2.1.10
e5bac7cc-41bd-4e65-8427-f953c1ddadf1,Pengguna Google,https://play-lh.googleusercontent.com/EGemoI2NTXmTsBVtJqk8jxF9rh8ApRWfsIMQSt2uE4OcpQqbFu7f7NbTK05lx80nuSijCz7sc3a277R67g,update mulu,3,0,2.1.9,2025-01-07 06:57:46,,,2.1.9
f56c1465-d273-400a-9638-1589f46f43e0,Pengguna Google,https://play-lh.googleusercontent.com/EGemoI2NTXmTsBVtJqk8jxF9rh8ApRWfsIMQSt2uE4OcpQqbFu7f7NbTK05lx80nuSijCz7sc3a277R67g,Ga jelas minta di perbarui Mulu,1,0,2.1.9,2025-01-06 13:53:51,,,2.1.9
f4e38d7a-de17-438f-9709-1bbd2d9507c4,Pengguna Google,https://play-lh.googleusercontent.com/EGemoI2NTXmTsBVtJqk8jxF9rh8ApRWfsIMQSt2uE4OcpQqbFu7f7NbTK05lx80nuSijCz7sc3a277R67g,"Aplikasi yang bagus, karena sangat membantu saya yang suka memakai angkutan umum, makasih",5,0,2.1.10,2025-01-06 12:29:27,,,2.1.10
d7a26f06-de79-478d-b215-b42d964581ac,Pengguna Google,https://play-lh.googleusercontent.com/EGemoI2NTXmTsBVtJqk8jxF9rh8ApRWfsIMQSt2uE4OcpQqbFu7f7NbTK05lx80nuSijCz7sc3a277R67g,Aplikasi ini membantu banget buat aku yang sering main keliling jakarta dan pengen naik angkutan umum seperti transjakarta. Di dalamnya udah tersedia berbagai info seperti jadwal/halte terdekat.,5,0,2.1.10,2025-01-06 12:14:55,,,2.1.10
23f2871c-4d1d-4b1a-82cb-ae0f3af7f8fc,Pengguna Google,https://play-lh.googleusercontent.com/EGemoI2NTXmTsBVtJqk8jxF9rh8ApRWfsIMQSt2uE4OcpQqbFu7f7NbTK05lx80nuSijCz7sc3a277R67g,Data bus tdk akurat,1,0,2.1.10,2025-01-06 08:21:44,,,2.1.10
cabb0299-edb8-422f-b05b-cb1154265af9,Pengguna Google,https://play-lh.googleusercontent.com/EGemoI2NTXmTsBVtJqk8jxF9rh8ApRWfsIMQSt2uE4OcpQqbFu7f7NbTK05lx80nuSijCz7sc3a277R67g,"perbarui aplikasi mulu, selang sehari udh minta diperbarui. sering ga muncul juga data busnya",2,0,2.1.9,2025-01-06 08:02:54,,,2.1.9
2071940c-0b5d-480d-9f8c-0508494f4133,Pengguna Google,https://play-lh.googleusercontent.com/EGemoI2NTXmTsBVtJqk8jxF9rh8ApRWfsIMQSt2uE4OcpQqbFu7f7NbTK05lx80nuSijCz7sc3a277R67g,Top up susah,1,0,2.1.10,2025-01-06 04:03:03,,,2.1.10
be84ea4f-f4d3-4bec-9ce0-f89db1d8b80d,Pengguna Google,https://play-lh.googleusercontent.com/EGemoI2NTXmTsBVtJqk8jxF9rh8ApRWfsIMQSt2uE4OcpQqbFu7f7NbTK05lx80nuSijCz7sc3a277R67g,Ko setelah update Ndak ada data bis& jaklingko yang jalan ya,4,0,2.1.10,2025-01-05 12:24:43,,,2.1.10
b4ca6f63-cbcf-4a53-bd84-3f8de3868293,Pengguna Google,https://play-lh.googleusercontent.com/EGemoI2NTXmTsBVtJqk8jxF9rh8ApRWfsIMQSt2uE4OcpQqbFu7f7NbTK05lx80nuSijCz7sc3a277R67g,Up terus,3,0,2.1.9,2025-01-05 10:46:25,,,2.1.9
6b41fab9-e4ed-481b-bdc8-51422047994b,Pengguna Google,https://play-lh.googleusercontent.com/EGemoI2NTXmTsBVtJqk8jxF9rh8ApRWfsIMQSt2uE4OcpQqbFu7f7NbTK05lx80nuSijCz7sc3a277R67g,"Belakangan ini error gabisa beli tiket loading terus, chace sudah dihapus, sudah uninstall-download, internet kenceng masihh aja loading.. gaada gunanya sumpah ksl",1,2,2.1.10,2025-01-05 10:44:57,,,2.1.10
8f8d18c7-ddd8-476a-94cb-70368a83702e,Pengguna Google,https://play-lh.googleusercontent.com/EGemoI2NTXmTsBVtJqk8jxF9rh8ApRWfsIMQSt2uE4OcpQqbFu7f7NbTK05lx80nuSijCz7sc3a277R67g,"tidak semua bus bisa scan barcode, percuma ada aplikasi kalo bus ga support",1,2,2.1.10,2025-01-05 09:57:14,,,2.1.10
ea6f4a2a-50e8-454b-836f-51e63f8ecaa6,Pengguna Google,https://play-lh.googleusercontent.com/EGemoI2NTXmTsBVtJqk8jxF9rh8ApRWfsIMQSt2uE4OcpQqbFu7f7NbTK05lx80nuSijCz7sc3a277R67g,"Ya ampun ini aplikasi sebentar² minta pembaruan,,gak jelas amat sih",4,0,2.1.10,2025-01-04 18:26:40,,,2.1.10
06a11adc-df96-45aa-b870-7dff82b86dbc,Pengguna Google,https://play-lh.googleusercontent.com/EGemoI2NTXmTsBVtJqk8jxF9rh8ApRWfsIMQSt2uE4OcpQqbFu7f7NbTK05lx80nuSijCz7sc3a277R67g,cúmul baik pelayannan semua jurusan yg ditujuh,5,0,,2025-01-04 05:55:12,,,
e645892b-1932-474c-ae6d-6087f40d3f62,Pengguna Google,https://play-lh.googleusercontent.com/EGemoI2NTXmTsBVtJqk8jxF9rh8ApRWfsIMQSt2uE4OcpQqbFu7f7NbTK05lx80nuSijCz7sc3a277R67g,"aplikasinya lumayan membantu. tapi kenapa ya sering sekali error saat maelakukan top up dg qris di halte busway, proses refundnya juga lama. tolong pihak transjakarta diperbaiki lagi sistem nya",4,3,2.1.10,2025-01-04 03:09:02,,,2.1.10
61b724cd-9eb6-44b4-91fb-c31601d67f46,Pengguna Google,https://play-lh.googleusercontent.com/EGemoI2NTXmTsBVtJqk8jxF9rh8ApRWfsIMQSt2uE4OcpQqbFu7f7NbTK05lx80nuSijCz7sc3a277R67g,Naik trans lebih ngirit dan bebas macet 💭👍💯,5,0,2.1.9,2025-01-03 19:21:15,,,2.1.9
c8051c5d-2d51-4280-9221-cdb318d8a16d,Pengguna Google,https://play-lh.googleusercontent.com/EGemoI2NTXmTsBVtJqk8jxF9rh8ApRWfsIMQSt2uE4OcpQqbFu7f7NbTK05lx80nuSijCz7sc3a277R67g,Bobrok mesin scan QR codenya . Harusnya d benahi klo mau maju .,1,0,2.1.10,2025-01-03 16:40:17,,,2.1.10
df45210c-bb45-4a1a-a30d-b09dabd43675,Pengguna Google,https://play-lh.googleusercontent.com/EGemoI2NTXmTsBVtJqk8jxF9rh8ApRWfsIMQSt2uE4OcpQqbFu7f7NbTK05lx80nuSijCz7sc3a277R67g,Pokoknya sippp pake busway trans,5,0,2.1.9,2025-01-03 09:30:37,,,2.1.9
171034cd-f082-4cab-a497-b44018657102,Pengguna Google,https://play-lh.googleusercontent.com/EGemoI2NTXmTsBVtJqk8jxF9rh8ApRWfsIMQSt2uE4OcpQqbFu7f7NbTK05lx80nuSijCz7sc3a277R67g,Aplikasi terlalu cepat meminta pembaruan. Tolong berikan periode kalau aplikasi ingin melakukan pembaruan.,2,0,2.1.9,2025-01-02 20:57:49,,,2.1.9
23b880a7-0956-4f9a-949e-3432f9132b33,Pengguna Google,https://play-lh.googleusercontent.com/EGemoI2NTXmTsBVtJqk8jxF9rh8ApRWfsIMQSt2uE4OcpQqbFu7f7NbTK05lx80nuSijCz7sc3a277R67g,"TOLONG JANGAN SERING2 UPDATE DONG. KALO APLIKASI NYA AKURAT DAN BERJALAN BAIK MAH GAPAPA DAH. INI UDAH DATA NYA TELAT, SUKA GA UP TO DATE NGUPDATE MULÙ LAGI",1,0,,2025-01-02 18:31:12,,,
d5bf0168-5693-4f58-b2b5-e7f2f78a08a0,Pengguna Google,https://play-lh.googleusercontent.com/EGemoI2NTXmTsBVtJqk8jxF9rh8ApRWfsIMQSt2uE4OcpQqbFu7f7NbTK05lx80nuSijCz7sc3a277R67g,Mantap dan tetap positif,5,0,2.1.9,2025-01-02 17:57:24,,,2.1.9
f262d160-ec74-4db2-a6f5-ba73020f8f24,Pengguna Google,https://play-lh.googleusercontent.com/EGemoI2NTXmTsBVtJqk8jxF9rh8ApRWfsIMQSt2uE4OcpQqbFu7f7NbTK05lx80nuSijCz7sc3a277R67g,"Pantesan rating nya jelek, emang seburuk itu njir pen daftar akun baru",1,0,2.1.10,2025-01-02 15:40:23,,,2.1.10
bf110b09-b515-4cf4-b492-6be0e9ef9e18,Pengguna Google,https://play-lh.googleusercontent.com/EGemoI2NTXmTsBVtJqk8jxF9rh8ApRWfsIMQSt2uE4OcpQqbFu7f7NbTK05lx80nuSijCz7sc3a277R67g,Mantap,5,0,2.1.9,2025-01-02 15:08:03,,,2.1.9
8544cc45-c73f-410a-b2b6-46c5d9119f49,Pengguna Google,https://play-lh.googleusercontent.com/EGemoI2NTXmTsBVtJqk8jxF9rh8ApRWfsIMQSt2uE4OcpQqbFu7f7NbTK05lx80nuSijCz7sc3a277R67g,Tiap hari update terus bikin baterai boros dan memori hp penuh,1,1,2.1.9,2025-01-02 09:25:40,,,2.1.9
429eeb74-fa18-4d99-8e9c-609e3834cce5,Pengguna Google,https://play-lh.googleusercontent.com/EGemoI2NTXmTsBVtJqk8jxF9rh8ApRWfsIMQSt2uE4OcpQqbFu7f7NbTK05lx80nuSijCz7sc3a277R67g,God job,5,0,2.1.9,2025-01-02 06:42:14,,,2.1.9
5b836803-67dc-4ae8-9f89-00fbb5a890c8,Pengguna Google,https://play-lh.googleusercontent.com/EGemoI2NTXmTsBVtJqk8jxF9rh8ApRWfsIMQSt2uE4OcpQqbFu7f7NbTK05lx80nuSijCz7sc3a277R67g,update terus herman,1,0,2.1.9,2025-01-02 06:15:59,,,2.1.9
6cc1d4ab-e4f8-4927-858c-a158ebe4ee8a,Pengguna Google,https://play-lh.googleusercontent.com/EGemoI2NTXmTsBVtJqk8jxF9rh8ApRWfsIMQSt2uE4OcpQqbFu7f7NbTK05lx80nuSijCz7sc3a277R67g,Baru jg di pakai blm ada 2 hari udh minta diperbarui aj .emng paket data gak beli ap pakai uang . kalau gak diperbarui gak bisa di buka aplikasi kok merugikan,2,0,2.1.10,2025-01-02 00:40:22,,,2.1.10
b0a7f3b9-5a7c-49ba-a80d-9106bfd05b88,Pengguna Google,https://play-lh.googleusercontent.com/EGemoI2NTXmTsBVtJqk8jxF9rh8ApRWfsIMQSt2uE4OcpQqbFu7f7NbTK05lx80nuSijCz7sc3a277R67g,"Kemaren tanggal 21 gw kasih ulasan karena update , sekarang 27 update lagi .. kocak bener .. ( 1 Januari update lagi update lagi -_-)",1,0,,2025-01-01 21:36:44,,,
1fe58622-a497-4ba7-9b71-02893430d2d2,Pengguna Google,https://play-lh.googleusercontent.com/EGemoI2NTXmTsBVtJqk8jxF9rh8ApRWfsIMQSt2uE4OcpQqbFu7f7NbTK05lx80nuSijCz7sc3a277R67g,bagus si cuma kenapa tiap hari buka apk nya masa harus update terus,3,0,2.1.10,2025-01-01 21:31:53,,,2.1.10
e8a33c12-4694-44b2-bb4b-547ff08018e0,Pengguna Google,https://play-lh.googleusercontent.com/EGemoI2NTXmTsBVtJqk8jxF9rh8ApRWfsIMQSt2uE4OcpQqbFu7f7NbTK05lx80nuSijCz7sc3a277R67g,Terima kasih atas PT Transjakarta,5,0,,2025-01-01 19:30:09,,,
3745ae69-5659-44a3-80f7-c724fab3c2a3,Pengguna Google,https://play-lh.googleusercontent.com/EGemoI2NTXmTsBVtJqk8jxF9rh8ApRWfsIMQSt2uE4OcpQqbFu7f7NbTK05lx80nuSijCz7sc3a277R67g,Mantap Guis,5,0,2.1.9,2025-01-01 08:26:15,,,2.1.9
ed485844-5687-407a-825a-e7161cf43ed2,Pengguna Google,https://play-lh.googleusercontent.com/EGemoI2NTXmTsBVtJqk8jxF9rh8ApRWfsIMQSt2uE4OcpQqbFu7f7NbTK05lx80nuSijCz7sc3a277R67g,"Isi saldo via QRIS, transaksi gagal tapi saldo kepotong. Sudah lapor ke petugas katanya 2x24jam. Tapi saldo refund belum masuk rekening. Chat layanan balasnya lamban. Memang nominal tidak banyak. Tapi nyarinya pakai keringat. Aduuuh.",1,19,2.1.9,2024-12-31 22:36:20,,,2.1.9
79ecee2c-0d83-4e90-98f4-e243d9f913a5,Pengguna Google,https://play-lh.googleusercontent.com/EGemoI2NTXmTsBVtJqk8jxF9rh8ApRWfsIMQSt2uE4OcpQqbFu7f7NbTK05lx80nuSijCz7sc3a277R67g,Eror ga bisa masuk,1,0,,2024-12-31 19:43:37,,,
e4060469-b1db-4486-91f8-f8d144c0b006,Pengguna Google,https://play-lh.googleusercontent.com/EGemoI2NTXmTsBVtJqk8jxF9rh8ApRWfsIMQSt2uE4OcpQqbFu7f7NbTK05lx80nuSijCz7sc3a277R67g,Ribet banget. Mending langsung nunggu di halte dan liat jadwal nya. Kalo liat jadwal di aplikasi malah ribet banget. Nggak efisien..,3,0,2.1.9,2024-12-30 16:59:33,,,2.1.9
0f98d495-cd73-4660-a130-a83c13e3e8a5,Pengguna Google,https://play-lh.googleusercontent.com/EGemoI2NTXmTsBVtJqk8jxF9rh8ApRWfsIMQSt2uE4OcpQqbFu7f7NbTK05lx80nuSijCz7sc3a277R67g,"Gw kasih bintang 1 karena kecewa sm pelayanan transjakarta yang lelet, topup saldo 50rb gagal udh 6 hari gk dibalikin2 uangnya. Nyusahin bgt.",1,1,2.1.9,2024-12-30 15:01:32,,,2.1.9
fda54d5b-11d7-4e68-8975-3b1ab976ae05,Pengguna Google,https://play-lh.googleusercontent.com/EGemoI2NTXmTsBVtJqk8jxF9rh8ApRWfsIMQSt2uE4OcpQqbFu7f7NbTK05lx80nuSijCz7sc3a277R67g,"Sangat terbantu dengan aplikasi ini, hanya saja banyak halte yg kurang memadai. Masuk bisa keluar nda bisa, itu yg sangat sering saya alami",4,0,2.1.9,2024-12-30 07:18:40,,,2.1.9
93707eb0-80bf-4e40-8de3-93199044f736,Pengguna Google,https://play-lh.googleusercontent.com/EGemoI2NTXmTsBVtJqk8jxF9rh8ApRWfsIMQSt2uE4OcpQqbFu7f7NbTK05lx80nuSijCz7sc3a277R67g,"Saya baru² ini menggunakan moda transportasi Transjakarta (Khususnya rute Ciputat -Kp. Rambutan), masukan penting nih, tolong untuk kartu jaklingko keluaran Bank DKI, lebih diperbanyak lagi tempat top up khususnya Jabodetabek, Jangan hanya di halte dan minimarket Jakarta saja, karena utk top up nya susah apalagi pas urgent, masa gara² kehabisan saldo harus beli kartu lagi.",2,5,2.1.9,2024-12-29 14:55:36,,,2.1.9
33fc360c-55f5-4a78-8b07-a561e0f5904f,Pengguna Google,https://play-lh.googleusercontent.com/EGemoI2NTXmTsBVtJqk8jxF9rh8ApRWfsIMQSt2uE4OcpQqbFu7f7NbTK05lx80nuSijCz7sc3a277R67g,Bisa ngetrack bus 1C,5,0,2.1.8,2024-12-28 20:11:28,,,2.1.8
f1f3d4b6-0007-4966-a923-85f668d34e6a,Pengguna Google,https://play-lh.googleusercontent.com/EGemoI2NTXmTsBVtJqk8jxF9rh8ApRWfsIMQSt2uE4OcpQqbFu7f7NbTK05lx80nuSijCz7sc3a277R67g,Gabriel ecclesias,5,0,2.1.8,2024-12-28 14:46:39,,,2.1.8
896b5eb1-fb65-4d99-84ad-94fd03e10880,Pengguna Google,https://play-lh.googleusercontent.com/EGemoI2NTXmTsBVtJqk8jxF9rh8ApRWfsIMQSt2uE4OcpQqbFu7f7NbTK05lx80nuSijCz7sc3a277R67g,Gate sering nggak respon barcode nya. Kalo belum siap tolonglah jangan dimulai dulu. Bikin ribet urusan orang,1,1,2.1.9,2024-12-28 11:39:46,,,2.1.9
297cb4fb-3c4a-4481-a864-03ad6f116741,Pengguna Google,https://play-lh.googleusercontent.com/EGemoI2NTXmTsBVtJqk8jxF9rh8ApRWfsIMQSt2uE4OcpQqbFu7f7NbTK05lx80nuSijCz7sc3a277R67g,"Data bus gak sesuai banget, mana banyak supir yang suka gak berhenti di bus stop",1,1,2.1.9,2024-12-27 20:31:20,,,2.1.9
ab0f6449-354b-4a9f-bede-e1efa7d5afbb,Pengguna Google,https://play-lh.googleusercontent.com/EGemoI2NTXmTsBVtJqk8jxF9rh8ApRWfsIMQSt2uE4OcpQqbFu7f7NbTK05lx80nuSijCz7sc3a277R67g,Bagus,5,0,2.1.9,2024-12-27 20:12:48,,,2.1.9
bd961453-ccac-4dfb-a3e4-8bdc79f4b60f,Pengguna Google,https://play-lh.googleusercontent.com/EGemoI2NTXmTsBVtJqk8jxF9rh8ApRWfsIMQSt2uE4OcpQqbFu7f7NbTK05lx80nuSijCz7sc3a277R67g,"Apk pemerintah kagak ada yg bener, cek lokasi aja kagak ada anehhhhhh",1,0,2.1.9,2024-12-27 18:51:58,,,2.1.9
2249dd92-6587-49c1-adbf-9423601ec3b0,Pengguna Google,https://play-lh.googleusercontent.com/EGemoI2NTXmTsBVtJqk8jxF9rh8ApRWfsIMQSt2uE4OcpQqbFu7f7NbTK05lx80nuSijCz7sc3a277R67g,kenapa sering banget update ya,5,0,2.1.8,2024-12-27 18:22:58,,,2.1.8
2502a5a8-642a-4afc-968c-65e7928b9429,Pengguna Google,https://play-lh.googleusercontent.com/EGemoI2NTXmTsBVtJqk8jxF9rh8ApRWfsIMQSt2uE4OcpQqbFu7f7NbTK05lx80nuSijCz7sc3a277R67g,Update mulu,1,0,2.1.8,2024-12-27 18:21:21,,,2.1.8
a69fc5c4-b9e7-442c-9d36-d7439aae9cb2,Pengguna Google,https://play-lh.googleusercontent.com/EGemoI2NTXmTsBVtJqk8jxF9rh8ApRWfsIMQSt2uE4OcpQqbFu7f7NbTK05lx80nuSijCz7sc3a277R67g,Sangat membantu 👍,5,0,2.1.8,2024-12-27 09:29:08,,,2.1.8
600b2d8f-7428-44e7-943f-5f1d7a6b9c18,Pengguna Google,https://play-lh.googleusercontent.com/EGemoI2NTXmTsBVtJqk8jxF9rh8ApRWfsIMQSt2uE4OcpQqbFu7f7NbTK05lx80nuSijCz7sc3a277R67g,Koridor 8M di aplikasi sering tidak muncul posisi bus nya min.,4,0,,2024-12-27 08:40:17,,,
d57e37a6-7773-42f4-97c2-296572e46fb8,Pengguna Google,https://play-lh.googleusercontent.com/EGemoI2NTXmTsBVtJqk8jxF9rh8ApRWfsIMQSt2uE4OcpQqbFu7f7NbTK05lx80nuSijCz7sc3a277R67g,"Saya kasih bintang 2 iya. Jika aplikasi ini sudah bisa bayar pakai barcode atau Qris, top up bisa ovo, gopqy, shopee, dana, VA, bisa transfer, dll saya kasih bintang 5. Oya saran juga kalau masuk halte juga udah bisa tap pakai hape dgn melalui aplikasi ini iya.",2,5,2.1.9,2024-12-27 08:35:28,,,2.1.9
c9c2778a-803a-4d60-afaa-b4b0a9b3289d,Pengguna Google,https://play-lh.googleusercontent.com/EGemoI2NTXmTsBVtJqk8jxF9rh8ApRWfsIMQSt2uE4OcpQqbFu7f7NbTK05lx80nuSijCz7sc3a277R67g,update mulu,1,0,2.1.8,2024-12-27 08:00:06,,,2.1.8
750dac76-f4a8-42fd-a526-9b69388f0296,Pengguna Google,https://play-lh.googleusercontent.com/EGemoI2NTXmTsBVtJqk8jxF9rh8ApRWfsIMQSt2uE4OcpQqbFu7f7NbTK05lx80nuSijCz7sc3a277R67g,Kenapa upgrade mulu yak,2,0,2.1.9,2024-12-26 22:57:25,,,2.1.9
78377f20-3955-4f40-8085-afc5166b1652,Pengguna Google,https://play-lh.googleusercontent.com/EGemoI2NTXmTsBVtJqk8jxF9rh8ApRWfsIMQSt2uE4OcpQqbFu7f7NbTK05lx80nuSijCz7sc3a277R67g,gbsa buka,1,0,2.1.9,2024-12-26 22:01:08,,,2.1.9
bbbd12c0-b7e4-46cb-9f23-6fe51b688257,Pengguna Google,https://play-lh.googleusercontent.com/EGemoI2NTXmTsBVtJqk8jxF9rh8ApRWfsIMQSt2uE4OcpQqbFu7f7NbTK05lx80nuSijCz7sc3a277R67g,Mantabs,5,0,2.1.9,2024-12-26 21:17:59,,,2.1.9
4a04d273-19ab-4940-93b1-40de622bcece,Pengguna Google,https://play-lh.googleusercontent.com/EGemoI2NTXmTsBVtJqk8jxF9rh8ApRWfsIMQSt2uE4OcpQqbFu7f7NbTK05lx80nuSijCz7sc3a277R67g,"Coba dong kak aplikasinya dibikin seperti kota"" Lainnya, kayak Aplikasi Mitra Darat . Rapi peta Arahnya & Gampang memahami rutenya ,gak perlu cari 1/1 seperti ini, bingung banget🙏🏻",3,0,2.1.9,2024-12-26 21:08:12,,,2.1.9
9d55ccdf-f17b-4438-870d-14876b2b7f33,Pengguna Google,https://play-lh.googleusercontent.com/EGemoI2NTXmTsBVtJqk8jxF9rh8ApRWfsIMQSt2uE4OcpQqbFu7f7NbTK05lx80nuSijCz7sc3a277R67g,"Buset dah aplikasi nya minta update Mulu, heran banget dah",1,0,2.1.8,2024-12-26 20:55:07,,,2.1.8
e0b26c8a-c4c7-4bb8-94c3-a8308be7d4ef,Pengguna Google,https://play-lh.googleusercontent.com/EGemoI2NTXmTsBVtJqk8jxF9rh8ApRWfsIMQSt2uE4OcpQqbFu7f7NbTK05lx80nuSijCz7sc3a277R67g,"Aplikasi update terus baru beberapa hari udah ada update lagi, emng ga di coba dulu apa aplikasi ini",1,4,2.1.8,2024-12-26 18:32:05,,,2.1.8
3cc41d77-4f0b-415a-93d3-c2f446e8d016,Pengguna Google,https://play-lh.googleusercontent.com/EGemoI2NTXmTsBVtJqk8jxF9rh8ApRWfsIMQSt2uE4OcpQqbFu7f7NbTK05lx80nuSijCz7sc3a277R67g,Dalam 1 bulan 4x perbarui.😏,1,0,,2024-12-26 12:31:38,,,
73c28db6-78b2-446a-8de7-ce2f4f2569f3,Pengguna Google,https://play-lh.googleusercontent.com/EGemoI2NTXmTsBVtJqk8jxF9rh8ApRWfsIMQSt2uE4OcpQqbFu7f7NbTK05lx80nuSijCz7sc3a277R67g,"apa sih dikit dikit perbarui,, pengen bgt gw ngomong kasar",1,1,2.1.8,2024-12-26 11:16:33,,,2.1.8
f3a9235c-426a-4860-b7bb-f1204ccdc415,Pengguna Google,https://play-lh.googleusercontent.com/EGemoI2NTXmTsBVtJqk8jxF9rh8ApRWfsIMQSt2uE4OcpQqbFu7f7NbTK05lx80nuSijCz7sc3a277R67g,aplikasinya sangat membantu.. keren lah,5,0,2.1.9,2024-12-26 11:11:52,,,2.1.9
35a73841-2656-427a-a4cb-c3534b4d2d7c,Pengguna Google,https://play-lh.googleusercontent.com/EGemoI2NTXmTsBVtJqk8jxF9rh8ApRWfsIMQSt2uE4OcpQqbFu7f7NbTK05lx80nuSijCz7sc3a277R67g,update mulu,3,0,2.1.8,2024-12-26 10:51:33,,,2.1.8
a4ca3b14-05ff-409a-9f3d-842c25580676,Pengguna Google,https://play-lh.googleusercontent.com/EGemoI2NTXmTsBVtJqk8jxF9rh8ApRWfsIMQSt2uE4OcpQqbFu7f7NbTK05lx80nuSijCz7sc3a277R67g,Update setiap hari,1,0,,2024-12-26 09:57:55,,,
9120b80f-a7db-4474-82f8-80008dfc027c,Pengguna Google,https://play-lh.googleusercontent.com/EGemoI2NTXmTsBVtJqk8jxF9rh8ApRWfsIMQSt2uE4OcpQqbFu7f7NbTK05lx80nuSijCz7sc3a277R67g,Minta pembaharuan mulu,1,0,,2024-12-26 09:28:25,,,
9c4fcd3c-b1f9-4c33-963c-70aedd0115b1,Pengguna Google,https://play-lh.googleusercontent.com/EGemoI2NTXmTsBVtJqk8jxF9rh8ApRWfsIMQSt2uE4OcpQqbFu7f7NbTK05lx80nuSijCz7sc3a277R67g,Cepat dan aman,5,0,2.1.9,2024-12-26 09:25:09,,,2.1.9
b916eec5-92c9-4391-b1a6-3d611b8d1163,Pengguna Google,https://play-lh.googleusercontent.com/EGemoI2NTXmTsBVtJqk8jxF9rh8ApRWfsIMQSt2uE4OcpQqbFu7f7NbTK05lx80nuSijCz7sc3a277R67g,Ok,5,0,2.1.8,2024-12-26 08:21:30,,,2.1.8
50381a3c-152f-4df7-a9a8-4d5ccf54694a,Pengguna Google,https://play-lh.googleusercontent.com/EGemoI2NTXmTsBVtJqk8jxF9rh8ApRWfsIMQSt2uE4OcpQqbFu7f7NbTK05lx80nuSijCz7sc3a277R67g,"Apk yang membantu untuk warga Jkt dan org yg baru pake teje. Tapi tolong dong masa harus update mulu, ada kali yaa tiap minggu tuh disuruh update terus. Kenapa maintenance nya langsung sekalian aja gitu. Semoga bisa jdi masukan 🙏🏼",3,3,2.1.9,2024-12-26 07:29:12,,,2.1.9
cc007512-9a38-42d9-84ed-27c1b63c4a15,Pengguna Google,https://play-lh.googleusercontent.com/EGemoI2NTXmTsBVtJqk8jxF9rh8ApRWfsIMQSt2uE4OcpQqbFu7f7NbTK05lx80nuSijCz7sc3a277R67g,operator MBT belom ada,2,0,2.1.9,2024-12-26 06:07:46,,,2.1.9
aab44966-2965-441c-8511-dec325bcdb81,Pengguna Google,https://play-lh.googleusercontent.com/EGemoI2NTXmTsBVtJqk8jxF9rh8ApRWfsIMQSt2uE4OcpQqbFu7f7NbTK05lx80nuSijCz7sc3a277R67g,Udh bagus tapi sering bgt update apk nya Hari ini aja udh 2 kali update ku kira sering update apk makin bagus tapi sama aja QR sering bgt gak bisa Ampe beralih ke kartu lagi saking ga enak nya sama pramusapa nya,1,0,,2024-12-25 23:24:41,,,
da579528-b66f-4741-b759-801ec9751867,Pengguna Google,https://play-lh.googleusercontent.com/EGemoI2NTXmTsBVtJqk8jxF9rh8ApRWfsIMQSt2uE4OcpQqbFu7f7NbTK05lx80nuSijCz7sc3a277R67g,update mulu,1,0,2.1.8,2024-12-25 21:50:58,,,2.1.8
4788673c-a1c7-4c15-a85f-21ac7f078319,Pengguna Google,https://play-lh.googleusercontent.com/EGemoI2NTXmTsBVtJqk8jxF9rh8ApRWfsIMQSt2uE4OcpQqbFu7f7NbTK05lx80nuSijCz7sc3a277R67g,Update Mulu min.,5,0,,2024-12-25 21:43:41,,,
4622622a-159e-45ee-9326-dc455545cd00,Pengguna Google,https://play-lh.googleusercontent.com/EGemoI2NTXmTsBVtJqk8jxF9rh8ApRWfsIMQSt2uE4OcpQqbFu7f7NbTK05lx80nuSijCz7sc3a277R67g,Perbarui aja terus tapi peningkatan kualitas nya sedikit dan sering tidak akurat,3,0,2.1.8,2024-12-25 20:19:49,,,2.1.8
a2ddd2dd-9365-4b26-b7cf-caa830a72b04,Pengguna Google,https://play-lh.googleusercontent.com/EGemoI2NTXmTsBVtJqk8jxF9rh8ApRWfsIMQSt2uE4OcpQqbFu7f7NbTK05lx80nuSijCz7sc3a277R67g,Masa bentar bentar harus update payah,1,0,2.1.6,2024-12-25 17:50:50,,,2.1.6
6226a580-c4e5-4caf-b105-d001274f55e1,Pengguna Google,https://play-lh.googleusercontent.com/EGemoI2NTXmTsBVtJqk8jxF9rh8ApRWfsIMQSt2uE4OcpQqbFu7f7NbTK05lx80nuSijCz7sc3a277R67g,Tiap hari update terus,4,0,2.1.7,2024-12-25 13:42:30,,,2.1.7
f17d59b5-135a-4bc9-842a-49573e111380,Pengguna Google,https://play-lh.googleusercontent.com/EGemoI2NTXmTsBVtJqk8jxF9rh8ApRWfsIMQSt2uE4OcpQqbFu7f7NbTK05lx80nuSijCz7sc3a277R67g,"Maaf busway masih lama datang nya, banyak update app terus, mohon diperbaiki",2,0,,2024-12-25 11:26:57,,,
f160e4dc-f651-494a-b8f4-fa155ee439a0,Pengguna Google,https://play-lh.googleusercontent.com/EGemoI2NTXmTsBVtJqk8jxF9rh8ApRWfsIMQSt2uE4OcpQqbFu7f7NbTK05lx80nuSijCz7sc3a277R67g,Ribet...ga berguna di ful bus yg ga ada halte nya,1,0,2.1.8,2024-12-24 23:09:27,,,2.1.8
b1951c09-44ce-4dcd-85c2-971a73497372,Pengguna Google,https://play-lh.googleusercontent.com/EGemoI2NTXmTsBVtJqk8jxF9rh8ApRWfsIMQSt2uE4OcpQqbFu7f7NbTK05lx80nuSijCz7sc3a277R67g,Ngga akurat di peta udah Deket tapi hampir 1 jam ngga ada yg datang,1,0,2.1.8,2024-12-24 17:41:25,,,2.1.8
3cb134c3-2343-4507-8b4e-4e58fc6595e1,Pengguna Google,https://play-lh.googleusercontent.com/EGemoI2NTXmTsBVtJqk8jxF9rh8ApRWfsIMQSt2uE4OcpQqbFu7f7NbTK05lx80nuSijCz7sc3a277R67g,"Apk aneh, gak jelas. Mending lu cloning aja sistem & smua struktur nya apk nya trafi. Gini amet sh apk buatan pemerintah!! Rugi bngt bayar pajak mahal2, tapi apk nya zonk!!!!!",1,0,,2024-12-24 04:05:34,,,
e6f806cb-1cf6-4654-acca-73aa9bd332a7,Pengguna Google,https://play-lh.googleusercontent.com/EGemoI2NTXmTsBVtJqk8jxF9rh8ApRWfsIMQSt2uE4OcpQqbFu7f7NbTK05lx80nuSijCz7sc3a277R67g,Memudahkan waktu perjalanan,5,0,2.1.5,2024-12-23 16:04:16,,,2.1.5
dce82fa0-9ce3-4882-8f3c-cfdfbbe18042,Pengguna Google,https://play-lh.googleusercontent.com/EGemoI2NTXmTsBVtJqk8jxF9rh8ApRWfsIMQSt2uE4OcpQqbFu7f7NbTK05lx80nuSijCz7sc3a277R67g,Ok,5,0,2.1.5,2024-12-23 12:57:36,,,2.1.5
36f0804b-8c39-40f5-9196-dccb6b74d5d5,Pengguna Google,https://play-lh.googleusercontent.com/EGemoI2NTXmTsBVtJqk8jxF9rh8ApRWfsIMQSt2uE4OcpQqbFu7f7NbTK05lx80nuSijCz7sc3a277R67g,"Saran,kedepannya di Halte Halte-haltenya di kasih QR tersendiri atau setidaknya yang tidak bisa Baca kode QR di perbaiki, jadi pas keluar dari pintu nggak menyusahkan dan merepotkan gara2 QR susah ngebaca nggak bisa keluar🤦🤦🤦",1,6,2.1.8,2024-12-23 12:56:43,,,2.1.8
eee39985-8726-4273-9227-3627d7481ef4,Pengguna Google,https://play-lh.googleusercontent.com/EGemoI2NTXmTsBVtJqk8jxF9rh8ApRWfsIMQSt2uE4OcpQqbFu7f7NbTK05lx80nuSijCz7sc3a277R67g,Apliksi Update mulu,5,0,2.1.6,2024-12-23 10:12:14,,,2.1.6
aa7fc105-95dd-4e54-afc1-54f0ae4c851e,Pengguna Google,https://play-lh.googleusercontent.com/EGemoI2NTXmTsBVtJqk8jxF9rh8ApRWfsIMQSt2uE4OcpQqbFu7f7NbTK05lx80nuSijCz7sc3a277R67g,Memudahkan tapi kenapa aplikasinya update terus . Setiap buka update kalau sehari buka 2x updatenya 2x,2,0,2.1.7,2024-12-23 07:07:13,,,2.1.7
a2c32560-728d-485a-b8ba-8d7349ecc9e5,Pengguna Google,https://play-lh.googleusercontent.com/EGemoI2NTXmTsBVtJqk8jxF9rh8ApRWfsIMQSt2uE4OcpQqbFu7f7NbTK05lx80nuSijCz7sc3a277R67g,susah internal server error,1,0,2.1.8,2024-12-22 23:46:48,,,2.1.8
d3be84bb-87bc-4be8-8d7f-ef48303b58e8,Pengguna Google,https://play-lh.googleusercontent.com/EGemoI2NTXmTsBVtJqk8jxF9rh8ApRWfsIMQSt2uE4OcpQqbFu7f7NbTK05lx80nuSijCz7sc3a277R67g,"update mulu, ribet kalo lg buru buru",4,0,2.1.7,2024-12-22 10:00:09,,,2.1.7
406d64b9-4673-487f-8f19-289abd9725c0,Pengguna Google,https://play-lh.googleusercontent.com/EGemoI2NTXmTsBVtJqk8jxF9rh8ApRWfsIMQSt2uE4OcpQqbFu7f7NbTK05lx80nuSijCz7sc3a277R67g,Minta update terus,1,0,2.1.6,2024-12-22 06:35:30,,,2.1.6
b5f4c7c3-08c4-45a2-90a2-c88861a491b4,Pengguna Google,https://play-lh.googleusercontent.com/EGemoI2NTXmTsBVtJqk8jxF9rh8ApRWfsIMQSt2uE4OcpQqbFu7f7NbTK05lx80nuSijCz7sc3a277R67g,Gak sesuai.. di apk nya kak brpa... Busway nya Dateng jam brpa... Telat Mulu Dateng nya,1,0,,2024-12-22 05:33:09,,,
a9d3526c-9e98-4832-8760-4d036e5f71bf,Pengguna Google,https://play-lh.googleusercontent.com/EGemoI2NTXmTsBVtJqk8jxF9rh8ApRWfsIMQSt2uE4OcpQqbFu7f7NbTK05lx80nuSijCz7sc3a277R67g,Ok,5,0,2.1.5,2024-12-21 18:32:56,,,2.1.5
dcb6ec40-13cd-4a70-89c8-f18a80878952,Pengguna Google,https://play-lh.googleusercontent.com/EGemoI2NTXmTsBVtJqk8jxF9rh8ApRWfsIMQSt2uE4OcpQqbFu7f7NbTK05lx80nuSijCz7sc3a277R67g,"Sudah bagus, tp ini dalam seminggu udh 3x minta update terus..",4,0,2.1.7,2024-12-21 17:43:24,,,2.1.7
014a1056-c247-4664-aa79-f5173ce7d371,Pengguna Google,https://play-lh.googleusercontent.com/EGemoI2NTXmTsBVtJqk8jxF9rh8ApRWfsIMQSt2uE4OcpQqbFu7f7NbTK05lx80nuSijCz7sc3a277R67g,TRANSJAKARTA makin NYUSAHIN RAKYAT. BATALIN MODIFIKASI RUTE S21 S22. PAKE OTAKNYA!!!!,1,0,2.1.8,2024-12-21 16:58:51,,,2.1.8
bd1b9945-3050-4329-9be8-3807ba3f43c2,Pengguna Google,https://play-lh.googleusercontent.com/EGemoI2NTXmTsBVtJqk8jxF9rh8ApRWfsIMQSt2uE4OcpQqbFu7f7NbTK05lx80nuSijCz7sc3a277R67g,Apaan dah baru juga kemarin pagi di perbarui udah perbarui lagi aneh banget,1,1,2.1.7,2024-12-21 16:46:54,,,2.1.7
d45aa5c8-0723-4567-af94-d3c261625ff3,Pengguna Google,https://play-lh.googleusercontent.com/EGemoI2NTXmTsBVtJqk8jxF9rh8ApRWfsIMQSt2uE4OcpQqbFu7f7NbTK05lx80nuSijCz7sc3a277R67g,"kalau ada yang bus nonaktif harusnya di aplikasi dikasih tau atau dihapus biar ga bikin bingung. ini aktif ga aktif, semua dipampang. jadi bingung",1,2,2.1.8,2024-12-21 15:04:26,,,2.1.8
49b5db37-ff22-4f36-be5b-4460fc71013a,Pengguna Google,https://play-lh.googleusercontent.com/EGemoI2NTXmTsBVtJqk8jxF9rh8ApRWfsIMQSt2uE4OcpQqbFu7f7NbTK05lx80nuSijCz7sc3a277R67g,"setiap hari minta update, gak jelas. mending kalo ada perbaikan yg akurat. lah sama aja",1,1,2.1.8,2024-12-21 13:32:41,,,2.1.8
14359621-0493-494b-a237-72a75d864a4b,Pengguna Google,https://play-lh.googleusercontent.com/EGemoI2NTXmTsBVtJqk8jxF9rh8ApRWfsIMQSt2uE4OcpQqbFu7f7NbTK05lx80nuSijCz7sc3a277R67g,"LAYANAN CIPUTAT CSW DARI KEJAGUNG SELALU BANYAK,TAPI HARUS DIBUAT MENUNGGU 30 MENIT DI LUAR HALTE, APA TIDAK MIKIR BANYAK ORANG TUA HSRUS TERPANGGANG DIBAWAH TERIK MATAHARI, BLOM LAGI JIKA HUJAN. DIMANA OTAK KALIAN",1,0,2.1.8,2024-12-21 12:05:57,,,2.1.8
a29956b8-e03a-4a9c-9c34-fb43f88baeaf,Pengguna Google,https://play-lh.googleusercontent.com/EGemoI2NTXmTsBVtJqk8jxF9rh8ApRWfsIMQSt2uE4OcpQqbFu7f7NbTK05lx80nuSijCz7sc3a277R67g,"SETIAP MAU DI PAKE UPFATE MULU, APAAN SII. BUANG² WAKTU ORG AJA, SERING KETINGALAN MOBIL PULA, DH MAH QRIS NYA KDANG BISA ATAU NGGAK",1,0,2.1.8,2024-12-21 12:05:02,,,2.1.8
53ecd218-330f-4c16-9d0d-aaf8cb325250,Pengguna Google,https://play-lh.googleusercontent.com/EGemoI2NTXmTsBVtJqk8jxF9rh8ApRWfsIMQSt2uE4OcpQqbFu7f7NbTK05lx80nuSijCz7sc3a277R67g,Perbaharui mulu,1,0,2.1.6,2024-12-21 10:57:23,,,2.1.6
53228562-332c-4290-ad7b-9e0e23281b00,Pengguna Google,https://play-lh.googleusercontent.com/EGemoI2NTXmTsBVtJqk8jxF9rh8ApRWfsIMQSt2uE4OcpQqbFu7f7NbTK05lx80nuSijCz7sc3a277R67g,KENAPA UPDATE MULU SIH APLIKASI NYA!! QR JUGA SELALU ERROR PAS MAU TAP IN ATAU TAP OUT! BENERIN DULU LAH SEBELUM LAUNCHING,4,0,2.1.8,2024-12-21 09:36:20,,,2.1.8
e9e8064b-5dcc-455d-8571-aa88071f435e,Pengguna Google,https://play-lh.googleusercontent.com/EGemoI2NTXmTsBVtJqk8jxF9rh8ApRWfsIMQSt2uE4OcpQqbFu7f7NbTK05lx80nuSijCz7sc3a277R67g,"dilihat lihat banyak sekali update Belakangan ini. beberapa hari lalu udah di update dan skrg ada lagi, tapi bagus kok ini aplikasi jarang ada bug atau error.",5,2,2.1.8,2024-12-21 09:32:01,,,2.1.8
b8509a21-9279-4bb2-965f-aef81f41de1f,Pengguna Google,https://play-lh.googleusercontent.com/EGemoI2NTXmTsBVtJqk8jxF9rh8ApRWfsIMQSt2uE4OcpQqbFu7f7NbTK05lx80nuSijCz7sc3a277R67g,Barcodenya gak bisa di gunakan... Bikin malu saya aja ni,1,0,,2024-12-21 08:25:58,,,
e413891b-edd9-43af-9a55-26f7823ed235,Pengguna Google,https://play-lh.googleusercontent.com/EGemoI2NTXmTsBVtJqk8jxF9rh8ApRWfsIMQSt2uE4OcpQqbFu7f7NbTK05lx80nuSijCz7sc3a277R67g,Tida dapat membaca bus di Koridor 12.,1,0,,2024-12-21 06:41:30,,,
62657131-c968-436e-91be-5f67f9285334,Pengguna Google,https://play-lh.googleusercontent.com/EGemoI2NTXmTsBVtJqk8jxF9rh8ApRWfsIMQSt2uE4OcpQqbFu7f7NbTK05lx80nuSijCz7sc3a277R67g,Ook,5,0,2.1.7,2024-12-21 00:06:19,,,2.1.7
083da369-e217-4fdb-8428-95bc86eb9fe2,Pengguna Google,https://play-lh.googleusercontent.com/EGemoI2NTXmTsBVtJqk8jxF9rh8ApRWfsIMQSt2uE4OcpQqbFu7f7NbTK05lx80nuSijCz7sc3a277R67g,Update pembaharuan setiap hari hadeh🥴🥴🤦,1,0,,2024-12-20 20:32:29,,,
ee12b993-a654-49be-a1ab-36023b7b7dea,Pengguna Google,https://play-lh.googleusercontent.com/EGemoI2NTXmTsBVtJqk8jxF9rh8ApRWfsIMQSt2uE4OcpQqbFu7f7NbTK05lx80nuSijCz7sc3a277R67g,Ini kenapa sehari bisa 3 kali update? Update mulu weh,3,0,2.1.7,2024-12-20 18:46:27,,,2.1.7
451201fc-4b6a-4129-8f85-ddad59bee94e,Pengguna Google,https://play-lh.googleusercontent.com/EGemoI2NTXmTsBVtJqk8jxF9rh8ApRWfsIMQSt2uE4OcpQqbFu7f7NbTK05lx80nuSijCz7sc3a277R67g,Pantauan untuk kedatangan bus nya kurang akurat .,4,0,2.1.7,2024-12-20 17:50:02,,,2.1.7
f4b08b65-b2f6-447e-b895-44ca123e4560,Pengguna Google,https://play-lh.googleusercontent.com/EGemoI2NTXmTsBVtJqk8jxF9rh8ApRWfsIMQSt2uE4OcpQqbFu7f7NbTK05lx80nuSijCz7sc3a277R67g,Cukup baik dalam membantu arah tujuan,5,0,2.1.6,2024-12-20 17:20:00,,,2.1.6
0e0533db-f6ff-4ebe-a943-2d9a616b7b52,Pengguna Google,https://play-lh.googleusercontent.com/EGemoI2NTXmTsBVtJqk8jxF9rh8ApRWfsIMQSt2uE4OcpQqbFu7f7NbTK05lx80nuSijCz7sc3a277R67g,"Baru kemarin saya perbaharui applikasinya, masa sekarang harus di uppdate lagiii. Cepaat sekaliiii",2,0,2.1.6,2024-12-20 16:27:52,,,2.1.6
e6056261-b497-47f9-9bce-551a46138cb0,Pengguna Google,https://play-lh.googleusercontent.com/EGemoI2NTXmTsBVtJqk8jxF9rh8ApRWfsIMQSt2uE4OcpQqbFu7f7NbTK05lx80nuSijCz7sc3a277R67g,"Aplikasi selalu minta update an, agak merepotkan",4,0,2.1.6,2024-12-20 15:29:47,,,2.1.6
b4305884-2c02-4af3-a751-4c73216a6f5a,Pengguna Google,https://play-lh.googleusercontent.com/EGemoI2NTXmTsBVtJqk8jxF9rh8ApRWfsIMQSt2uE4OcpQqbFu7f7NbTK05lx80nuSijCz7sc3a277R67g,Bagus dan mantap,5,0,2.1.5,2024-12-20 12:52:50,,,2.1.5
f01934f2-5e37-43fa-b96d-94202186688f,Pengguna Google,https://play-lh.googleusercontent.com/EGemoI2NTXmTsBVtJqk8jxF9rh8ApRWfsIMQSt2uE4OcpQqbFu7f7NbTK05lx80nuSijCz7sc3a277R67g,bagus,5,0,,2024-12-20 11:24:25,,,
06376b50-d607-4735-9698-98b420ca27a6,Pengguna Google,https://play-lh.googleusercontent.com/EGemoI2NTXmTsBVtJqk8jxF9rh8ApRWfsIMQSt2uE4OcpQqbFu7f7NbTK05lx80nuSijCz7sc3a277R67g,Lumayan membantu,5,0,2.1.5,2024-12-20 06:39:07,,,2.1.5
c29c6ccf-bdc1-4f22-b72a-691a7ef01378,Pengguna Google,https://play-lh.googleusercontent.com/EGemoI2NTXmTsBVtJqk8jxF9rh8ApRWfsIMQSt2uE4OcpQqbFu7f7NbTK05lx80nuSijCz7sc3a277R67g,"Sungguh terbantu sekali, jadi tahu posisi kendaraan saat sedang menunggu...",5,0,2.1.5,2024-12-20 05:44:04,,,2.1.5
acc3fd7c-739d-4332-9d1e-edebc2a97b7f,Pengguna Google,https://play-lh.googleusercontent.com/EGemoI2NTXmTsBVtJqk8jxF9rh8ApRWfsIMQSt2uE4OcpQqbFu7f7NbTK05lx80nuSijCz7sc3a277R67g,Dari tanjung duren emng gk ada ya yg lngsung ke halte kebayoran? Di maps nya ada naik jalur 8 tapi pas tanya petugasnya malah diarahin ke halte sebelah yang malah lebih jauh dan harus transit banyak bus juga. Heran. Memang gak ada apa petugasnya salah arahin ya,2,0,,2024-12-19 22:31:20,,,
a10d18b9-6fb6-4402-90ea-6a1fc9c0da0b,Pengguna Google,https://play-lh.googleusercontent.com/EGemoI2NTXmTsBVtJqk8jxF9rh8ApRWfsIMQSt2uE4OcpQqbFu7f7NbTK05lx80nuSijCz7sc3a277R67g,Tj keren,5,0,2.1.5,2024-12-19 22:04:58,,,2.1.5
84b87e95-68cc-4695-87f4-fdb4848cf14c,Pengguna Google,https://play-lh.googleusercontent.com/EGemoI2NTXmTsBVtJqk8jxF9rh8ApRWfsIMQSt2uE4OcpQqbFu7f7NbTK05lx80nuSijCz7sc3a277R67g,Bagus dan membantu pelanggan tj,5,0,2.1.5,2024-12-19 21:37:08,,,2.1.5
94081bcb-7375-42f9-bf0c-3b573239847a,Pengguna Google,https://play-lh.googleusercontent.com/EGemoI2NTXmTsBVtJqk8jxF9rh8ApRWfsIMQSt2uE4OcpQqbFu7f7NbTK05lx80nuSijCz7sc3a277R67g,Terkadang waktu tidak akurat dengan datang bus/jaklingko nya,3,0,2.1.5,2024-12-19 16:03:47,,,2.1.5
c95de898-2e63-4e4e-9e12-b17ea906b958,Pengguna Google,https://play-lh.googleusercontent.com/EGemoI2NTXmTsBVtJqk8jxF9rh8ApRWfsIMQSt2uE4OcpQqbFu7f7NbTK05lx80nuSijCz7sc3a277R67g,Mantap,5,0,2.1.5,2024-12-18 16:10:04,,,2.1.5
abf37b0f-4e59-49a2-ba26-d1917ee82d69,Pengguna Google,https://play-lh.googleusercontent.com/EGemoI2NTXmTsBVtJqk8jxF9rh8ApRWfsIMQSt2uE4OcpQqbFu7f7NbTK05lx80nuSijCz7sc3a277R67g,"Tambahin opsi pembayaran lebih banyak kayak gopay, siapa yg mau pake astrapay nambah nambahin aja",1,2,2.1.5,2024-12-17 08:15:01,,,2.1.5
5fa47519-804f-4015-9dd2-c5667b6bb21c,Pengguna Google,https://play-lh.googleusercontent.com/EGemoI2NTXmTsBVtJqk8jxF9rh8ApRWfsIMQSt2uE4OcpQqbFu7f7NbTK05lx80nuSijCz7sc3a277R67g,"Pembayaran scan QR code pada gate sering bermasalah, tolong diperbaiki seperti di KRL agar lebih mudah, tks",1,2,2.1.5,2024-12-17 08:08:32,,,2.1.5
e59fc2a4-281d-4e52-83fb-966a564e439b,Pengguna Google,https://play-lh.googleusercontent.com/EGemoI2NTXmTsBVtJqk8jxF9rh8ApRWfsIMQSt2uE4OcpQqbFu7f7NbTK05lx80nuSijCz7sc3a277R67g,"Uang saya masih ada di aplikasi ini, tapi aplikasi ini tidak bisa di buka lagi. Kamu sama aja kaya rampok. Paham?",1,0,2.1.5,2024-12-16 19:54:57,,,2.1.5
b1a09eaa-4660-49bd-ad6d-0305a1cbb670,Pengguna Google,https://play-lh.googleusercontent.com/EGemoI2NTXmTsBVtJqk8jxF9rh8ApRWfsIMQSt2uE4OcpQqbFu7f7NbTK05lx80nuSijCz7sc3a277R67g,"Alhamdulillah mempermudah, semoga makin jaya",5,0,2.1.5,2024-12-15 20:52:25,,,2.1.5
ba68a642-5587-408d-8e18-5072646c4152,Pengguna Google,https://play-lh.googleusercontent.com/EGemoI2NTXmTsBVtJqk8jxF9rh8ApRWfsIMQSt2uE4OcpQqbFu7f7NbTK05lx80nuSijCz7sc3a277R67g,"Aplikasi Transjakarta ini sangat membantu! Fitur live bus tracking-nya akurat banget, jadi bisa atur waktu perjalanan dengan lebih baik. Desainnya juga user-friendly, mudah banget dipake.",5,0,2.1.5,2024-12-15 17:25:26,,,2.1.5
25e2b44f-e430-4022-a276-f2a0705b490b,Pengguna Google,https://play-lh.googleusercontent.com/EGemoI2NTXmTsBVtJqk8jxF9rh8ApRWfsIMQSt2uE4OcpQqbFu7f7NbTK05lx80nuSijCz7sc3a277R67g,"Seneng banget ada aplikasi ini, mempermudah bangett apalagi untuk aku yang males tanya tanya 🔥",5,0,2.1.5,2024-12-15 16:01:58,,,2.1.5
3ebbbc42-86f8-4498-ae3b-212b1e716324,Pengguna Google,https://play-lh.googleusercontent.com/EGemoI2NTXmTsBVtJqk8jxF9rh8ApRWfsIMQSt2uE4OcpQqbFu7f7NbTK05lx80nuSijCz7sc3a277R67g,"Aplikasi Transjakarta mempermudah perjalanan dengan fitur rute akurat, real-time tracking, dan tiket digital—praktis, cepat, dan nyaman untuk mobilitas modern dan juga dengan adanya aplikasi Transjakarta ini sangat memudahkan penggunanya karena tidak lagi menunggu bus dengan waktu lama karena waktu kedatangan bisnya di aplikasinya",5,0,,2024-12-15 15:57:46,,,
fe3be175-6adf-4195-a3b4-f9e45e480f55,Pengguna Google,https://play-lh.googleusercontent.com/EGemoI2NTXmTsBVtJqk8jxF9rh8ApRWfsIMQSt2uE4OcpQqbFu7f7NbTK05lx80nuSijCz7sc3a277R67g,"Suka dengan aplikasi ini karena ngebantu banget, ga ribet ribet lagi kalau Mau beli tiket karena Pembelian tiket bisa secara online",5,0,,2024-12-15 10:14:00,,,
4eff55bd-6053-44aa-b929-963ad4d60d59,Pengguna Google,https://play-lh.googleusercontent.com/EGemoI2NTXmTsBVtJqk8jxF9rh8ApRWfsIMQSt2uE4OcpQqbFu7f7NbTK05lx80nuSijCz7sc3a277R67g,"Sudah sering kali pakai aplikasi ini, sangat membantu saya untuk melihat rute dan mencari halte terdekat",5,0,2.1.5,2024-12-15 09:13:17,,,2.1.5
a8fb3b86-92e1-44cc-91fa-1a2e51ad60c3,Pengguna Google,https://play-lh.googleusercontent.com/EGemoI2NTXmTsBVtJqk8jxF9rh8ApRWfsIMQSt2uE4OcpQqbFu7f7NbTK05lx80nuSijCz7sc3a277R67g,"Aplikasi yg sekarang lebih bagus ya. Dan akan lebih baik lagi jika ada metode pembayaran lainnya seperti QRIS/Gopay/DANA,dll. Ini baru rating penggunaan aplikasi karena saya masih belum jalan dan menggunakan aplikasi nya. Mudah-mudahan masukan saya didengar dan diimplementasikan.",4,0,2.1.5,2024-12-14 19:16:57,,,2.1.5
87b0251c-fab1-486a-a645-e900ada1391d,Pengguna Google,https://play-lh.googleusercontent.com/EGemoI2NTXmTsBVtJqk8jxF9rh8ApRWfsIMQSt2uE4OcpQqbFu7f7NbTK05lx80nuSijCz7sc3a277R67g,Ini gimana ya Cara ngelaporin Nya Map nya udh Di map 6u ga jalan jalan .. Di tungguin 1jam Dari jam 10.33 sampe jam 11.20 belum sampe juga Mobil nya .. . Udh pelayanan Supir nya Songong songong ga ada yg ramah kalo mobil 6U passarminggu blok m .,1,2,2.1.5,2024-12-14 11:09:53,,,2.1.5
cee53b08-7605-40dc-b630-de27d0ffcf4c,Pengguna Google,https://play-lh.googleusercontent.com/EGemoI2NTXmTsBVtJqk8jxF9rh8ApRWfsIMQSt2uE4OcpQqbFu7f7NbTK05lx80nuSijCz7sc3a277R67g,"aplikasi Transjakarta ini bagus banget, membantu banget kalo mau cari alamat,recomended pokonya 👍👍",5,0,2.1.5,2024-12-13 18:29:58,,,2.1.5
7a3b93c4-e32b-468f-8495-8d44ad848e0d,Pengguna Google,https://play-lh.googleusercontent.com/EGemoI2NTXmTsBVtJqk8jxF9rh8ApRWfsIMQSt2uE4OcpQqbFu7f7NbTK05lx80nuSijCz7sc3a277R67g,Pembayaran melalui aplikasi bisa buat busway NBRT ga sih?,5,0,2.1.5,2024-12-13 17:05:09,,,2.1.5
1b10c3e2-3869-4601-8d95-ef9fe4bebe7a,Pengguna Google,https://play-lh.googleusercontent.com/EGemoI2NTXmTsBVtJqk8jxF9rh8ApRWfsIMQSt2uE4OcpQqbFu7f7NbTK05lx80nuSijCz7sc3a277R67g,"Aplikasinya gk lelet dan memudahkan saya saat akan naik TJ, mantab",5,0,2.1.5,2024-12-13 09:34:53,,,2.1.5
3aa20ab0-88c3-4b4c-a75c-5b162e8d4ed4,Pengguna Google,https://play-lh.googleusercontent.com/EGemoI2NTXmTsBVtJqk8jxF9rh8ApRWfsIMQSt2uE4OcpQqbFu7f7NbTK05lx80nuSijCz7sc3a277R67g,"Waaah 😍 Aplikasi transjakarta bener berguna. Ngebantu banget kalau mau liat rute, jadi aku gak gampang tersesat kalau mau kemana. Lebih gampang lagi buat gunainnya. Bersyukur banget aku ada applikasi ini. Jadi gak perlu nanya2 lagi deh ke orang kalau nanya rute 🫢",5,5,2.1.5,2024-12-13 09:14:21,,,2.1.5
1c63bc4f-077f-4349-92fd-ea95ea7b3b69,Pengguna Google,https://play-lh.googleusercontent.com/EGemoI2NTXmTsBVtJqk8jxF9rh8ApRWfsIMQSt2uE4OcpQqbFu7f7NbTK05lx80nuSijCz7sc3a277R67g,"sebagai pengunna Tj , saya sangat terbantu dengan adanya aplikasi ini, mantab Tj.",5,0,2.1.5,2024-12-13 09:13:30,,,2.1.5
04210a21-cf51-436b-ba0e-a73d476b4716,Pengguna Google,https://play-lh.googleusercontent.com/EGemoI2NTXmTsBVtJqk8jxF9rh8ApRWfsIMQSt2uE4OcpQqbFu7f7NbTK05lx80nuSijCz7sc3a277R67g,"Saldo kepotong double kalau naik turunnya dari bus Transjakarta electric, atau yg tap in di halte ketika tap out di bus , saldo bisa ke tarik double. Sistem nya coba di cek karena pengaduan sudah banyak TPI masih blom ada perbaikan",1,1,,2024-12-12 16:40:06,,,
1d0ca0e7-b9aa-46b9-8260-70751a275eb7,Pengguna Google,https://play-lh.googleusercontent.com/EGemoI2NTXmTsBVtJqk8jxF9rh8ApRWfsIMQSt2uE4OcpQqbFu7f7NbTK05lx80nuSijCz7sc3a277R67g,"Tiap hari libur kayak Sabtu/Minggu dipake buat perawatan server Napa, internal server error Mulu, sediain backup server juga, biar kalau main server kena gangguan bisa di lanjut sama backup server",1,2,2.1.5,2024-12-11 08:36:30,,,2.1.5
4e605242-5a78-4403-8b8f-cddd4d129425,Pengguna Google,https://play-lh.googleusercontent.com/EGemoI2NTXmTsBVtJqk8jxF9rh8ApRWfsIMQSt2uE4OcpQqbFu7f7NbTK05lx80nuSijCz7sc3a277R67g,Estimasi tiba bus nya gk pernah sesuai.,1,1,2.1.5,2024-12-11 02:32:33,,,2.1.5
b04c48b3-0bbe-479c-9c8c-ad77646d78dc,Pengguna Google,https://play-lh.googleusercontent.com/EGemoI2NTXmTsBVtJqk8jxF9rh8ApRWfsIMQSt2uE4OcpQqbFu7f7NbTK05lx80nuSijCz7sc3a277R67g,Sangat membantu,5,0,2.1.5,2024-12-10 20:06:19,,,2.1.5
ebcaff68-b91e-4ff4-b652-c79e909800da,Pengguna Google,https://play-lh.googleusercontent.com/EGemoI2NTXmTsBVtJqk8jxF9rh8ApRWfsIMQSt2uE4OcpQqbFu7f7NbTK05lx80nuSijCz7sc3a277R67g,Mau cari rute bus gampang. Cari jadwal bus juga gampang. Membantu sekali aplikasinya,5,0,2.1.5,2024-12-10 19:53:20,,,2.1.5
b5c6cb62-a844-4e1d-bb61-479690747e39,Pengguna Google,https://play-lh.googleusercontent.com/EGemoI2NTXmTsBVtJqk8jxF9rh8ApRWfsIMQSt2uE4OcpQqbFu7f7NbTK05lx80nuSijCz7sc3a277R67g,Aplikasi mudah digunakan dan memudahkan banget bagi kami yang belum ada kendaraan pribadi. Kita bisa lihat rute-rutenya sehingga bisa efisiensi waktu juga untuk sampai ke tempat tujuan.,5,0,2.1.5,2024-12-10 17:01:30,,,2.1.5
978da52e-3489-4e1c-adf9-7288b553e138,Pengguna Google,https://play-lh.googleusercontent.com/EGemoI2NTXmTsBVtJqk8jxF9rh8ApRWfsIMQSt2uE4OcpQqbFu7f7NbTK05lx80nuSijCz7sc3a277R67g,"Dengan aplikasi TJ Transjakarta, pengguna bisa melihat lokasi bus secara real-time, sehingga lebih mudah mengatur waktu keberangkatan dari halte terdekat. Fitur ini sangat praktis.",5,0,2.1.5,2024-12-10 16:34:12,,,2.1.5
8ed98c47-b17c-4b27-b0a8-24579381c6ad,Pengguna Google,https://play-lh.googleusercontent.com/EGemoI2NTXmTsBVtJqk8jxF9rh8ApRWfsIMQSt2uE4OcpQqbFu7f7NbTK05lx80nuSijCz7sc3a277R67g,"Aplikasi yg memudahkan banget buat tau jadwal bis yang mau digunain, dan masih banyak fitur yang canggih lainnya",5,0,2.1.5,2024-12-10 16:19:41,,,2.1.5
614d19f1-6c97-4817-88ec-87e8c1e4d343,Pengguna Google,https://play-lh.googleusercontent.com/EGemoI2NTXmTsBVtJqk8jxF9rh8ApRWfsIMQSt2uE4OcpQqbFu7f7NbTK05lx80nuSijCz7sc3a277R67g,"Aplikasinya ngebantu banget, user friendly juga.. Gak bingung lagi kalo mau tau bus TJ udah dimana, tinggal klik gampang deh..",5,0,,2024-12-10 15:37:07,,,
9fd200fa-29ec-4c95-bcd3-a8f4beb09237,Pengguna Google,https://play-lh.googleusercontent.com/EGemoI2NTXmTsBVtJqk8jxF9rh8ApRWfsIMQSt2uE4OcpQqbFu7f7NbTK05lx80nuSijCz7sc3a277R67g,nice,5,0,2.1.5,2024-12-09 21:58:58,,,2.1.5
2a146362-cf45-4c27-8d38-d329acefde09,Pengguna Google,https://play-lh.googleusercontent.com/EGemoI2NTXmTsBVtJqk8jxF9rh8ApRWfsIMQSt2uE4OcpQqbFu7f7NbTK05lx80nuSijCz7sc3a277R67g,"Saya sedikit mau berbagi pengalaman saya selama menggunakan layanan Transjakarta. Kebetulan anak saya sedang bolak balik RSCM hampir setiap hari kamis, dan Alhamdulillahnya para petugas TJ slalu memberikan pelayanan yg sangat baik terutama utk selalu memberikan kursi prioritas utk yg di prioritaskan, seperti anak saya yg sedang memakai kursi roda. Terimakasih para pramusapa bahkan para pramudi, yg senantiasa selalu bertugas dgn baik, saya tdk bisa membalas kebaikan kalian, biarlah allah yg balas",5,1,2.1.5,2024-12-09 21:50:28,,,2.1.5
f067a88b-37dc-4997-a30e-be504d02cb59,Pengguna Google,https://play-lh.googleusercontent.com/EGemoI2NTXmTsBVtJqk8jxF9rh8ApRWfsIMQSt2uE4OcpQqbFu7f7NbTK05lx80nuSijCz7sc3a277R67g,Sangat nyaman dan memuaskan,5,0,,2024-12-07 15:59:06,,,
c99fa66a-0e3c-4cd8-a6cb-7c418c822227,Pengguna Google,https://play-lh.googleusercontent.com/EGemoI2NTXmTsBVtJqk8jxF9rh8ApRWfsIMQSt2uE4OcpQqbFu7f7NbTK05lx80nuSijCz7sc3a277R67g,"sesat, gak update",1,1,2.1.5,2024-12-06 15:56:33,,,2.1.5
7d9dfe3a-d93a-4a48-936b-b6e46b8081fd,Pengguna Google,https://play-lh.googleusercontent.com/EGemoI2NTXmTsBVtJqk8jxF9rh8ApRWfsIMQSt2uE4OcpQqbFu7f7NbTK05lx80nuSijCz7sc3a277R67g,Sepertinya tidk semua armada minitrans ada alat pelacak GPS-nyal. Mohon PT transjakarta mewajibkan seluruh armada minitrans dilengkapi alat GPS agar pengguna dpt agar mumdahkan kami sbg pengguna dan pelayananya lebih mantap lg.,3,0,2.1.5,2024-12-06 14:52:52,,,2.1.5
11288fb0-284d-4c1b-a5ab-111041f905dd,Pengguna Google,https://play-lh.googleusercontent.com/EGemoI2NTXmTsBVtJqk8jxF9rh8ApRWfsIMQSt2uE4OcpQqbFu7f7NbTK05lx80nuSijCz7sc3a277R67g,ga nyesel pake aplikasi Transjakarta bisa membantu cari lokasi atau maps the best lah pokoknya,5,0,2.1.5,2024-12-05 21:00:25,,,2.1.5
1e9e25a1-0baa-4b2d-ac84-9c8968e61f79,Pengguna Google,https://play-lh.googleusercontent.com/EGemoI2NTXmTsBVtJqk8jxF9rh8ApRWfsIMQSt2uE4OcpQqbFu7f7NbTK05lx80nuSijCz7sc3a277R67g,Tara sesuai e puki,1,1,2.1.5,2024-12-05 18:04:09,,,2.1.5
ee7460c4-4f61-4774-951f-daab2dbb76b8,Pengguna Google,https://play-lh.googleusercontent.com/EGemoI2NTXmTsBVtJqk8jxF9rh8ApRWfsIMQSt2uE4OcpQqbFu7f7NbTK05lx80nuSijCz7sc3a277R67g,"apaan masa saya ingin cari pergerakan bus 1B dan 1F yang keluar hanya jalur nya saja, tidak ada pergerakan bus nya sedang dimana dan menuju ke arah mana...huh",2,0,2.1.5,2024-12-05 17:40:53,,,2.1.5
e57b1d70-6b86-404e-b9e1-16e80e9c21cf,Pengguna Google,https://play-lh.googleusercontent.com/EGemoI2NTXmTsBVtJqk8jxF9rh8ApRWfsIMQSt2uE4OcpQqbFu7f7NbTK05lx80nuSijCz7sc3a277R67g,Lebih akuratan google maps,2,0,2.1.5,2024-12-05 07:00:52,,,2.1.5
abdf42e4-669e-4c16-a27a-dde148791f1e,Pengguna Google,https://play-lh.googleusercontent.com/EGemoI2NTXmTsBVtJqk8jxF9rh8ApRWfsIMQSt2uE4OcpQqbFu7f7NbTK05lx80nuSijCz7sc3a277R67g,Ibu,5,0,,2024-12-04 21:26:07,,,
08ed6285-8fa8-4825-a923-f5b9e4448523,Pengguna Google,https://play-lh.googleusercontent.com/EGemoI2NTXmTsBVtJqk8jxF9rh8ApRWfsIMQSt2uE4OcpQqbFu7f7NbTK05lx80nuSijCz7sc3a277R67g,Trackingnya lemot parah,1,1,2.1.5,2024-12-04 11:52:32,,,2.1.5
3a753973-eaea-43b0-a62c-cabc28cf1df9,Pengguna Google,https://play-lh.googleusercontent.com/EGemoI2NTXmTsBVtJqk8jxF9rh8ApRWfsIMQSt2uE4OcpQqbFu7f7NbTK05lx80nuSijCz7sc3a277R67g,mantap,5,0,2.1.5,2024-12-04 08:59:47,,,2.1.5
bdb9e698-6e95-43d6-8265-b41401aea25e,Pengguna Google,https://play-lh.googleusercontent.com/EGemoI2NTXmTsBVtJqk8jxF9rh8ApRWfsIMQSt2uE4OcpQqbFu7f7NbTK05lx80nuSijCz7sc3a277R67g,"Mau kasih masukan: lebih baik mulai kerjasama dengan GoTransit deh, percuma juga download aplikasinya, gak bisa beli tiket, karena bayarnya cuma bisa pake Astrapay. Walah, gak semua punya Astrapay lhooo. Coba ditambah pilihan bayar pake Gopay, Shopeepay, virtual account, jadi gak susah kalo kartu hilang atau patah. Kejadian siang tadi kartu e-money patah dan gak ada minimarket yang jual buat penggantinya, bikin repot. Uninstall dulu lah..",2,16,2.1.5,2024-12-03 22:18:31,,,2.1.5
25835c5b-0369-4b02-b31c-d7922fe0a27d,Pengguna Google,https://play-lh.googleusercontent.com/EGemoI2NTXmTsBVtJqk8jxF9rh8ApRWfsIMQSt2uE4OcpQqbFu7f7NbTK05lx80nuSijCz7sc3a277R67g,"suka banget sama aplikasinya, memudahkan kita dalam perjalanan, rute nya juga akurat🙏🏼",5,0,2.1.5,2024-12-03 16:28:37,,,2.1.5
d70495a7-9223-4f88-9e5d-c1a549b4d751,Pengguna Google,https://play-lh.googleusercontent.com/EGemoI2NTXmTsBVtJqk8jxF9rh8ApRWfsIMQSt2uE4OcpQqbFu7f7NbTK05lx80nuSijCz7sc3a277R67g,makin mudah pake aplikasi transjakarta karena bisa bayar disini dan cek rutenya. so far so good sih,5,0,,2024-12-03 12:42:57,,,
7ee46876-9351-4e1a-aa7f-f200adc79a6a,Pengguna Google,https://play-lh.googleusercontent.com/EGemoI2NTXmTsBVtJqk8jxF9rh8ApRWfsIMQSt2uE4OcpQqbFu7f7NbTK05lx80nuSijCz7sc3a277R67g,Daftar gk bisa server eror terus,1,1,2.1.5,2024-12-03 06:25:33,,,2.1.5
240daafc-28c7-4b78-bf0a-9a6db29975a2,Pengguna Google,https://play-lh.googleusercontent.com/EGemoI2NTXmTsBVtJqk8jxF9rh8ApRWfsIMQSt2uE4OcpQqbFu7f7NbTK05lx80nuSijCz7sc3a277R67g,Aplikasi ga jelas beli tiket ko malah expired. Aplikasi busuk beli tiket malah ga ada barkod dana ilang ga ada tanggung jawabnya,1,5,2.1.5,2024-12-02 19:34:46,,,2.1.5
d31b46da-de78-4c44-8987-02718bb6f24c,Pengguna Google,https://play-lh.googleusercontent.com/EGemoI2NTXmTsBVtJqk8jxF9rh8ApRWfsIMQSt2uE4OcpQqbFu7f7NbTK05lx80nuSijCz7sc3a277R67g,"Aplikasi ini nolong bngt buat yg suka naik transportasi umum, isi aplikasinya jga mudah di mengerti untuk segala umur",5,0,2.1.5,2024-12-02 15:10:43,,,2.1.5
7c8948a1-b3e5-4a3b-b78c-87ab16eea805,Pengguna Google,https://play-lh.googleusercontent.com/EGemoI2NTXmTsBVtJqk8jxF9rh8ApRWfsIMQSt2uE4OcpQqbFu7f7NbTK05lx80nuSijCz7sc3a277R67g,"ga bakal nyesel si pake aplikasi ini karena memang se berguna itu woii aplikasinya apalagi tampilannya juga yang mudah dipahami, dengan adanya apk ini kita jadi lebih tau jika ada perubahan rute atau penutupan halte",5,0,2.1.5,2024-12-02 14:25:02,,,2.1.5
99cf9760-701d-4d6e-88b6-a9480b025f32,Pengguna Google,https://play-lh.googleusercontent.com/EGemoI2NTXmTsBVtJqk8jxF9rh8ApRWfsIMQSt2uE4OcpQqbFu7f7NbTK05lx80nuSijCz7sc3a277R67g,Pembelian tiket busway bayar nya jangan cuma dari astrapay min. Tp PK qris jg bisa dnk. Biar lbih gmpng lgi.,5,0,2.1.5,2024-12-02 12:47:24,,,2.1.5
db4f4cf9-f2a0-4854-9f9e-c5e050d6e579,Pengguna Google,https://play-lh.googleusercontent.com/EGemoI2NTXmTsBVtJqk8jxF9rh8ApRWfsIMQSt2uE4OcpQqbFu7f7NbTK05lx80nuSijCz7sc3a277R67g,"Lama banget tolong dong perbaharui lelet bgt aplikasinya cuma mau beli tiket doag sampe ketinggalan 5 bus kacau, udah pernah terhubung ke astrapay gausah minta terhubung lagi dong ini minta hubungkan lagi abis waktu nyawoi mana lelet lagi ni aplikasi, kalo mhga ketinggalan kartu nya ga akan kupakai, beli di indo alfa terdekat juga pada kosong, ngeselin banget ni aplikasi",1,12,2.1.5,2024-12-02 08:50:11,,,2.1.5
c4575869-12f8-4da4-8170-41673c88edd0,Pengguna Google,https://play-lh.googleusercontent.com/EGemoI2NTXmTsBVtJqk8jxF9rh8ApRWfsIMQSt2uE4OcpQqbFu7f7NbTK05lx80nuSijCz7sc3a277R67g,Pelayanan untuk Customer atau Pelanggan adalah *****BAIK*****,5,0,2.1.4,2024-12-02 05:37:11,,,2.1.4
f2acd4fa-ed9a-41b3-a6d5-bd680af0a501,Pengguna Google,https://play-lh.googleusercontent.com/EGemoI2NTXmTsBVtJqk8jxF9rh8ApRWfsIMQSt2uE4OcpQqbFu7f7NbTK05lx80nuSijCz7sc3a277R67g,Naik Tj ditolak kalo pake aplikasi. Padahal uang nya di astraoay dan gapunya Flazz. Kemana mana susah padahal ngisi saldo nya udah banyak banget. Tolong fitur nya dibenerin biar bisa tap di bus bukan cuman di gate. Terus juga bikin aplikasi tuh yang bener. Masa ngelag2 terus sih. Udah gitu kalo ngetap di gate masih juga ngelag. Malu ditungguin orang jadinya. Sampe semua bug dan fasilitas dibenerin saya gabakal cabut rating dan statement ini,1,9,2.1.5,2024-12-01 19:30:29,,,2.1.5
09daf3db-75f3-41d2-9154-d41a4ef2bb55,Pengguna Google,https://play-lh.googleusercontent.com/EGemoI2NTXmTsBVtJqk8jxF9rh8ApRWfsIMQSt2uE4OcpQqbFu7f7NbTK05lx80nuSijCz7sc3a277R67g,Melalui aplikasi ini Memudahkan saya dalam mencari rute perjalanan sehingga dapat mengatur waktu perjalanan.,5,0,,2024-12-01 16:04:13,,,
f9551190-d99f-4be4-b968-9c4a9d8c1ee3,Pengguna Google,https://play-lh.googleusercontent.com/EGemoI2NTXmTsBVtJqk8jxF9rh8ApRWfsIMQSt2uE4OcpQqbFu7f7NbTK05lx80nuSijCz7sc3a277R67g,"ini sih oke bgt tampilannya sederhana mudah dipahami, fitur fiturnya sangat pas mempermudah pengguna",5,0,2.1.5,2024-12-01 15:38:08,,,2.1.5
c4fc06b3-a202-4ee0-bfb3-c621fd79debb,Pengguna Google,https://play-lh.googleusercontent.com/EGemoI2NTXmTsBVtJqk8jxF9rh8ApRWfsIMQSt2uE4OcpQqbFu7f7NbTK05lx80nuSijCz7sc3a277R67g,"Aplikasi masih busuk, sering invalid pas di scan QR, apa lagi kalo out bikin telat kerja aja",1,2,2.1.5,2024-11-30 20:11:28,,,2.1.5
c94d2fc0-c649-4f2c-914e-a80e3f2193a8,Pengguna Google,https://play-lh.googleusercontent.com/EGemoI2NTXmTsBVtJqk8jxF9rh8ApRWfsIMQSt2uE4OcpQqbFu7f7NbTK05lx80nuSijCz7sc3a277R67g,"tracking bus kacau, biasanya sengaja ke stop bus kalau busnya sudah deka, waktu itu hujan jadi sengaja keluar kalo bus dekat, tapi di map hanya ada 3 bus yg arah nya beda, sudah nunggu lama biar busnya dateng dan waktu nanya termyata sudah terlewat 3 kali, namun tidak ada di tracking bus, sekelas transtangerang aja tracking busnya sesuai fakta, masa metrotrans yg rute sampai jakarta tracking nya seperti ini",1,9,2.1.5,2024-11-30 14:05:10,,,2.1.5
88c1fe3e-7f2b-4f86-ab69-a9b716f7bb2a,Pengguna Google,https://play-lh.googleusercontent.com/EGemoI2NTXmTsBVtJqk8jxF9rh8ApRWfsIMQSt2uE4OcpQqbFu7f7NbTK05lx80nuSijCz7sc3a277R67g,lemot banget aplikasinya,3,0,2.1.5,2024-11-30 10:11:13,,,2.1.5
40d183c7-390d-43ae-93a0-33b7b9c05f3f,Pengguna Google,https://play-lh.googleusercontent.com/EGemoI2NTXmTsBVtJqk8jxF9rh8ApRWfsIMQSt2uE4OcpQqbFu7f7NbTK05lx80nuSijCz7sc3a277R67g,"Aplksi sngt bagus, tidak pusing melihat rute² jalan, mempermudah transportasi dan recomen bgt buat perjalanan kekantor²",5,0,2.1.5,2024-11-30 10:06:57,,,2.1.5
2efd966a-7d5f-41a6-adfb-94b97304955d,Pengguna Google,https://play-lh.googleusercontent.com/EGemoI2NTXmTsBVtJqk8jxF9rh8ApRWfsIMQSt2uE4OcpQqbFu7f7NbTK05lx80nuSijCz7sc3a277R67g,"Aplikasi sangat bagus sekali sangat mudah digunakan dan dipahami , bisa tahu rute jadi ga bingung lagi . Sangat amat membantu.",5,0,2.1.5,2024-11-30 10:06:04,,,2.1.5
b5100758-90df-4c0d-bcb4-a0a77932fb63,Pengguna Google,https://play-lh.googleusercontent.com/EGemoI2NTXmTsBVtJqk8jxF9rh8ApRWfsIMQSt2uE4OcpQqbFu7f7NbTK05lx80nuSijCz7sc3a277R67g,"pake aplikasi ternyata ga ribet, bisa cek rute dan bayar lewat aplikasi. yang paling enak sih karena tampilan UI nya simpel jadi mudah dipake👍",5,0,2.1.5,2024-11-30 09:59:54,,,2.1.5
e45addeb-7cc6-4515-88fd-a7133c955e86,Pengguna Google,https://play-lh.googleusercontent.com/EGemoI2NTXmTsBVtJqk8jxF9rh8ApRWfsIMQSt2uE4OcpQqbFu7f7NbTK05lx80nuSijCz7sc3a277R67g,"Aplikasi ini worth it bgt, aku jadi ga kesusahan cari rute busway dan juga bisa beli tiket secara online, jadi kalo kartu electronic abis bisa beli tiket aja di apk ini untuk sekali jalan, sumpah ini aplikasinya buat gampang bgt",5,0,2.1.5,2024-11-30 09:56:48,,,2.1.5
122a89b5-da88-487e-8b13-9e579b2825e4,Pengguna Google,https://play-lh.googleusercontent.com/EGemoI2NTXmTsBVtJqk8jxF9rh8ApRWfsIMQSt2uE4OcpQqbFu7f7NbTK05lx80nuSijCz7sc3a277R67g,"aplikasinya ini mempermudah banget bagi pengguna, jadi bisa tau rute-rute yang dilewati. sipp mantap deh pokoknya",5,0,2.1.5,2024-11-30 09:55:56,,,2.1.5
2db5718d-0efc-4b8e-b381-6db77a04e30e,Pengguna Google,https://play-lh.googleusercontent.com/EGemoI2NTXmTsBVtJqk8jxF9rh8ApRWfsIMQSt2uE4OcpQqbFu7f7NbTK05lx80nuSijCz7sc3a277R67g,Apk ini sangat membantu banget untuk kita ngk perlu lagi liat jadwal Transjakarta manual membantu bangett siii☝🏻🔥,5,0,2.1.5,2024-11-30 09:47:23,,,2.1.5
43a0427d-3922-4f43-abdb-fe48b4eee3d6,Pengguna Google,https://play-lh.googleusercontent.com/EGemoI2NTXmTsBVtJqk8jxF9rh8ApRWfsIMQSt2uE4OcpQqbFu7f7NbTK05lx80nuSijCz7sc3a277R67g,pembayarannya pake gopay lah. masa astrapay apa dah nih tije,3,0,2.1.5,2024-11-29 13:10:34,,,2.1.5
07857d6c-3966-47af-a591-00e2771c24cc,Pengguna Google,https://play-lh.googleusercontent.com/EGemoI2NTXmTsBVtJqk8jxF9rh8ApRWfsIMQSt2uE4OcpQqbFu7f7NbTK05lx80nuSijCz7sc3a277R67g,Membantu banget aplikasi ini... Pokoknya lov lov deh 😘🥰,5,0,2.1.5,2024-11-29 12:11:16,,,2.1.5
1f384a78-0046-4749-8ac5-7bd860113f2d,Pengguna Google,https://play-lh.googleusercontent.com/EGemoI2NTXmTsBVtJqk8jxF9rh8ApRWfsIMQSt2uE4OcpQqbFu7f7NbTK05lx80nuSijCz7sc3a277R67g,"Aplikasinya ngebantu banget untuk tau rute tj, kalo gak bawa e-money juga gampang tinggal scan aja.. Top banget deh 👍",5,0,2.1.5,2024-11-29 12:03:46,,,2.1.5
1c218b50-4069-4a37-98d0-38e543c95d8b,Pengguna Google,https://play-lh.googleusercontent.com/EGemoI2NTXmTsBVtJqk8jxF9rh8ApRWfsIMQSt2uE4OcpQqbFu7f7NbTK05lx80nuSijCz7sc3a277R67g,Aplikasi ini memudahkan banyak orang yang mau naik Transjakarta karena bisa mengetahui tujuannya kemana tanpa tanya ke petugas Transjakarta dan juga aplikasi ini di lengkapi dengan berbagai fitur-fitur keren lainnya,5,0,2.1.5,2024-11-29 11:56:15,,,2.1.5
77837017-ce05-4279-8105-a191fc11478a,Pengguna Google,https://play-lh.googleusercontent.com/EGemoI2NTXmTsBVtJqk8jxF9rh8ApRWfsIMQSt2uE4OcpQqbFu7f7NbTK05lx80nuSijCz7sc3a277R67g,"Enak, nyaman kemana-mana skrg pake Transjakarta. Lebih mudah lagi skrg karna ada appsnya. Sangat membantu 👍🏻",5,0,,2024-11-29 11:52:43,,,
f76e9b9d-a13e-4a31-85e8-96d658de1f39,Pengguna Google,https://play-lh.googleusercontent.com/EGemoI2NTXmTsBVtJqk8jxF9rh8ApRWfsIMQSt2uE4OcpQqbFu7f7NbTK05lx80nuSijCz7sc3a277R67g,Useful,5,0,2.1.5,2024-11-29 00:49:55,,,2.1.5
d1ea8b34-fbe8-4f89-b1fc-8b10d600eed8,Pengguna Google,https://play-lh.googleusercontent.com/EGemoI2NTXmTsBVtJqk8jxF9rh8ApRWfsIMQSt2uE4OcpQqbFu7f7NbTK05lx80nuSijCz7sc3a277R67g,"Aplikasinya mudah di pahami, mempermudah penggunaan transjakarta, semoga kedepannya lebih bagus lg dgn pengaplikasian yg lebih simpel lg",5,0,2.1.5,2024-11-28 19:06:36,,,2.1.5
4c9b62bd-4875-4034-b3b0-dfbdd87f62a0,Pengguna Google,https://play-lh.googleusercontent.com/EGemoI2NTXmTsBVtJqk8jxF9rh8ApRWfsIMQSt2uE4OcpQqbFu7f7NbTK05lx80nuSijCz7sc3a277R67g,bagus banget memudahkan dalam mengakses trans,5,0,2.1.5,2024-11-28 18:54:58,,,2.1.5
9c6e32b5-dbca-4df7-b931-d266cc211721,Pengguna Google,https://play-lh.googleusercontent.com/EGemoI2NTXmTsBVtJqk8jxF9rh8ApRWfsIMQSt2uE4OcpQqbFu7f7NbTK05lx80nuSijCz7sc3a277R67g,Aplikasi yang mempermudah saya menemukan rute bus Transjakarta terdekat dengan sangat mudah.,5,0,2.1.5,2024-11-28 18:53:51,,,2.1.5
e7536f4f-2fc3-45ef-ac13-696ac9a82826,Pengguna Google,https://play-lh.googleusercontent.com/EGemoI2NTXmTsBVtJqk8jxF9rh8ApRWfsIMQSt2uE4OcpQqbFu7f7NbTK05lx80nuSijCz7sc3a277R67g,Asli aplikasi nya bermanfaat banget apalagi buat aku yg introvert malu nanya rute bisa di liat di apk ini😁 top deh pokonya.,5,0,2.1.5,2024-11-28 18:46:27,,,2.1.5
f7891d56-da52-4064-8314-fa34bb86ce41,Pengguna Google,https://play-lh.googleusercontent.com/EGemoI2NTXmTsBVtJqk8jxF9rh8ApRWfsIMQSt2uE4OcpQqbFu7f7NbTK05lx80nuSijCz7sc3a277R67g,"Adanya ini sangat mempermudah dalam segala hal, mantap.",5,0,,2024-11-28 18:43:57,,,
8069d969-e312-47e2-976b-1515c9a638ea,Pengguna Google,https://play-lh.googleusercontent.com/EGemoI2NTXmTsBVtJqk8jxF9rh8ApRWfsIMQSt2uE4OcpQqbFu7f7NbTK05lx80nuSijCz7sc3a277R67g,Aplikasi nyh sangat membantu aku banget sih dan mufah d pahami tampilan nyh juga rekomendasi bnget sih buat kalian yg suka berpergian,5,0,2.1.5,2024-11-28 18:43:15,,,2.1.5
c5d588f6-2594-4c3a-ab59-be27e9d5d561,Pengguna Google,https://play-lh.googleusercontent.com/EGemoI2NTXmTsBVtJqk8jxF9rh8ApRWfsIMQSt2uE4OcpQqbFu7f7NbTK05lx80nuSijCz7sc3a277R67g,Aplikasi sangat bagus dan worth it buat pengguna kendaraan umum khususnya untuk mengetahui jadwal jadwal keberangkatan,5,0,2.1.5,2024-11-28 18:38:19,,,2.1.5
5e3f6263-9034-46df-814b-a047385b90a7,Pengguna Google,https://play-lh.googleusercontent.com/EGemoI2NTXmTsBVtJqk8jxF9rh8ApRWfsIMQSt2uE4OcpQqbFu7f7NbTK05lx80nuSijCz7sc3a277R67g,"Aplikasi yang memudahkan perjalanan di Jakarta. Bisa cek rute, jadwal, lokasi halte, dan bayar digital langsung lewat aplikasi. Simple, praktis, dan bikin perjalanan lebih nyaman!",5,0,2.1.5,2024-11-28 18:37:17,,,2.1.5
d670ac49-b5a0-48cb-b929-ab284c30461c,Pengguna Google,https://play-lh.googleusercontent.com/EGemoI2NTXmTsBVtJqk8jxF9rh8ApRWfsIMQSt2uE4OcpQqbFu7f7NbTK05lx80nuSijCz7sc3a277R67g,"Aplikasinya bagus banget fiturnya banyak dan mudah dipahami, sangat flesibel untuk pengguna transjakarta",5,0,2.1.5,2024-11-28 18:37:01,,,2.1.5
a1b2e9f2-f828-4c2c-af30-33802fd6b53d,Pengguna Google,https://play-lh.googleusercontent.com/EGemoI2NTXmTsBVtJqk8jxF9rh8ApRWfsIMQSt2uE4OcpQqbFu7f7NbTK05lx80nuSijCz7sc3a277R67g,"Pengalaman yang baik dan menyenangkan, Terima Kasih.",5,0,2.1.5,2024-11-28 18:34:27,,,2.1.5
e0235008-5035-4395-8fb9-30e90e27690e,Pengguna Google,https://play-lh.googleusercontent.com/EGemoI2NTXmTsBVtJqk8jxF9rh8ApRWfsIMQSt2uE4OcpQqbFu7f7NbTK05lx80nuSijCz7sc3a277R67g,Aplikasinya ngebantu banget buat yg suka malu tanya kayak aku. Jadi skrg tinggal liat hp aja udh tau rutenya,5,0,2.1.4,2024-11-28 15:49:25,,,2.1.4
f4bc45f9-9866-478f-850d-9cccb82e8843,Pengguna Google,https://play-lh.googleusercontent.com/EGemoI2NTXmTsBVtJqk8jxF9rh8ApRWfsIMQSt2uE4OcpQqbFu7f7NbTK05lx80nuSijCz7sc3a277R67g,Loading lama,1,1,,2024-11-28 05:28:04,,,
b5ba0ece-ab35-4e1f-97ec-eda7f78f63a3,Pengguna Google,https://play-lh.googleusercontent.com/EGemoI2NTXmTsBVtJqk8jxF9rh8ApRWfsIMQSt2uE4OcpQqbFu7f7NbTK05lx80nuSijCz7sc3a277R67g,Ngga bisa login... Lebih parah lagi.. Tempat top up nya berada di luar halte... Kenapa ngga di taro tempat top up nya 1 di dalam...seperti KRL...,1,1,,2024-11-27 15:20:54,,,
69c3559d-d48b-4d7e-9f34-bd05a2f661d6,Pengguna Google,https://play-lh.googleusercontent.com/EGemoI2NTXmTsBVtJqk8jxF9rh8ApRWfsIMQSt2uE4OcpQqbFu7f7NbTK05lx80nuSijCz7sc3a277R67g,"Masa rute aktivitas Transjakarta ditutup sampai jam 09.00 kan aneh orang kerja jadi nunggu jam 09.00 musti telat dulu sangat tidak relevan peraturan aneh! Nyoblos emang semua driver! Kita yang pekerja tidak bisa libur di hari nasional menggunakan kendaraan umum kan was"" jadi tolong kalo buat kebijakan setidaknya sebagian masih ada aktivitas busway",1,1,,2024-11-27 08:04:24,,,
c6ceed6f-3206-4bc0-a33f-6f2f66aa88d0,Pengguna Google,https://play-lh.googleusercontent.com/EGemoI2NTXmTsBVtJqk8jxF9rh8ApRWfsIMQSt2uE4OcpQqbFu7f7NbTK05lx80nuSijCz7sc3a277R67g,Delay kalo ujan aneh,4,0,2.1.5,2024-11-26 16:18:00,,,2.1.5
ec44bd9c-88e5-4ab3-889e-16f3a9a94543,Pengguna Google,https://play-lh.googleusercontent.com/EGemoI2NTXmTsBVtJqk8jxF9rh8ApRWfsIMQSt2uE4OcpQqbFu7f7NbTK05lx80nuSijCz7sc3a277R67g,Loading terus beli tiket nya,1,1,2.1.5,2024-11-26 11:25:28,,,2.1.5
6122e8bc-9ce3-4884-87f7-3065dbfd867f,Pengguna Google,https://play-lh.googleusercontent.com/EGemoI2NTXmTsBVtJqk8jxF9rh8ApRWfsIMQSt2uE4OcpQqbFu7f7NbTK05lx80nuSijCz7sc3a277R67g,"bagusss aplikasinyaa,sangat mudah digunakann ga sulit dan praktis gitu",5,0,2.1.5,2024-11-25 06:19:26,,,2.1.5
a2ef83b3-d77e-4538-93b5-2c9652bb9882,Pengguna Google,https://play-lh.googleusercontent.com/EGemoI2NTXmTsBVtJqk8jxF9rh8ApRWfsIMQSt2uE4OcpQqbFu7f7NbTK05lx80nuSijCz7sc3a277R67g,Aplikasi Transjakarta ini sangat membantu dan mempermudah saya menemukan rute dan halte dengan mudah,5,0,2.1.5,2024-11-25 05:23:06,,,2.1.5
55578802-c504-4075-b601-15661fe1ba68,Pengguna Google,https://play-lh.googleusercontent.com/EGemoI2NTXmTsBVtJqk8jxF9rh8ApRWfsIMQSt2uE4OcpQqbFu7f7NbTK05lx80nuSijCz7sc3a277R67g,"Tolong untuk lebih mengoptimalkan aplikasi, aplikasi lambat banget ngasih respon rute",2,0,2.1.5,2024-11-24 15:37:36,,,2.1.5
08671991-323e-4749-804e-3c3c83334925,Pengguna Google,https://play-lh.googleusercontent.com/EGemoI2NTXmTsBVtJqk8jxF9rh8ApRWfsIMQSt2uE4OcpQqbFu7f7NbTK05lx80nuSijCz7sc3a277R67g,dah makin canggih ni ye,5,0,2.1.5,2024-11-23 12:22:37,,,2.1.5
a9664f2a-763d-4d53-b37a-640be67fb2a4,Pengguna Google,https://play-lh.googleusercontent.com/EGemoI2NTXmTsBVtJqk8jxF9rh8ApRWfsIMQSt2uE4OcpQqbFu7f7NbTK05lx80nuSijCz7sc3a277R67g,Tolong mobil 11w jangan pada lama banget,4,0,2.1.4,2024-11-22 17:34:54,,,2.1.4
26f34a52-7462-4a17-8025-3ca243307ade,Pengguna Google,https://play-lh.googleusercontent.com/EGemoI2NTXmTsBVtJqk8jxF9rh8ApRWfsIMQSt2uE4OcpQqbFu7f7NbTK05lx80nuSijCz7sc3a277R67g,"Ini sih udah mempermudah banget ke segala hal. Dulu mesti nanya rute kepetugas disana sekarang udah bisa liat mau rute, jadwalnya juga. Bahkan yang kayak aku suka kelupaan kartu e-money fitur Transjakarta udah mempermudah yang kalau kelupaan bawa gak perlu pusing lagi. Tinggal beli tiket pakek pembayaran via Astrapay. Intinya udah mempermudah banget deh",5,12,2.1.5,2024-11-22 14:59:50,,,2.1.5
390a41fc-1e9f-4c5a-999f-9cfce4bb864b,Pengguna Google,https://play-lh.googleusercontent.com/EGemoI2NTXmTsBVtJqk8jxF9rh8ApRWfsIMQSt2uE4OcpQqbFu7f7NbTK05lx80nuSijCz7sc3a277R67g,"aplikasi yang sangat membantu dan mudah untuk melakukan perjalanan, biasanya suka ribet kalo harus cari rute eh sekarang udah tersedia aplikasinya dong keren bangett mudah dan praktis sekarang, jangan dbawa ribet sayang tinggal download aplikasinya udah simple dan membantu jga pastinya🙏",5,1,2.1.5,2024-11-21 21:33:00,,,2.1.5
14fe6322-b451-4a38-8970-0de751164e53,Pengguna Google,https://play-lh.googleusercontent.com/EGemoI2NTXmTsBVtJqk8jxF9rh8ApRWfsIMQSt2uE4OcpQqbFu7f7NbTK05lx80nuSijCz7sc3a277R67g,Aplikasi ini membantu banget buat aku.aplikasi Transjakarta memudahkan saya mencari rute,5,0,2.1.5,2024-11-21 17:18:16,,,2.1.5
2b723193-d347-445b-84ab-6c90df3e784b,Pengguna Google,https://play-lh.googleusercontent.com/EGemoI2NTXmTsBVtJqk8jxF9rh8ApRWfsIMQSt2uE4OcpQqbFu7f7NbTK05lx80nuSijCz7sc3a277R67g,"Sukaaa sekaliii, ngebantu banget buat saya yang sering naik angkutan umum yg gatau persis jadwal juga rute perjalanan, the best pokoknya. Maksih minnn 🤗",5,0,2.1.5,2024-11-21 14:13:40,,,2.1.5
9e10ca6e-e227-43f5-95fe-1dd5a77a2793,Pengguna Google,https://play-lh.googleusercontent.com/EGemoI2NTXmTsBVtJqk8jxF9rh8ApRWfsIMQSt2uE4OcpQqbFu7f7NbTK05lx80nuSijCz7sc3a277R67g,"Skrg jadi lebih mudah cari rute , halte, dan jadwal bus...",5,0,2.1.5,2024-11-21 13:41:19,,,2.1.5
18780b5a-7ff1-41f6-aef7-d7c42713ed58,Pengguna Google,https://play-lh.googleusercontent.com/EGemoI2NTXmTsBVtJqk8jxF9rh8ApRWfsIMQSt2uE4OcpQqbFu7f7NbTK05lx80nuSijCz7sc3a277R67g,"Aplikasi nya sangat sangat membantu ,, mempermudah saya untuk mencari jadwal rute pemberangkatan ,, jadi mempermudah terimakasih Transjakarta",5,0,2.1.5,2024-11-21 13:23:46,,,2.1.5
72ac29c4-8fd9-41a4-b535-9f260c3b61f3,Pengguna Google,https://play-lh.googleusercontent.com/EGemoI2NTXmTsBVtJqk8jxF9rh8ApRWfsIMQSt2uE4OcpQqbFu7f7NbTK05lx80nuSijCz7sc3a277R67g,"Tampilan aplikasinya juga sederhana dan mudah dipahami, sehingga siapa pun bisa menggunakannya tanpa kesulitan. Selain itu, informasi terbaru tentang penutupan halte atau perubahan rute selalu diperbarui dengan cepat, membuat pengguna tetap terinformasi.",5,2,2.1.5,2024-11-21 12:43:51,,,2.1.5
1d9f3618-719f-4150-a888-80f2a2df8935,Pengguna Google,https://play-lh.googleusercontent.com/EGemoI2NTXmTsBVtJqk8jxF9rh8ApRWfsIMQSt2uE4OcpQqbFu7f7NbTK05lx80nuSijCz7sc3a277R67g,Sangat membantu buat aku yang sehari² pake angkutan umum. Khususnya bus trans. Thank you,5,0,2.1.5,2024-11-21 12:36:20,,,2.1.5
b4ec6e21-0ffc-4661-b61e-0e87b66a14aa,Pengguna Google,https://play-lh.googleusercontent.com/EGemoI2NTXmTsBVtJqk8jxF9rh8ApRWfsIMQSt2uE4OcpQqbFu7f7NbTK05lx80nuSijCz7sc3a277R67g,"Aplikasi TJ sangat membatu sy dalam menggunakan transportasi umum dijakarta. Informasi jadwal keberangkatan dan rute bus ditampilkan dg jelas , sehingga saya bisa merencanakan perjalanan belih efisien. Fitur real-time tracking juga sangatlah berguna terutama saat menunggu bus dihalte.",5,0,2.1.5,2024-11-21 12:16:13,,,2.1.5
a92c2460-a27c-46c0-aacc-03dac5f8a39f,Pengguna Google,https://play-lh.googleusercontent.com/EGemoI2NTXmTsBVtJqk8jxF9rh8ApRWfsIMQSt2uE4OcpQqbFu7f7NbTK05lx80nuSijCz7sc3a277R67g,"Aplikasi transjakarta ini membantu banget,buat mencari rute,atau halte terdekat",5,0,2.1.5,2024-11-21 11:57:23,,,2.1.5
685f951c-e39d-46bf-b647-b394cdc9fcf6,Pengguna Google,https://play-lh.googleusercontent.com/EGemoI2NTXmTsBVtJqk8jxF9rh8ApRWfsIMQSt2uE4OcpQqbFu7f7NbTK05lx80nuSijCz7sc3a277R67g,Beberapa bus TJ tidak terdeteksi aplikasi dan data bus lama untuk loading,3,1,2.1.5,2024-11-21 09:29:53,,,2.1.5
ee14a5ef-1db7-417e-84e5-e59f50598aab,Pengguna Google,https://play-lh.googleusercontent.com/EGemoI2NTXmTsBVtJqk8jxF9rh8ApRWfsIMQSt2uE4OcpQqbFu7f7NbTK05lx80nuSijCz7sc3a277R67g,"Dear untuk pihak TJ Busway Emang gk bisa di halte kota tua, jika sudah jam set 12 malam antara jurusan sunter dan blok m gk perlu ngantri 1 barisan gitu bus nya,padahal sebelah nya kosong,mau pindah ke bus sunter malah 1 jalur bus blok m nya,kan kocak harus nunggu lagi pea bgt daah",1,1,2.1.5,2024-11-20 23:30:26,,,2.1.5
54abd34e-a832-42cc-8ea6-b488431fdc02,Pengguna Google,https://play-lh.googleusercontent.com/EGemoI2NTXmTsBVtJqk8jxF9rh8ApRWfsIMQSt2uE4OcpQqbFu7f7NbTK05lx80nuSijCz7sc3a277R67g,Bagus bgt. Udah ada gambar halte terdekatnya dan busnya gerak dan sesuai dengan yg digambar. Mantap. Semoga armada diperbanyak biar gak lama.,5,0,2.1.5,2024-11-20 16:59:58,,,2.1.5
6848a629-ad8b-44a2-8de5-b81549d32dec,Pengguna Google,https://play-lh.googleusercontent.com/EGemoI2NTXmTsBVtJqk8jxF9rh8ApRWfsIMQSt2uE4OcpQqbFu7f7NbTK05lx80nuSijCz7sc3a277R67g,Titik bisanya kok ga muncul ya untuk 6w???,1,1,2.1.5,2024-11-18 07:32:54,,,2.1.5
5c5b3df9-4cb9-46a9-b164-690062279c49,Pengguna Google,https://play-lh.googleusercontent.com/EGemoI2NTXmTsBVtJqk8jxF9rh8ApRWfsIMQSt2uE4OcpQqbFu7f7NbTK05lx80nuSijCz7sc3a277R67g,Tolong d tambah metode pembayaran saat pembelian tiket seperti gopay shopeepay dan dana kak,5,0,2.1.5,2024-11-16 07:54:00,,,2.1.5
43c9e02c-158b-40f0-bb77-aa3e37ae3a38,Pengguna Google,https://play-lh.googleusercontent.com/EGemoI2NTXmTsBVtJqk8jxF9rh8ApRWfsIMQSt2uE4OcpQqbFu7f7NbTK05lx80nuSijCz7sc3a277R67g,"Kalo pengin jalan""sma keluarga,dan kelurga banyak. Satu kartu satu orang,di pake pas lgi jalan sama keluarga aja. Download apk tranjakarta kirain bsa beli sekalian banyak tiket,ternyata ga bsa. Sama aja boong. Kalo dowload apk mrt bsa bli banyak tiket,jadi ga usah satu kartu satu orang.",1,1,,2024-11-15 17:20:45,,,
3130ebe7-8f61-44a4-9c5c-bb8c8d6b91df,Pengguna Google,https://play-lh.googleusercontent.com/EGemoI2NTXmTsBVtJqk8jxF9rh8ApRWfsIMQSt2uE4OcpQqbFu7f7NbTK05lx80nuSijCz7sc3a277R67g,Bagus dan lebih akurat walaupun belum begitu sempurna,5,0,2.1.4,2024-11-15 11:22:44,,,2.1.4
65375d58-4bf5-459c-a5eb-ee71f02fcf3b,Pengguna Google,https://play-lh.googleusercontent.com/EGemoI2NTXmTsBVtJqk8jxF9rh8ApRWfsIMQSt2uE4OcpQqbFu7f7NbTK05lx80nuSijCz7sc3a277R67g,"Rute 6k tolong di kondisikan. Kalo ngak hapus aja rute nya. Nungguin lama , bus ngak datang2. Kayaknya ini bus cuma dua, jadi yg muter2 itu2 aja",1,1,2.1.5,2024-11-14 20:39:30,,,2.1.5
82d29d4d-4a97-4e47-9e70-c5ee7eaff3b6,Pengguna Google,https://play-lh.googleusercontent.com/EGemoI2NTXmTsBVtJqk8jxF9rh8ApRWfsIMQSt2uE4OcpQqbFu7f7NbTK05lx80nuSijCz7sc3a277R67g,"Nunggu 6k lama bgt, gps juga jarang aktif. Ga jelas banget pokoknya",1,2,2.1.5,2024-11-14 20:39:06,,,2.1.5
1052b4f9-e8df-4e25-81a5-207b2f5920d8,Pengguna Google,https://play-lh.googleusercontent.com/EGemoI2NTXmTsBVtJqk8jxF9rh8ApRWfsIMQSt2uE4OcpQqbFu7f7NbTK05lx80nuSijCz7sc3a277R67g,"skrng buruk bngt layanannya, terutama pengisian saldo di mesin sering bnget uang sudah kepotong tpi salado gak masuk dan sering juga gabisa isi saldo dimesin. bank dki sama mandiri sering bngt sprti ini.",1,1,,2024-11-14 09:26:25,,,
ecc2ad8a-c117-4d84-ba47-577d3c05ff6e,Pengguna Google,https://play-lh.googleusercontent.com/EGemoI2NTXmTsBVtJqk8jxF9rh8ApRWfsIMQSt2uE4OcpQqbFu7f7NbTK05lx80nuSijCz7sc3a277R67g,"Tolong dong di perbaiki untuk tiket barqodenya jangan di waktu gitu, saya beli jam 23:28 masa masa aktifnya cuma 30 menit sampe jam 24:00 doang,sedangkan saya sampe di halte tujuan jam 24:30 pas mau keluar gak bisa kode telah kadaluarsa, terpaksa saya harus beli lagi buat keluar😌",1,5,2.1.5,2024-11-13 23:29:57,,,2.1.5
07b48d58-1f55-44ed-8178-729c2e282c8e,Pengguna Google,https://play-lh.googleusercontent.com/EGemoI2NTXmTsBVtJqk8jxF9rh8ApRWfsIMQSt2uE4OcpQqbFu7f7NbTK05lx80nuSijCz7sc3a277R67g,"Klo belom ready bgt mbok ya ga usah di release dulu. Udah beli tiket via tije ternyata di bbrp halte ga sedia pakai barcode ini, giliran ada pun seringnya eror...",1,3,2.1.5,2024-11-13 22:40:30,,,2.1.5
b59aee94-9ff4-4a65-81cf-549d5fd81572,Pengguna Google,https://play-lh.googleusercontent.com/EGemoI2NTXmTsBVtJqk8jxF9rh8ApRWfsIMQSt2uE4OcpQqbFu7f7NbTK05lx80nuSijCz7sc3a277R67g,Mantab aplikasinya enteng banget sampe ngelag loh sangking entengnya 😊,1,1,2.1.5,2024-11-13 18:39:40,,,2.1.5
37266d53-0bfb-492f-901b-b69ca2330e99,Pengguna Google,https://play-lh.googleusercontent.com/EGemoI2NTXmTsBVtJqk8jxF9rh8ApRWfsIMQSt2uE4OcpQqbFu7f7NbTK05lx80nuSijCz7sc3a277R67g,"Untuk keseluruhan nya sudah baik, tapi mengapa ada beberapa bis yang tidak bisa di lacak ya? Sepertinya bis no 14 (Senen-JIS) semoga segera di perbaiki",5,0,2.1.5,2024-11-13 08:49:53,,,2.1.5
ff85c7ed-1a83-4b64-82d0-445d3542302b,Pengguna Google,https://play-lh.googleusercontent.com/EGemoI2NTXmTsBVtJqk8jxF9rh8ApRWfsIMQSt2uE4OcpQqbFu7f7NbTK05lx80nuSijCz7sc3a277R67g,ga diurus,1,1,2.1.5,2024-11-12 06:22:58,,,2.1.5
3c2f6189-47d3-47ce-ae3d-a54ba27466c7,Pengguna Google,https://play-lh.googleusercontent.com/EGemoI2NTXmTsBVtJqk8jxF9rh8ApRWfsIMQSt2uE4OcpQqbFu7f7NbTK05lx80nuSijCz7sc3a277R67g,Scan out nyaa tolong di perbaikin masaa ga bsa keluar ANEH!!,1,1,2.1.5,2024-11-11 20:40:35,,,2.1.5
92b02937-a8bd-468e-85d8-4391124691e0,Pengguna Google,https://play-lh.googleusercontent.com/EGemoI2NTXmTsBVtJqk8jxF9rh8ApRWfsIMQSt2uE4OcpQqbFu7f7NbTK05lx80nuSijCz7sc3a277R67g,Sampai saat ini buat saya aplikasi ini ok. Paling tidak bisa cek keberadaan bus.,5,0,2.1.4,2024-11-11 17:33:19,,,2.1.4
6a5db2fb-2178-4e2b-80b4-66da488b6cad,Pengguna Google,https://play-lh.googleusercontent.com/EGemoI2NTXmTsBVtJqk8jxF9rh8ApRWfsIMQSt2uE4OcpQqbFu7f7NbTK05lx80nuSijCz7sc3a277R67g,Beli tiket cepat kadaluarsa sedangkan untuk tap out jadi ga bisa,4,0,2.1.5,2024-11-11 16:38:26,,,2.1.5
facd26ae-7302-4d2a-88c8-3c649e36ed11,Pengguna Google,https://play-lh.googleusercontent.com/EGemoI2NTXmTsBVtJqk8jxF9rh8ApRWfsIMQSt2uE4OcpQqbFu7f7NbTK05lx80nuSijCz7sc3a277R67g,Update doang tapi masih tolol aplikasinya. Gabisa liat detail pas buka rute koridor bus,1,3,2.1.5,2024-11-11 10:42:05,,,2.1.5
745ddbed-2003-48b1-9233-449660db8331,Pengguna Google,https://play-lh.googleusercontent.com/EGemoI2NTXmTsBVtJqk8jxF9rh8ApRWfsIMQSt2uE4OcpQqbFu7f7NbTK05lx80nuSijCz7sc3a277R67g,Sangat membantu,5,0,2.1.4,2024-11-11 04:48:40,,,2.1.4
b634dc00-5fa0-4412-a546-7c763f48f0f9,Pengguna Google,https://play-lh.googleusercontent.com/EGemoI2NTXmTsBVtJqk8jxF9rh8ApRWfsIMQSt2uE4OcpQqbFu7f7NbTK05lx80nuSijCz7sc3a277R67g,"Masih kurang akurat, dimohon untuk di perbaiki kemabli",3,0,2.1.4,2024-11-11 04:39:03,,,2.1.4
1792055d-ca1b-48e6-95e8-0f8e3ac1efba,Pengguna Google,https://play-lh.googleusercontent.com/EGemoI2NTXmTsBVtJqk8jxF9rh8ApRWfsIMQSt2uE4OcpQqbFu7f7NbTK05lx80nuSijCz7sc3a277R67g,Lumayan membantu buat org luar Jkt kalo mau nyoba naik busway,4,0,2.1.4,2024-11-10 16:30:50,,,2.1.4
fd838e95-f9fa-4f98-bddc-b5e4ef315a38,Pengguna Google,https://play-lh.googleusercontent.com/EGemoI2NTXmTsBVtJqk8jxF9rh8ApRWfsIMQSt2uE4OcpQqbFu7f7NbTK05lx80nuSijCz7sc3a277R67g,"Dikit2 apdet sambil gaada perbaikan, tracking jelek, bagusan via gmaps, QR sering eror lama loadingnya ga ke detect, Mohon Diperbaiki",1,3,2.1.5,2024-11-10 14:33:30,,,2.1.5
2f606f8d-dc88-4b54-a4b8-bbb465190c25,Pengguna Google,https://play-lh.googleusercontent.com/EGemoI2NTXmTsBVtJqk8jxF9rh8ApRWfsIMQSt2uE4OcpQqbFu7f7NbTK05lx80nuSijCz7sc3a277R67g,Ok dahh..,5,0,2.1.4,2024-11-10 12:53:26,,,2.1.4
2119116f-5a9c-44c2-aa81-dbd27faf27e2,Pengguna Google,https://play-lh.googleusercontent.com/EGemoI2NTXmTsBVtJqk8jxF9rh8ApRWfsIMQSt2uE4OcpQqbFu7f7NbTK05lx80nuSijCz7sc3a277R67g,aplikasi ini cukup bagus saya menggunakan aplikasi ini untuk memantau rute bus yang ada jadi kita bisa tahu kapan bus akan tiba,5,0,2.1.4,2024-11-04 21:24:39,,,2.1.4
d0479e82-fee5-40b2-bf7c-c999c63b2d48,Pengguna Google,https://play-lh.googleusercontent.com/EGemoI2NTXmTsBVtJqk8jxF9rh8ApRWfsIMQSt2uE4OcpQqbFu7f7NbTK05lx80nuSijCz7sc3a277R67g,kurang update kadang tj yang mau kita naiki tidak ada di dalam petanya,1,1,2.1.4,2024-11-03 20:51:16,,,2.1.4
e8d0e5de-89f1-40ec-99a7-70b91e35968a,Pengguna Google,https://play-lh.googleusercontent.com/EGemoI2NTXmTsBVtJqk8jxF9rh8ApRWfsIMQSt2uE4OcpQqbFu7f7NbTK05lx80nuSijCz7sc3a277R67g,Koq error terus sich. Susah nich mau naik tj,1,1,2.1.4,2024-11-03 13:38:24,,,2.1.4
a5ea8dd2-56e7-4f7b-a26f-bb22646cd8a6,Pengguna Google,https://play-lh.googleusercontent.com/EGemoI2NTXmTsBVtJqk8jxF9rh8ApRWfsIMQSt2uE4OcpQqbFu7f7NbTK05lx80nuSijCz7sc3a277R67g,Aplikasi busuk. Gw telat kantor perkara out doang kaga bisa. QR invalid Mulu udh operatornya kaga ada lagi di halte Duren Tiga. Udah aplikasi lemot ampun dah. Kirain mempermudah di era jaman digital malah menyusahkan. Ga guna sumpah aplikasi beginian.,1,47,2.1.4,2024-11-01 19:45:04,,,2.1.4
53b6c6b0-26f7-457f-b169-7f361bfde156,Pengguna Google,https://play-lh.googleusercontent.com/EGemoI2NTXmTsBVtJqk8jxF9rh8ApRWfsIMQSt2uE4OcpQqbFu7f7NbTK05lx80nuSijCz7sc3a277R67g,Pelayanan buruk masa mesin buat isi saldo ga bisa pada rusak KNPA ga segara di perbaikan palah pengalaman pertama langsung di kasih beginan ahhh,1,1,2.1.4,2024-10-31 22:33:21,,,2.1.4
05d6fbf5-bb90-4d91-9200-3a90397635cb,Pengguna Google,https://play-lh.googleusercontent.com/EGemoI2NTXmTsBVtJqk8jxF9rh8ApRWfsIMQSt2uE4OcpQqbFu7f7NbTK05lx80nuSijCz7sc3a277R67g,Lemot banget,1,1,2.1.4,2024-10-31 21:58:44,,,2.1.4
3b27c151-1fb6-4971-8a24-cc8059575ba9,Pengguna Google,https://play-lh.googleusercontent.com/EGemoI2NTXmTsBVtJqk8jxF9rh8ApRWfsIMQSt2uE4OcpQqbFu7f7NbTK05lx80nuSijCz7sc3a277R67g,"Mau sungkem sama yg buat aplikasi, jadi bisa mantau rute 9D. Soalnya 9D nya ini bis nya sedikit jadi nunggunya lamaaaaa bgt 😭",5,0,2.1.4,2024-10-31 19:01:34,,,2.1.4
2bc19fdd-98e9-4b60-b63c-fc0facb82f2b,Pengguna Google,https://play-lh.googleusercontent.com/EGemoI2NTXmTsBVtJqk8jxF9rh8ApRWfsIMQSt2uE4OcpQqbFu7f7NbTK05lx80nuSijCz7sc3a277R67g,Sangat bermanfaat dan memuaskan...,5,0,2.1.4,2024-10-29 19:52:42,,,2.1.4
9c89ab51-db17-4ed1-996f-0399debc6ed1,Pengguna Google,https://play-lh.googleusercontent.com/EGemoI2NTXmTsBVtJqk8jxF9rh8ApRWfsIMQSt2uE4OcpQqbFu7f7NbTK05lx80nuSijCz7sc3a277R67g,"transportasi terrepot , mending krl lebih mudah bisa beli via gojek. Transjakarta mesin d halte sering error, beli cuma bisa lewat apk ini dan cuma bisa bayar pake astrapay, ribet banget bkin males naik Tj bye !",1,3,2.1.4,2024-10-29 17:37:20,,,2.1.4
b46d99c6-1d5e-49ea-be31-44015ffc21ac,Pengguna Google,https://play-lh.googleusercontent.com/EGemoI2NTXmTsBVtJqk8jxF9rh8ApRWfsIMQSt2uE4OcpQqbFu7f7NbTK05lx80nuSijCz7sc3a277R67g,ini MCOIN knpa gk bsa dicairkan?,3,0,2.1.4,2024-10-26 13:54:59,,,2.1.4
2b1fc159-0704-48d4-9fc4-6cd985794b84,Pengguna Google,https://play-lh.googleusercontent.com/EGemoI2NTXmTsBVtJqk8jxF9rh8ApRWfsIMQSt2uE4OcpQqbFu7f7NbTK05lx80nuSijCz7sc3a277R67g,Bagaimana cara sih... Cara mencari tujuan yang kita inginkan dari tempat lokasi saat ini gimana sih bingung nih cara ny???,1,1,2.1.4,2024-10-25 11:41:54,,,2.1.4
64dc49ec-e72f-45ed-9049-100f9f5bc5e6,Pengguna Google,https://play-lh.googleusercontent.com/EGemoI2NTXmTsBVtJqk8jxF9rh8ApRWfsIMQSt2uE4OcpQqbFu7f7NbTK05lx80nuSijCz7sc3a277R67g,Sangat bagus,5,0,,2024-10-25 06:04:51,,,
8ddd35c2-cbc1-4a51-9e5b-a974e5af6df8,Pengguna Google,https://play-lh.googleusercontent.com/EGemoI2NTXmTsBVtJqk8jxF9rh8ApRWfsIMQSt2uE4OcpQqbFu7f7NbTK05lx80nuSijCz7sc3a277R67g,Aplikasi nya sudah bagus... Memudahkan pengguna transjakarta.... Untuk update selanjutnya... Saya sarankan tambahkan fitur SATELIT di maps nya... Seperti hal nya di apk gmaps... Lebih memudahkan pengguna dalam melihat detail arah seperti bangunan.. Dan tempat.... Saya harap dapat di tambahkan.. Terimakasih,5,23,2.1.4,2024-10-24 19:39:01,,,2.1.4
03108288-81cf-47a7-9f14-49631cdc22bd,Pengguna Google,https://play-lh.googleusercontent.com/EGemoI2NTXmTsBVtJqk8jxF9rh8ApRWfsIMQSt2uE4OcpQqbFu7f7NbTK05lx80nuSijCz7sc3a277R67g,Ga jelas banget,1,1,2.1.4,2024-10-24 19:31:24,,,2.1.4
070343c1-3121-44d3-9ec7-d121d46dee85,Pengguna Google,https://play-lh.googleusercontent.com/EGemoI2NTXmTsBVtJqk8jxF9rh8ApRWfsIMQSt2uE4OcpQqbFu7f7NbTK05lx80nuSijCz7sc3a277R67g,"Sebagai pengguna transportasi umum, saya sangat terbantu dengan adanya aplikasi ini karena bisa cek rute dan keberadaan bus ☺️",5,0,,2024-10-24 14:21:13,,,
6b87a70b-646a-458b-bb56-d7eeb2cbf445,Pengguna Google,https://play-lh.googleusercontent.com/EGemoI2NTXmTsBVtJqk8jxF9rh8ApRWfsIMQSt2uE4OcpQqbFu7f7NbTK05lx80nuSijCz7sc3a277R67g,"aplikasi yang membantu pengguna untuk memudahkan dalam menaiki transportasi umum busway, bisa lacak dimana busway yang kita tuju, dan bisa melacak halte busway terdekat yang biasa di naiki, harga tetap sama dan pembayaran lebih mudah dan lengkap jadi ga perlu khawatir kalo kartu ketinggalan",5,0,,2024-10-24 13:27:25,,,
3e757ced-1f24-4ed5-8653-40b571390454,Pengguna Google,https://play-lh.googleusercontent.com/EGemoI2NTXmTsBVtJqk8jxF9rh8ApRWfsIMQSt2uE4OcpQqbFu7f7NbTK05lx80nuSijCz7sc3a277R67g,perbaharui aplikasi mulu tiap mau pake.,3,0,2.1.4,2024-10-23 22:59:29,,,2.1.4
16e4ba48-4849-4bc6-b951-0eb19f974ceb,Pengguna Google,https://play-lh.googleusercontent.com/EGemoI2NTXmTsBVtJqk8jxF9rh8ApRWfsIMQSt2uE4OcpQqbFu7f7NbTK05lx80nuSijCz7sc3a277R67g,Sangat Menganggumkan.,5,0,2.1.4,2024-10-23 22:49:28,,,2.1.4
00a9a066-1c43-4f49-a8b6-262a14aacc73,Pengguna Google,https://play-lh.googleusercontent.com/EGemoI2NTXmTsBVtJqk8jxF9rh8ApRWfsIMQSt2uE4OcpQqbFu7f7NbTK05lx80nuSijCz7sc3a277R67g,Memudahkan pembelian tiket bus,5,0,,2024-10-23 22:43:53,,,
5eababd0-1729-43d4-8726-8f8d184e162b,Pengguna Google,https://play-lh.googleusercontent.com/EGemoI2NTXmTsBVtJqk8jxF9rh8ApRWfsIMQSt2uE4OcpQqbFu7f7NbTK05lx80nuSijCz7sc3a277R67g,Loading terosss sampe kiamat 2x juga ga bakal kelar,1,1,,2024-10-23 18:36:29,,,
ec6bf88f-0754-4aa3-84ad-a178a9f9b438,Pengguna Google,https://play-lh.googleusercontent.com/EGemoI2NTXmTsBVtJqk8jxF9rh8ApRWfsIMQSt2uE4OcpQqbFu7f7NbTK05lx80nuSijCz7sc3a277R67g,"naik bus jadi gampang pakai aplikasi ini , fiturnya lengkap , sesuai navigasi dan rutenya , merencanakan bepergian dengan bus jadi lebih gampangb",5,0,,2024-10-23 15:45:07,,,
487e1df7-285d-4ea1-a755-ca10d77134df,Pengguna Google,https://play-lh.googleusercontent.com/EGemoI2NTXmTsBVtJqk8jxF9rh8ApRWfsIMQSt2uE4OcpQqbFu7f7NbTK05lx80nuSijCz7sc3a277R67g,"Sekarang mau jalan jalan pakai bus jadi gampang buat rencanainnya pakai aplikasi ini , bisa liat rutenya juga , navigasinya sesuai , jadi lebih aman dan efesien waktu",5,0,,2024-10-23 15:23:46,,,
5c9cc3d4-05d2-4540-bd2e-dca424eddb94,Pengguna Google,https://play-lh.googleusercontent.com/EGemoI2NTXmTsBVtJqk8jxF9rh8ApRWfsIMQSt2uE4OcpQqbFu7f7NbTK05lx80nuSijCz7sc3a277R67g,Akh setiap hari kerja pulang pergi di Jakarta sangat terbantu dengan ada nya aplikasi ini,5,0,2.1.4,2024-10-23 13:34:41,,,2.1.4
5fe0f0fe-90fd-4573-8c41-7c1e3a0681f3,Pengguna Google,https://play-lh.googleusercontent.com/EGemoI2NTXmTsBVtJqk8jxF9rh8ApRWfsIMQSt2uE4OcpQqbFu7f7NbTK05lx80nuSijCz7sc3a277R67g,"Sudah beli tiket tapi tidak bisa di gunakan di halte transparan, barcode hanya bisa di gunakan di halte yang besar, hangus deh 1 tiket",1,2,2.1.4,2024-10-22 17:24:33,,,2.1.4
4fdfc9f6-d90f-40e3-b7c8-f3f4a5ed69eb,Pengguna Google,https://play-lh.googleusercontent.com/EGemoI2NTXmTsBVtJqk8jxF9rh8ApRWfsIMQSt2uE4OcpQqbFu7f7NbTK05lx80nuSijCz7sc3a277R67g,"Aplikasi nya beneran ngebantu banget buat ngeliat rute dan kapan bus akan sampai, jadi lebih nyaman naik Transjakarta tanpa takut nyasar lagi karna ada apk ini kerennn dahh 👍🏼",5,0,2.1.4,2024-10-22 16:55:45,,,2.1.4
b9e26557-bf1e-4117-b04a-180a12ac3204,Pengguna Google,https://play-lh.googleusercontent.com/EGemoI2NTXmTsBVtJqk8jxF9rh8ApRWfsIMQSt2uE4OcpQqbFu7f7NbTK05lx80nuSijCz7sc3a277R67g,Aplikasi ini sangat membantu sekali buat aku orgnya yg pelupa dan pengen sat set . Keren transjakarta,5,0,2.1.4,2024-10-22 13:11:30,,,2.1.4
d2cf3574-9dca-4a45-807b-92fb6a0d8dc9,Pengguna Google,https://play-lh.googleusercontent.com/EGemoI2NTXmTsBVtJqk8jxF9rh8ApRWfsIMQSt2uE4OcpQqbFu7f7NbTK05lx80nuSijCz7sc3a277R67g,Tolong di perbaiki dalam bus orange yang dimana sangat lama menunggu jadi terlambat dalam melakukan segala aktifitas biasakan on time .,1,1,,2024-10-22 08:35:15,,,
623ce92f-7ab3-4d66-b2a6-da7fe73ed722,Pengguna Google,https://play-lh.googleusercontent.com/EGemoI2NTXmTsBVtJqk8jxF9rh8ApRWfsIMQSt2uE4OcpQqbFu7f7NbTK05lx80nuSijCz7sc3a277R67g,"Aplikasinya benar"" membantu memudahkan saya dalam merencanakan perjalanan. Antarmukanya yang user-friendly dan informasi real-time tentang jadwal bus sangat membantu. Fitur pelacakan bus nya juga membuat saya lebih tenang saat menunggu. Terimakasih Transjakarta untuk pengalaman yg lebih baik",5,0,2.1.4,2024-10-21 22:27:36,,,2.1.4
ea8ae3d3-e3b6-490c-bcf1-0087730dd831,Pengguna Google,https://play-lh.googleusercontent.com/EGemoI2NTXmTsBVtJqk8jxF9rh8ApRWfsIMQSt2uE4OcpQqbFu7f7NbTK05lx80nuSijCz7sc3a277R67g,"Mantap gan, nemu aplikasi yang memudahkan kita naik Transjakarta, gaperlu takut nyasar, disini fiturnya sudah lengkap👌💯",5,0,2.1.4,2024-10-21 18:14:29,,,2.1.4
fed56144-d0cc-4d57-99a6-1e5b92b1a6bf,Pengguna Google,https://play-lh.googleusercontent.com/EGemoI2NTXmTsBVtJqk8jxF9rh8ApRWfsIMQSt2uE4OcpQqbFu7f7NbTK05lx80nuSijCz7sc3a277R67g,"Keren bisa liat rute dan jadwal transjakarta, bisa tracking bus kapan jadwalnya datang. Sangat berguna bgt sih untuk pengguna transjakarta ini. Fiturnya juga ga ribet, satset",5,0,2.1.4,2024-10-21 00:16:16,,,2.1.4
c17bb286-ffeb-4127-8a31-c9bebfd231bd,Pengguna Google,https://play-lh.googleusercontent.com/EGemoI2NTXmTsBVtJqk8jxF9rh8ApRWfsIMQSt2uE4OcpQqbFu7f7NbTK05lx80nuSijCz7sc3a277R67g,"Aku tim transportasi umum, setelah pake apk ini ga pusing deh kalo ketinggalan kartu 🤗 sama aman banget aplikasinyaa",5,0,2.1.4,2024-10-20 23:43:41,,,2.1.4
68bd915a-31bb-4595-8da4-4556aba5fb0b,Pengguna Google,https://play-lh.googleusercontent.com/EGemoI2NTXmTsBVtJqk8jxF9rh8ApRWfsIMQSt2uE4OcpQqbFu7f7NbTK05lx80nuSijCz7sc3a277R67g,Sekarang gak perlu khawatir kalau mau kemana-mana. Sudah ada aplikasi transjakarta ini sangat membantu untuk rute jalan,5,0,2.1.4,2024-10-20 20:18:15,,,2.1.4
4640d13a-c75c-4ed5-b450-ac2128a13592,Pengguna Google,https://play-lh.googleusercontent.com/EGemoI2NTXmTsBVtJqk8jxF9rh8ApRWfsIMQSt2uE4OcpQqbFu7f7NbTK05lx80nuSijCz7sc3a277R67g,penukaran point moter belum bisa di tukarkan,4,0,2.1.4,2024-10-20 20:03:32,,,2.1.4
12512e25-d603-4af7-bf0a-47b8b84025cd,Pengguna Google,https://play-lh.googleusercontent.com/EGemoI2NTXmTsBVtJqk8jxF9rh8ApRWfsIMQSt2uE4OcpQqbFu7f7NbTK05lx80nuSijCz7sc3a277R67g,"aplikasinya sangat membantu sekali , memudahkan saat mau naik transjakarta dan juga pas cari halte terdekat dari posisi kita. ✌",5,0,2.1.4,2024-10-20 17:34:26,,,2.1.4
12b45c6b-c054-4e18-8cec-d66c732974eb,Pengguna Google,https://play-lh.googleusercontent.com/EGemoI2NTXmTsBVtJqk8jxF9rh8ApRWfsIMQSt2uE4OcpQqbFu7f7NbTK05lx80nuSijCz7sc3a277R67g,"enak nih aplikasinya mempermudah lihat jalur TJ, keren 😁👍",5,0,2.1.4,2024-10-20 13:28:25,,,2.1.4
edfdad01-df17-4d77-99b8-14b61f4a3378,Pengguna Google,https://play-lh.googleusercontent.com/EGemoI2NTXmTsBVtJqk8jxF9rh8ApRWfsIMQSt2uE4OcpQqbFu7f7NbTK05lx80nuSijCz7sc3a277R67g,"Ketersediaan Layanan Dengan frekuensi bus yang tinggi, penumpang tidak perlu menunggu lama, sehingga dapat merencanakan perjalanan dengan lebih baik. Secara keseluruhan, Transjakarta merupakan alternatif transportasi yang andal dan efisien untuk warga Jakarta.",5,0,,2024-10-20 11:42:36,,,
7fe915e7-3643-45ac-8209-d3284e3dba2b,Pengguna Google,https://play-lh.googleusercontent.com/EGemoI2NTXmTsBVtJqk8jxF9rh8ApRWfsIMQSt2uE4OcpQqbFu7f7NbTK05lx80nuSijCz7sc3a277R67g,"Apk nya ga berat,,Sangat membantu untuk mengetahui rute perjalanan,pembayaran nya pun mudah.",5,0,2.1.4,2024-10-20 11:23:57,,,2.1.4
db8df457-230d-4aab-8bdf-dc37ab662e2b,Pengguna Google,https://play-lh.googleusercontent.com/EGemoI2NTXmTsBVtJqk8jxF9rh8ApRWfsIMQSt2uE4OcpQqbFu7f7NbTK05lx80nuSijCz7sc3a277R67g,Apk nya sangat membantu banget deh udah gak perlu tanya soal rute lagi bisa di lihat di apk nya. Bagus ngebantu banget buat aku,5,0,2.1.4,2024-10-20 10:50:57,,,2.1.4
4cc7222b-4f3c-475f-912d-b4c03b267a03,Pengguna Google,https://play-lh.googleusercontent.com/EGemoI2NTXmTsBVtJqk8jxF9rh8ApRWfsIMQSt2uE4OcpQqbFu7f7NbTK05lx80nuSijCz7sc3a277R67g,"Semenjak ada aplikasi ini jadi lebih mudah deh buat naik transjakarta. Bisa cek rute , bisa tau harga ke lokasi tujuan juga . Keren dehh . 👍👍",5,1,,2024-10-20 10:38:08,,,
1fb2b13a-c8eb-4e4b-b496-3daf6a3053d0,Pengguna Google,https://play-lh.googleusercontent.com/EGemoI2NTXmTsBVtJqk8jxF9rh8ApRWfsIMQSt2uE4OcpQqbFu7f7NbTK05lx80nuSijCz7sc3a277R67g,Sekarang kemana2 jadi mudah karna sekarang ada si tije ini apalagi sekarang ada appnya jadi lebih gampang deh hihi😁🥰,5,0,2.1.4,2024-10-20 10:37:53,,,2.1.4
a110fbbf-b569-4238-8932-87dbddc57d3e,Pengguna Google,https://play-lh.googleusercontent.com/EGemoI2NTXmTsBVtJqk8jxF9rh8ApRWfsIMQSt2uE4OcpQqbFu7f7NbTK05lx80nuSijCz7sc3a277R67g,Tolong lah rute Monas pulogadung kalo malam di tambah lagi bisnya Masa rute blok m- kota lewat nyampe 4 kali Kalideres-monas 2 kali lewat Monas pulogadung blm juga lewat,1,1,,2024-10-18 23:29:47,,,
bc3f90ec-2da2-4eab-a982-26bdb8ab7e16,Pengguna Google,https://play-lh.googleusercontent.com/EGemoI2NTXmTsBVtJqk8jxF9rh8ApRWfsIMQSt2uE4OcpQqbFu7f7NbTK05lx80nuSijCz7sc3a277R67g,"MAU DAFTAR MALAH GA BISA ""SERVER ERROR""",1,1,2.1.4,2024-10-18 13:49:41,,,2.1.4
8da4a319-e8a6-4d5c-833a-2db869d818eb,Pengguna Google,https://play-lh.googleusercontent.com/EGemoI2NTXmTsBVtJqk8jxF9rh8ApRWfsIMQSt2uE4OcpQqbFu7f7NbTK05lx80nuSijCz7sc3a277R67g,Dengan ada nya aplikasi ini kebantu sekali dengan melihat rute dan melalui aplikasi ini membantu kita untuk berpergian,5,0,,2024-10-18 11:54:48,,,
2bf401d9-72d6-4a49-b42d-6e0f9a847f8a,Pengguna Google,https://play-lh.googleusercontent.com/EGemoI2NTXmTsBVtJqk8jxF9rh8ApRWfsIMQSt2uE4OcpQqbFu7f7NbTK05lx80nuSijCz7sc3a277R67g,"Aplikasi sangat membantu saya , semua berfungsi normal . Bisa memantayjuga keberadaan bis TJ nya . Fasilitas sangat nyaman ,benar"" wort it.",5,0,,2024-10-18 11:54:09,,,
8cd9085b-aed0-41f2-be17-779b1823dbbb,Pengguna Google,https://play-lh.googleusercontent.com/EGemoI2NTXmTsBVtJqk8jxF9rh8ApRWfsIMQSt2uE4OcpQqbFu7f7NbTK05lx80nuSijCz7sc3a277R67g,pelayanan baik bangett puas sama pelayanan nya,5,0,2.1.4,2024-10-18 08:26:10,,,2.1.4
84461e59-217a-4469-8f80-c2e3f848f7fd,Pengguna Google,https://play-lh.googleusercontent.com/EGemoI2NTXmTsBVtJqk8jxF9rh8ApRWfsIMQSt2uE4OcpQqbFu7f7NbTK05lx80nuSijCz7sc3a277R67g,Tolong di tingkatkan apk ini supaya bisa dibuka untuk offline pada saat lihat tiket,1,1,2.1.4,2024-10-17 07:34:19,,,2.1.4
1bbf9682-b2c7-4930-8ff6-71d28717f35d,Pengguna Google,https://play-lh.googleusercontent.com/EGemoI2NTXmTsBVtJqk8jxF9rh8ApRWfsIMQSt2uE4OcpQqbFu7f7NbTK05lx80nuSijCz7sc3a277R67g,"Aplikasi bodoh, masa beli tiket pagi 2 ribu pas mau tap out jam 7 udah kedaluwarsa qr nya. Sattttt",1,1,2.1.4,2024-10-17 07:24:45,,,2.1.4
7002acc7-f32c-4e3c-b532-794122c19c15,Pengguna Google,https://play-lh.googleusercontent.com/EGemoI2NTXmTsBVtJqk8jxF9rh8ApRWfsIMQSt2uE4OcpQqbFu7f7NbTK05lx80nuSijCz7sc3a277R67g,Apk nya kebanyakan update,2,0,1.43.2608,2024-10-16 15:04:41,,,1.43.2608
7303af0b-715b-47a4-b9d6-6ab43c5f86c8,Pengguna Google,https://play-lh.googleusercontent.com/EGemoI2NTXmTsBVtJqk8jxF9rh8ApRWfsIMQSt2uE4OcpQqbFu7f7NbTK05lx80nuSijCz7sc3a277R67g,"Niat gk sih bikin aplikasi,,,ganguan sistem mulu tiap mo beli tiket",1,2,2.1.4,2024-10-16 13:44:42,,,2.1.4
20642636-7a01-4ba1-913d-2492106ee16c,Pengguna Google,https://play-lh.googleusercontent.com/EGemoI2NTXmTsBVtJqk8jxF9rh8ApRWfsIMQSt2uE4OcpQqbFu7f7NbTK05lx80nuSijCz7sc3a277R67g,"DRIVER 5M GAJE, pas tutup pintu, 5 anak SMA dikasi masuk, GW KELAS 8 GA DIKASIH, sumpah dah, gaguna",1,1,2.1.4,2024-10-16 06:04:43,,,2.1.4
5cd5133a-8da3-4a6f-8adb-7da2390c4959,Pengguna Google,https://play-lh.googleusercontent.com/EGemoI2NTXmTsBVtJqk8jxF9rh8ApRWfsIMQSt2uE4OcpQqbFu7f7NbTK05lx80nuSijCz7sc3a277R67g,Bagus,5,0,2.1.4,2024-10-16 04:02:10,,,2.1.4
241f3b42-aeeb-4a3f-9256-07f163780a03,Pengguna Google,https://play-lh.googleusercontent.com/EGemoI2NTXmTsBVtJqk8jxF9rh8ApRWfsIMQSt2uE4OcpQqbFu7f7NbTK05lx80nuSijCz7sc3a277R67g,"enak nih buat anak baru perantau, bisa aman jalan ke kota kota tanpa takut kesasar, naik transjakarta bisa mantau semua rute halte jam bis, sistem yg dipakai mudah",5,0,2.1.4,2024-10-15 12:06:07,,,2.1.4
e53d974b-6bab-4d12-aa92-eb91c441d6e6,Pengguna Google,https://play-lh.googleusercontent.com/EGemoI2NTXmTsBVtJqk8jxF9rh8ApRWfsIMQSt2uE4OcpQqbFu7f7NbTK05lx80nuSijCz7sc3a277R67g,Aplikasi sangat bagus dan memudahkan bagi para pengguna lain,5,0,2.1.4,2024-10-15 09:22:41,,,2.1.4
91cc08e2-255a-4124-b718-3af93c2ded9f,Pengguna Google,https://play-lh.googleusercontent.com/EGemoI2NTXmTsBVtJqk8jxF9rh8ApRWfsIMQSt2uE4OcpQqbFu7f7NbTK05lx80nuSijCz7sc3a277R67g,Aplikasi bermanfaat dan mudah.,5,0,,2024-10-15 09:11:25,,,
9c041b4a-02fc-4b32-967b-95618f0ffd48,Pengguna Google,https://play-lh.googleusercontent.com/EGemoI2NTXmTsBVtJqk8jxF9rh8ApRWfsIMQSt2uE4OcpQqbFu7f7NbTK05lx80nuSijCz7sc3a277R67g,"sangat membantu, mudah di fahami sama mudah di pake nya tampilan nya easy to use",5,0,2.1.4,2024-10-15 08:32:56,,,2.1.4
9050d1a1-7545-4f87-ad12-2f196f0dd32f,Pengguna Google,https://play-lh.googleusercontent.com/EGemoI2NTXmTsBVtJqk8jxF9rh8ApRWfsIMQSt2uE4OcpQqbFu7f7NbTK05lx80nuSijCz7sc3a277R67g,App ya mudah di gunakan dan memudahkan kita untuk naik bis nya dan simpel langsung beli di appnya jadi tertib.,5,0,,2024-10-15 08:31:23,,,
e2d909c0-62c5-4cad-b9ab-7b2681306278,Pengguna Google,https://play-lh.googleusercontent.com/EGemoI2NTXmTsBVtJqk8jxF9rh8ApRWfsIMQSt2uE4OcpQqbFu7f7NbTK05lx80nuSijCz7sc3a277R67g,Mesin di halte banyak yg tidak respon sehingga antrian jd rame,2,0,2.1.4,2024-10-15 07:24:03,,,2.1.4
e2fea726-2a4a-403f-9065-7edbe2f32bfe,Pengguna Google,https://play-lh.googleusercontent.com/EGemoI2NTXmTsBVtJqk8jxF9rh8ApRWfsIMQSt2uE4OcpQqbFu7f7NbTK05lx80nuSijCz7sc3a277R67g,"Aku sebagai mahasiswa baru ini cocok bgtt dahh pake aplikasi ini, apalagi baru² banget naik TJ jadi mempermudah akuu biar ga bingung rute dan untuk pembayarannya, thanks TJ",5,0,2.1.4,2024-10-14 13:27:56,,,2.1.4
ee4d8857-ea15-4ded-9541-ec3128e2784a,Pengguna Google,https://play-lh.googleusercontent.com/EGemoI2NTXmTsBVtJqk8jxF9rh8ApRWfsIMQSt2uE4OcpQqbFu7f7NbTK05lx80nuSijCz7sc3a277R67g,"Aplikasi nya ngebantu banget, bisa tau rute mana yg harus kita naikin.. Bisa beli tiket jg via astrapay buat yg gapunya kartu.. berguna bngt",5,0,,2024-10-14 12:13:23,,,
22603d89-6820-4062-9653-4f69306140a7,Pengguna Google,https://play-lh.googleusercontent.com/EGemoI2NTXmTsBVtJqk8jxF9rh8ApRWfsIMQSt2uE4OcpQqbFu7f7NbTK05lx80nuSijCz7sc3a277R67g,Aplikasi ini sangat membantu untuk orang yang suka menggunakan transportasi bus bisa melihat dimana saja halte halte terdekat di sekitar kita jadi nggak bingung lagi cari halte👍,5,0,2.1.4,2024-10-14 12:10:20,,,2.1.4
3dcb1bbc-f19d-4152-847e-54f12b44293e,Pengguna Google,https://play-lh.googleusercontent.com/EGemoI2NTXmTsBVtJqk8jxF9rh8ApRWfsIMQSt2uE4OcpQqbFu7f7NbTK05lx80nuSijCz7sc3a277R67g,"Aplikasi transjakarta sangat membantu untuk merencanakan perjalanan dengan bus di Jakarta, mulai dari fitur rute dan jadwal yang akurat, notifikasi real-time bikin aku makin nyaman. Makasihhh transjakarta",5,0,2.1.4,2024-10-14 12:10:15,,,2.1.4
3d65c8c3-8ce8-474b-9d10-9e03c5784211,Pengguna Google,https://play-lh.googleusercontent.com/EGemoI2NTXmTsBVtJqk8jxF9rh8ApRWfsIMQSt2uE4OcpQqbFu7f7NbTK05lx80nuSijCz7sc3a277R67g,"Saya sangat suka memakai aplikasi ini, karena aplikasi ini memiliki kemampuan untuk memberikan informasi real-time mengenai posisi bus, waktu kedatangan, dan kepadatan penumpang. Ini sangat membantu saya dalam merencanakan perjalanan dan menghindari waktu tunggu yang lama. Selain itu, aplikasi ini juga menyediakan panduan navigasi yang jelas dan mudah diikuti, sehingga saya bisa menemukan rute tercepat dan teraman untuk mencapai tujuan saya.",5,2,2.1.4,2024-10-14 11:39:01,,,2.1.4
f990379a-d7a4-4bc2-88c6-8924ae13e275,Pengguna Google,https://play-lh.googleusercontent.com/EGemoI2NTXmTsBVtJqk8jxF9rh8ApRWfsIMQSt2uE4OcpQqbFu7f7NbTK05lx80nuSijCz7sc3a277R67g,"Dengan adanya aplikasi jadi sangat membantu banget jadi tau halte"" mana aja yang terdekat dari kita ditambah ada tujuan nya juga jadi gak perlu binggu lagi",5,0,2.1.4,2024-10-14 11:31:34,,,2.1.4
3ae9bf68-9aac-4137-84f1-d280bed67860,Pengguna Google,https://play-lh.googleusercontent.com/EGemoI2NTXmTsBVtJqk8jxF9rh8ApRWfsIMQSt2uE4OcpQqbFu7f7NbTK05lx80nuSijCz7sc3a277R67g,"enak nih buat pendatang, bisa pede jalan jalan di jakarta dgn mantau bis di apk transjakarta, info rute lengkap",5,0,2.1.4,2024-10-13 12:32:44,,,2.1.4
746602a4-ade7-43e0-8982-bf3737968a91,Pengguna Google,https://play-lh.googleusercontent.com/EGemoI2NTXmTsBVtJqk8jxF9rh8ApRWfsIMQSt2uE4OcpQqbFu7f7NbTK05lx80nuSijCz7sc3a277R67g,"sekarang aku ga takut lagi setelah mengenal apk transjakarta,karna apk nya ngebantu tentang rute dan layanan teruss juga bisa membeli tiketnya secara online",5,0,2.1.4,2024-10-13 11:54:07,,,2.1.4
4d807db9-34aa-4dee-9ff3-805c95a148f7,Pengguna Google,https://play-lh.googleusercontent.com/EGemoI2NTXmTsBVtJqk8jxF9rh8ApRWfsIMQSt2uE4OcpQqbFu7f7NbTK05lx80nuSijCz7sc3a277R67g,"Fitur aplikasi nya membantu sekali bagi pemakai bus transjakarta.bs tracking bus,beli tiket,cek jadwal keberangkatan dan kedatangan.bagus.ok",5,0,2.1.4,2024-10-13 09:21:29,,,2.1.4
f3680a0b-b51e-4ad1-92fd-617934a619dc,Pengguna Google,https://play-lh.googleusercontent.com/EGemoI2NTXmTsBVtJqk8jxF9rh8ApRWfsIMQSt2uE4OcpQqbFu7f7NbTK05lx80nuSijCz7sc3a277R67g,Alhamdulillah udh lama jadi pengguna setia tije.. Dan skrg ada aplikasi nya jadi makin memudahkan aku buat liat rute biar ga salah dan fitur2nya jg mudah digunakan.. Mantap 👍,5,0,2.1.4,2024-10-13 09:20:11,,,2.1.4
c5ec7a40-37a1-4935-a2c9-56f601c7ee68,Pengguna Google,https://play-lh.googleusercontent.com/EGemoI2NTXmTsBVtJqk8jxF9rh8ApRWfsIMQSt2uE4OcpQqbFu7f7NbTK05lx80nuSijCz7sc3a277R67g,"ngebantu banget buat beli tiket nya, jd sat set bs byr pke astrapay,gak perlu bawa2 kartu lg.aplikasi yg multifungsi deh pokok nya",5,0,2.1.4,2024-10-13 09:11:26,,,2.1.4
f419f1ca-9969-41de-9911-d345a60d0439,Pengguna Google,https://play-lh.googleusercontent.com/EGemoI2NTXmTsBVtJqk8jxF9rh8ApRWfsIMQSt2uE4OcpQqbFu7f7NbTK05lx80nuSijCz7sc3a277R67g,"Dulu kalo mau naek TJ pasti nanyain dulu ke petugas. Biar gak salah naek. Kalo sekarang karena udah ada aplikasinya jadi gampang, gak perlu lagi nanya ke petugas. Mantul deh 🔥👍",5,0,,2024-10-13 09:06:39,,,
6a304ee7-f0fe-4465-8c5b-14529af379c9,Pengguna Google,https://play-lh.googleusercontent.com/EGemoI2NTXmTsBVtJqk8jxF9rh8ApRWfsIMQSt2uE4OcpQqbFu7f7NbTK05lx80nuSijCz7sc3a277R67g,Terus update terbaru aplikasi nya,4,0,2.1.4,2024-10-13 06:39:39,,,2.1.4
c0179ae9-8421-46fe-9632-bc8483acf38c,Pengguna Google,https://play-lh.googleusercontent.com/EGemoI2NTXmTsBVtJqk8jxF9rh8ApRWfsIMQSt2uE4OcpQqbFu7f7NbTK05lx80nuSijCz7sc3a277R67g,"Aplikasi yang benar-benar bagus, sangat membantu ketika saya membutuhkan sarana transportasi yang aman dan nyaman, terutama bus.",5,0,,2024-10-12 17:31:09,,,
ed0e44fb-e4a6-4eab-a1d6-7e12f6534c4e,Pengguna Google,https://play-lh.googleusercontent.com/EGemoI2NTXmTsBVtJqk8jxF9rh8ApRWfsIMQSt2uE4OcpQqbFu7f7NbTK05lx80nuSijCz7sc3a277R67g,Nyaman banget sih pake aplikasi transjakarta. Karena kalau pergi naik transjakarta gak perlu lagi tanya-tanya satpam untuk rute dan jadwalnya udah ada di aplikasi dan bisa beli tiket lewat aplikasi juga,5,0,2.1.4,2024-10-12 17:08:08,,,2.1.4
f6fbd1f4-0e6d-4076-a394-acc855d6235b,Pengguna Google,https://play-lh.googleusercontent.com/EGemoI2NTXmTsBVtJqk8jxF9rh8ApRWfsIMQSt2uE4OcpQqbFu7f7NbTK05lx80nuSijCz7sc3a277R67g,"Aplikasi ny dh upgrade, sekarang beli tiket gk harus berkali-kali keluar dri aplikasi 👌",5,0,2.1.4,2024-10-12 16:58:47,,,2.1.4
4c9beaf3-1b2f-47f3-9f7e-ddbece4ba1e8,Pengguna Google,https://play-lh.googleusercontent.com/EGemoI2NTXmTsBVtJqk8jxF9rh8ApRWfsIMQSt2uE4OcpQqbFu7f7NbTK05lx80nuSijCz7sc3a277R67g,fitur apk nya sangat bagus dan mudah dipahami jadi enak kalau mau kemana,5,0,2.1.4,2024-10-12 12:23:04,,,2.1.4
1a534b27-00c5-468f-8d22-53dc275611b8,Pengguna Google,https://play-lh.googleusercontent.com/EGemoI2NTXmTsBVtJqk8jxF9rh8ApRWfsIMQSt2uE4OcpQqbFu7f7NbTK05lx80nuSijCz7sc3a277R67g,Dibeberapa gate sering gangguan,3,0,2.1.4,2024-10-11 18:48:25,,,2.1.4
b28373f3-479f-41f3-a359-a7b3c816af6b,Pengguna Google,https://play-lh.googleusercontent.com/EGemoI2NTXmTsBVtJqk8jxF9rh8ApRWfsIMQSt2uE4OcpQqbFu7f7NbTK05lx80nuSijCz7sc3a277R67g,Buruk sangat buruk,1,1,,2024-10-11 14:41:19,,,
23ae2624-8eee-44f8-a84c-348d2a697751,Pengguna Google,https://play-lh.googleusercontent.com/EGemoI2NTXmTsBVtJqk8jxF9rh8ApRWfsIMQSt2uE4OcpQqbFu7f7NbTK05lx80nuSijCz7sc3a277R67g,"Aplikasi bodoh. Ganti2 aplikasi terus. Uda plg bener kerjasama dgn pihak ketiga malah bikin aplikasi sendiri. Nanti ga sampai 2 tahun 3 tahun jg mati suri aplikasinya. Pembayaran cuma bs pake astrapay yg dimana harus download lg bikin akun lg, dibayar brp sama astrapay ampe di monopoli 1 payment doang?. Uda gitu scan mesinnya jg lama bgt kdg ga bs. Kalo cuma cek posisi bus kendaraan bs pakai gmaps, knp harus pakai aplikasi tambahan lg? Dasar BUMD ga pernah bener. Bikin aplikasi baru, dana segar",1,1,,2024-10-11 09:51:26,,,
6e7129f9-fc85-4492-b9e0-635fc391122c,Pengguna Google,https://play-lh.googleusercontent.com/EGemoI2NTXmTsBVtJqk8jxF9rh8ApRWfsIMQSt2uE4OcpQqbFu7f7NbTK05lx80nuSijCz7sc3a277R67g,"Aplikasinya sih.bagus..tapi banyak bis dan mikrotrans yang gak terdeteksi di aplikasi, usut punya usut ternyata si sopir gak menyalakan mesin untuk rute...males apa gimana ini sopirnya.",3,1,2.1.0,2024-10-10 22:46:04,,,2.1.0
e1aac473-c1c4-40e8-b335-c185ab399952,Pengguna Google,https://play-lh.googleusercontent.com/EGemoI2NTXmTsBVtJqk8jxF9rh8ApRWfsIMQSt2uE4OcpQqbFu7f7NbTK05lx80nuSijCz7sc3a277R67g,Tolong aplikasinya di perbaikin terlalu lama untuk membuka aplikasinya...,3,0,2.1.4,2024-10-10 10:19:47,,,2.1.4
8ff688ff-8eea-47cd-892a-6fe2707ca4ce,Pengguna Google,https://play-lh.googleusercontent.com/EGemoI2NTXmTsBVtJqk8jxF9rh8ApRWfsIMQSt2uE4OcpQqbFu7f7NbTK05lx80nuSijCz7sc3a277R67g,"Bagus dan keren sih aplikasi Transjakarta ini, memudahkan perjalanan dan jadwal bus selalu update in real time.. Maju terus buat Transjakarta yaa",5,0,2.1.4,2024-10-09 15:10:32,,,2.1.4
a61c28f1-2465-4402-a259-47df282d696e,Pengguna Google,https://play-lh.googleusercontent.com/EGemoI2NTXmTsBVtJqk8jxF9rh8ApRWfsIMQSt2uE4OcpQqbFu7f7NbTK05lx80nuSijCz7sc3a277R67g,"Rute nya susah di baca,",1,0,2.1.4,2024-10-09 12:58:19,,,2.1.4
36798095-17d1-4813-9a4f-00ad314d4634,Pengguna Google,https://play-lh.googleusercontent.com/EGemoI2NTXmTsBVtJqk8jxF9rh8ApRWfsIMQSt2uE4OcpQqbFu7f7NbTK05lx80nuSijCz7sc3a277R67g,"Tiket baru beli masa sudah kadaluwarsa, tolong perbaiki sistem nya",1,1,2.1.4,2024-10-09 10:10:43,,,2.1.4
7c1d97c8-44a5-47bb-bfb9-5c873dae41e3,Pengguna Google,https://play-lh.googleusercontent.com/EGemoI2NTXmTsBVtJqk8jxF9rh8ApRWfsIMQSt2uE4OcpQqbFu7f7NbTK05lx80nuSijCz7sc3a277R67g,"Aplikasi tidak membantu, karna tidak muncul peta sama kedatangan busway nya Hem",1,1,2.1.4,2024-10-09 04:38:43,,,2.1.4
86d36c6c-b42c-4534-8953-ec3b0476b69f,Pengguna Google,https://play-lh.googleusercontent.com/EGemoI2NTXmTsBVtJqk8jxF9rh8ApRWfsIMQSt2uE4OcpQqbFu7f7NbTK05lx80nuSijCz7sc3a277R67g,Tampilan peta di menu awal kurang bisa di zoom out.,5,0,2.1.4,2024-10-08 18:39:07,,,2.1.4
4dd2301f-ef43-4bbc-b49d-087f07dddb71,Pengguna Google,https://play-lh.googleusercontent.com/EGemoI2NTXmTsBVtJqk8jxF9rh8ApRWfsIMQSt2uE4OcpQqbFu7f7NbTK05lx80nuSijCz7sc3a277R67g,Tidak bisa memesan tiket,1,1,2.1.4,2024-10-08 17:03:52,,,2.1.4
50c579d4-b664-4d95-bbee-f8f95efeb546,Pengguna Google,https://play-lh.googleusercontent.com/EGemoI2NTXmTsBVtJqk8jxF9rh8ApRWfsIMQSt2uE4OcpQqbFu7f7NbTK05lx80nuSijCz7sc3a277R67g,"sampah, bug dimana mana. ga kompeten bikin aplikasi, tolong lah developer yg bener buat benerin bug, nomor gabisa di ganti dsb",2,0,,2024-10-08 16:27:07,,,
fdb11013-0e92-47e5-873e-705afbd8c266,Pengguna Google,https://play-lh.googleusercontent.com/EGemoI2NTXmTsBVtJqk8jxF9rh8ApRWfsIMQSt2uE4OcpQqbFu7f7NbTK05lx80nuSijCz7sc3a277R67g,"Metro trans jalan brp menit sekali dr summarecon bekasi? Saya menunggu lama sekali, 15 menit lebih. padahal rute tidak macet.",1,1,2.1.4,2024-10-08 08:16:23,,,2.1.4
466d6d44-6784-4b92-92c5-71fb0d358ef9,Pengguna Google,https://play-lh.googleusercontent.com/EGemoI2NTXmTsBVtJqk8jxF9rh8ApRWfsIMQSt2uE4OcpQqbFu7f7NbTK05lx80nuSijCz7sc3a277R67g,Keren aplikasinya..,5,0,,2024-10-07 16:19:54,,,
e497c532-2451-4710-96cf-30c30644fc74,Pengguna Google,https://play-lh.googleusercontent.com/EGemoI2NTXmTsBVtJqk8jxF9rh8ApRWfsIMQSt2uE4OcpQqbFu7f7NbTK05lx80nuSijCz7sc3a277R67g,"gimana sih, tiap buka aplikasi selalu disuruh update terus, udah update berkali-kali pun sama aja, ga efisien bgt",1,0,2.1.4,2024-10-07 13:06:46,,,2.1.4
d3b81f51-d744-415b-9ede-2c3cd159f8ea,Pengguna Google,https://play-lh.googleusercontent.com/EGemoI2NTXmTsBVtJqk8jxF9rh8ApRWfsIMQSt2uE4OcpQqbFu7f7NbTK05lx80nuSijCz7sc3a277R67g,Bermanfaat banget,5,0,2.1.4,2024-10-07 08:49:58,,,2.1.4
a42f5649-1a6a-4d04-941a-bbc125dec755,Pengguna Google,https://play-lh.googleusercontent.com/EGemoI2NTXmTsBVtJqk8jxF9rh8ApRWfsIMQSt2uE4OcpQqbFu7f7NbTK05lx80nuSijCz7sc3a277R67g,Aplikasinya sangat bagus dan bermanfaat ga harus buka google maps lagi untuk tau Busnya dimana dan Semoga Aplikasinya Lebih Responsif lagi tidak ngelag²,5,1,2.1.4,2024-10-06 20:11:51,,,2.1.4
21e56395-250b-4c10-a61e-4e20e8814c67,Pengguna Google,https://play-lh.googleusercontent.com/EGemoI2NTXmTsBVtJqk8jxF9rh8ApRWfsIMQSt2uE4OcpQqbFu7f7NbTK05lx80nuSijCz7sc3a277R67g,"Cukup kecewa sama Tj , isi saldo Flazz di mesin halte transaksi gagal tapi duit ga keluar lagi. Tanya petugas disuruh isi ke Indomaret dan itu pun belum tentu bisa masuk karna sudah gagal top up. Eh malah disuruh naik GOJEK yang berbanding terbalik dengan slogan TJ "" AYO NAIK BUS""",1,1,,2024-10-06 19:11:22,,,
90969df4-f755-4116-ba71-47a64f9adc33,Pengguna Google,https://play-lh.googleusercontent.com/EGemoI2NTXmTsBVtJqk8jxF9rh8ApRWfsIMQSt2uE4OcpQqbFu7f7NbTK05lx80nuSijCz7sc3a277R67g,"asal gak di buka beberapa hari aja harus di update mulu ini aplikasi, harusnya kalo belum mateng yaudah gausah update dikit2, tunggu sampe mateng bgt baru update, ini mah belom sebulan instal ada 5x update",1,3,2.1.4,2024-10-06 12:59:12,,,2.1.4
183a38e2-0d4e-486d-8ff6-19f0da23a528,Pengguna Google,https://play-lh.googleusercontent.com/EGemoI2NTXmTsBVtJqk8jxF9rh8ApRWfsIMQSt2uE4OcpQqbFu7f7NbTK05lx80nuSijCz7sc3a277R67g,mo beli tiket tp ga ada pilihan utk metode pembayaran cuma astrapay kecewa sih aku search google di bilang bisa pakai gopay ternya tidak bisà,2,0,2.1.4,2024-10-06 11:27:12,,,2.1.4
1c27bb66-3ca0-4552-991e-e4e94ba08565,Pengguna Google,https://play-lh.googleusercontent.com/EGemoI2NTXmTsBVtJqk8jxF9rh8ApRWfsIMQSt2uE4OcpQqbFu7f7NbTK05lx80nuSijCz7sc3a277R67g,"Ah, gw bingung sama nih apk, kadang kadang lokasi busnya entah lah dimana",3,0,2.1.4,2024-10-05 19:34:26,,,2.1.4
d4ab6317-a33d-4504-9552-055189669c34,Pengguna Google,https://play-lh.googleusercontent.com/EGemoI2NTXmTsBVtJqk8jxF9rh8ApRWfsIMQSt2uE4OcpQqbFu7f7NbTK05lx80nuSijCz7sc3a277R67g,Buruk,1,1,2.1.3,2024-10-05 09:46:20,,,2.1.3
3ce6a056-5177-4810-9f01-24d86901782c,Pengguna Google,https://play-lh.googleusercontent.com/EGemoI2NTXmTsBVtJqk8jxF9rh8ApRWfsIMQSt2uE4OcpQqbFu7f7NbTK05lx80nuSijCz7sc3a277R67g,"Belum lama update, sudah minta update lagi",4,0,2.1.3,2024-10-05 05:36:07,,,2.1.3
2b224adc-3e4f-425f-969e-2e35d2f9321e,Pengguna Google,https://play-lh.googleusercontent.com/EGemoI2NTXmTsBVtJqk8jxF9rh8ApRWfsIMQSt2uE4OcpQqbFu7f7NbTK05lx80nuSijCz7sc3a277R67g,"Ini serius dari dulu gaada perubahan? Pindah aplikasi live track masih Abal Abal, coba di cek 10D Rambutan Priok selalu ga ke detect. Ngabis ngabisin anggaran buat aplikasi tapi gaada maintenance. Tiap Minggu update aplikasi gatau apa yg di rubah malah makin buruk.",1,4,2.1.3,2024-10-04 21:00:03,,,2.1.3
7f7a0ca1-8d57-4a52-884f-91fa6a8e264d,Pengguna Google,https://play-lh.googleusercontent.com/EGemoI2NTXmTsBVtJqk8jxF9rh8ApRWfsIMQSt2uE4OcpQqbFu7f7NbTK05lx80nuSijCz7sc3a277R67g,"Apps terpaling jadi anadalan aku, krn aku pengguna transportasi umum. Fitur""nya sangat mudaah",5,0,2.1.3,2024-10-04 10:25:00,,,2.1.3
b6cc40d7-2d16-4bc2-a2bc-541f1b6328ad,Pengguna Google,https://play-lh.googleusercontent.com/EGemoI2NTXmTsBVtJqk8jxF9rh8ApRWfsIMQSt2uE4OcpQqbFu7f7NbTK05lx80nuSijCz7sc3a277R67g,"Ini adalah aplikasi yang sangat berguna sekali bagi saya yang sering bebergian main atau ke konser"" musik pakai Transjakarta. Karena bisa tau rute - rute dimana kita harus berhenti. Dan dapat melihat bis yang lain jurusan lewat jalurnya kemana",5,1,2.1.3,2024-10-04 08:51:18,,,2.1.3
fce06d88-20ef-41f8-a09f-3df8447d43fb,Pengguna Google,https://play-lh.googleusercontent.com/EGemoI2NTXmTsBVtJqk8jxF9rh8ApRWfsIMQSt2uE4OcpQqbFu7f7NbTK05lx80nuSijCz7sc3a277R67g,Aplikasi Transjakarta ini bagus dan sangat membantu karena memudahkan saya dalam hal update info terkait jadwal bepergian sehari-hari kemanapun dan kapanpun.,5,1,2.1.3,2024-10-04 08:18:07,,,2.1.3
bd2e4e2a-6b62-4734-aeae-937fd8b5a3de,Pengguna Google,https://play-lh.googleusercontent.com/EGemoI2NTXmTsBVtJqk8jxF9rh8ApRWfsIMQSt2uE4OcpQqbFu7f7NbTK05lx80nuSijCz7sc3a277R67g,"Transjakarta Sangat amatt membantu kaum budak corporate seperti aku🙏 setiap hari aku naik pergi dan pulang kerja bahkan bepergian dengan teman teman aku keluarga ponakan aku . layanan MikroTrans jadi in TJ semakin luas dan mudah sangat amat dijangkau, Trans Jakarta keunggulan sangat amat menurut aku dgn bus yg lain karena Transjakarta mempunyai jalur khusus sehingga di dalam operasi nya tersebut bisa mengurangi kemacetan di perjalanan, jika akan banyak yg menggunakan Tj maka akan berkurang kend",5,1,2.1.3,2024-10-04 07:40:17,,,2.1.3
210cc794-c13a-474f-af40-4f3476c7a37c,Pengguna Google,https://play-lh.googleusercontent.com/EGemoI2NTXmTsBVtJqk8jxF9rh8ApRWfsIMQSt2uE4OcpQqbFu7f7NbTK05lx80nuSijCz7sc3a277R67g,"Dulu tuh kalau mau naik TiJe pasti banyak nanya ke petugas tentang rute dll, nah sejak ada apk ini semua pertanyaan dan kebingungan ga akan ada lagi, karena bantuin gue banget kayak cari halte, tujuan busnya, terus kalo kelupaan sama kartu emoney kita ga perlu lagi balik kerumah ambil kartunya, apk Transjakarta udah mempermudah itu Semua tinggal beli tiketnya dengan bayar tiket pake saldo Astrapay, lebih mudah, ga ribet lagi, wah udah the best banget deh aplikasinya, Terimakasih TRANSJAKARTA ❤️",5,20,2.1.3,2024-10-04 03:58:56,,,2.1.3
fcb9057e-b39e-4f33-8727-e6edbf9db4e1,Pengguna Google,https://play-lh.googleusercontent.com/EGemoI2NTXmTsBVtJqk8jxF9rh8ApRWfsIMQSt2uE4OcpQqbFu7f7NbTK05lx80nuSijCz7sc3a277R67g,"Aplikasi ini beneran ngebantuin gue banget, karena ada aplikasi ini gue ga takut lagi kelupaan bawa Kartu fisik Emoney karena di dalam apk ini udah bisa beli tiket TiJe dengan pembayaran via AstraPay, pokoknya berguna banget deh bahkan menurut gue lebih oke pake aplikasi ini ketimbang bawa kartu fisik, biasanya kalau pake kartu fisik pasti ada aja error lah kesedot saldo banyaklah kalo pake apk ini ga bakal jadi masalah deh, aman! Thx banget Transjakarta! 👍🏻",5,3,2.1.3,2024-10-04 03:33:31,,,2.1.3
7c91cd6a-4827-42d2-b4dc-6f6fdfe7d8db,Pengguna Google,https://play-lh.googleusercontent.com/EGemoI2NTXmTsBVtJqk8jxF9rh8ApRWfsIMQSt2uE4OcpQqbFu7f7NbTK05lx80nuSijCz7sc3a277R67g,Aplikasi Transjakarta ini sangat membantu sekali buat memantau keberadaan bis TJ. Mudah digunakan & yang paling penting adalah tidak lemot,5,1,2.1.3,2024-10-03 19:27:47,,,2.1.3
93201293-8aeb-4eb5-b2c8-76db17f86207,Pengguna Google,https://play-lh.googleusercontent.com/EGemoI2NTXmTsBVtJqk8jxF9rh8ApRWfsIMQSt2uE4OcpQqbFu7f7NbTK05lx80nuSijCz7sc3a277R67g,"Sudah ada aplikasi ini sangat membantu dikala lama menunggu busway , tinggal nyalain titik lokasi maka akan terintegrasi halte sedang kita tunggu untuk koridor yang dituju akan kelihatan tracking live nya 🫶",5,1,2.1.3,2024-10-03 12:29:12,,,2.1.3
23a94d58-4cba-4f99-b3ef-cb6d023e566c,Pengguna Google,https://play-lh.googleusercontent.com/EGemoI2NTXmTsBVtJqk8jxF9rh8ApRWfsIMQSt2uE4OcpQqbFu7f7NbTK05lx80nuSijCz7sc3a277R67g,"aplikasi yang memudahkan melihat rute yg akan kita tuju. Ngeliat semua rute menjadi lebih gampang. Sangat berguna bagi saya yg jalan keluar keluar, tetapi jika sudah keluar harus menggunakan transportasi umum. Bisa liat rute melalui aplikasi ini.",5,4,2.1.3,2024-10-03 10:28:14,,,2.1.3
ed91b09d-97ef-4972-8e09-601f78d4e23e,Pengguna Google,https://play-lh.googleusercontent.com/EGemoI2NTXmTsBVtJqk8jxF9rh8ApRWfsIMQSt2uE4OcpQqbFu7f7NbTK05lx80nuSijCz7sc3a277R67g,"Aplikasi sdh lumayan bagus, tapi masih sering rusak, untuk tujuan terminal x deras ke bandara soekarno hatta, sering tidak bisa di lihat lokasi bus nya, mohon di tingkatkan lagi kualitasnya tarima kasih",4,1,2.1.3,2024-10-03 08:45:05,,,2.1.3
418a24d0-e405-4ae9-8d5e-95fa2653a82c,Pengguna Google,https://play-lh.googleusercontent.com/EGemoI2NTXmTsBVtJqk8jxF9rh8ApRWfsIMQSt2uE4OcpQqbFu7f7NbTK05lx80nuSijCz7sc3a277R67g,Hayooo kita jalan jalan Keliling jakarta lagi kemana mana hanya pakai busway,5,0,2.1.3,2024-10-03 08:02:10,,,2.1.3
a8a95b3e-32be-4b8d-a57f-bb696ca39e43,Pengguna Google,https://play-lh.googleusercontent.com/EGemoI2NTXmTsBVtJqk8jxF9rh8ApRWfsIMQSt2uE4OcpQqbFu7f7NbTK05lx80nuSijCz7sc3a277R67g,"Interface nya lumayan nih, semoga user tj terbantu ya",5,0,2.1.3,2024-10-02 20:17:55,,,2.1.3
c9c7e467-15e8-40ef-be84-c143d5d03bd4,Pengguna Google,https://play-lh.googleusercontent.com/EGemoI2NTXmTsBVtJqk8jxF9rh8ApRWfsIMQSt2uE4OcpQqbFu7f7NbTK05lx80nuSijCz7sc3a277R67g,"Aplikasi yang ngebantu banget buat gua pengabdi kendaraan umum khususnya Transjakarta, aplikasi yang bisa di pakai buat cari rute, jadwal, dan informasi terbaru tentang armadanya. Yang paling penting berguna banget buat tracking bus, jadi kita tau kapan busnya datang, apalagi di tempat asing dan halte yang minim informasi. Makasih Transjakarta sudah memudahkan perjalanan gua dengan aplikasi nyaaaa",5,5,2.1.3,2024-10-02 15:17:46,,,2.1.3
5de80a84-b198-406a-b1ca-aed8dbf6d5da,Pengguna Google,https://play-lh.googleusercontent.com/EGemoI2NTXmTsBVtJqk8jxF9rh8ApRWfsIMQSt2uE4OcpQqbFu7f7NbTK05lx80nuSijCz7sc3a277R67g,"Aplikasi Transjakarta secara keseluruhan membantu sekali untuk urusan informasi rute, pemberitahuan pengalihan rute dan mudahnya pembelian tiket Transjakarta. Jadi ga perlu khawatir lagi kalo mau keliling lita jakarta 🙂",5,1,2.1.3,2024-10-02 14:50:57,,,2.1.3
16aedfe7-ecec-4545-bf32-a3d593143f1e,Pengguna Google,https://play-lh.googleusercontent.com/EGemoI2NTXmTsBVtJqk8jxF9rh8ApRWfsIMQSt2uE4OcpQqbFu7f7NbTK05lx80nuSijCz7sc3a277R67g,"Naik TiJe makin gampang, hemat, nyaman, dan up date dengan info tentang rute maupun lokasi haltenya. Semoga segala fasilitasnya makin selalu diperbaharui. Terima kasih",5,1,2.1.3,2024-10-02 14:41:39,,,2.1.3
9f507ffe-de26-4822-8c9e-3e8a46dc8868,Pengguna Google,https://play-lh.googleusercontent.com/EGemoI2NTXmTsBVtJqk8jxF9rh8ApRWfsIMQSt2uE4OcpQqbFu7f7NbTK05lx80nuSijCz7sc3a277R67g,"Wah aplikasi transjakarta sangat upgrade sekali dr sebelumnya luar biasa nyaman pakainya, very user friendly kita bisa pesan tiket, cek halte, rute bus, tracking bus, mapping, benar benar sangat membantu masyarakat umum, makasih TJ",5,0,,2024-10-02 14:36:59,,,
ea61a01c-6248-4be5-aca8-192974702191,Pengguna Google,https://play-lh.googleusercontent.com/EGemoI2NTXmTsBVtJqk8jxF9rh8ApRWfsIMQSt2uE4OcpQqbFu7f7NbTK05lx80nuSijCz7sc3a277R67g,Padahal aplikasi nya bagus tpi dikit² pembaruan sistem mlu tolong dongg ini bikin boros,3,1,2.1.2,2024-10-01 19:11:18,,,2.1.2
2993e1b3-596c-45fe-a314-6325393dbb5f,Pengguna Google,https://play-lh.googleusercontent.com/EGemoI2NTXmTsBVtJqk8jxF9rh8ApRWfsIMQSt2uE4OcpQqbFu7f7NbTK05lx80nuSijCz7sc3a277R67g,Ok,5,0,,2024-10-01 12:31:55,,,
8945175d-67c0-4663-af6b-376fa65f29a2,Pengguna Google,https://play-lh.googleusercontent.com/EGemoI2NTXmTsBVtJqk8jxF9rh8ApRWfsIMQSt2uE4OcpQqbFu7f7NbTK05lx80nuSijCz7sc3a277R67g,Nice,5,0,2.1.2,2024-10-01 10:11:29,,,2.1.2
25724aa9-faf9-4316-9721-7821d4f5833e,Pengguna Google,https://play-lh.googleusercontent.com/EGemoI2NTXmTsBVtJqk8jxF9rh8ApRWfsIMQSt2uE4OcpQqbFu7f7NbTK05lx80nuSijCz7sc3a277R67g,Kurang QRISNYA GA ADA,5,0,2.1.3,2024-10-01 09:04:45,,,2.1.3
ccd4549b-d324-48c6-800a-805b0b085e06,Pengguna Google,https://play-lh.googleusercontent.com/EGemoI2NTXmTsBVtJqk8jxF9rh8ApRWfsIMQSt2uE4OcpQqbFu7f7NbTK05lx80nuSijCz7sc3a277R67g,Setelah saya udate tgl 27 september 2024 malah tidak bisa lihat estimasi kedatangan bis nya. Jadi susah untuk memperkirakan waktu nya,3,0,2.1.3,2024-09-30 09:45:08,,,2.1.3
15d895a2-6e8d-4de2-8630-1f765e2d26bf,Pengguna Google,https://play-lh.googleusercontent.com/EGemoI2NTXmTsBVtJqk8jxF9rh8ApRWfsIMQSt2uE4OcpQqbFu7f7NbTK05lx80nuSijCz7sc3a277R67g,Kenapa harus di upgrade trs ya?,3,0,2.1.2,2024-09-30 07:36:24,,,2.1.2
31db3fc6-7e3f-4c87-a98f-f620c4a0f6f2,Pengguna Google,https://play-lh.googleusercontent.com/EGemoI2NTXmTsBVtJqk8jxF9rh8ApRWfsIMQSt2uE4OcpQqbFu7f7NbTK05lx80nuSijCz7sc3a277R67g,barcode sering gak bisa ke scan. tolong ditingkatkan lagi,3,0,2.1.3,2024-09-29 22:12:47,,,2.1.3
92df28cd-2ca0-44a2-984a-37f3c857545d,Pengguna Google,https://play-lh.googleusercontent.com/EGemoI2NTXmTsBVtJqk8jxF9rh8ApRWfsIMQSt2uE4OcpQqbFu7f7NbTK05lx80nuSijCz7sc3a277R67g,Jakk lingko sopirr nya pada belagu,1,1,,2024-09-29 20:54:32,,,
2b259e00-d58a-44a4-b493-8bba22d6165f,Pengguna Google,https://play-lh.googleusercontent.com/EGemoI2NTXmTsBVtJqk8jxF9rh8ApRWfsIMQSt2uE4OcpQqbFu7f7NbTK05lx80nuSijCz7sc3a277R67g,"Ngirim OTP, tapi gak ada masuk",1,1,2.1.3,2024-09-29 17:24:42,,,2.1.3
f3403567-de98-4fd1-8ecb-95d64bc6495a,Pengguna Google,https://play-lh.googleusercontent.com/EGemoI2NTXmTsBVtJqk8jxF9rh8ApRWfsIMQSt2uE4OcpQqbFu7f7NbTK05lx80nuSijCz7sc3a277R67g,"Aplikasi tiba2 mental keluar. Pembayaran gangguan mulu, giliran mau d pake QR KADALUARSA PADAHAL BARU AJA BELI TIKET. KACAU BUKAN MEMPERMUDAH MALAH MEMPERLAMBAT",1,2,2.1.3,2024-09-29 00:02:15,,,2.1.3
ef6fa7df-beaa-444a-bfe4-46bca17376f1,Pengguna Google,https://play-lh.googleusercontent.com/EGemoI2NTXmTsBVtJqk8jxF9rh8ApRWfsIMQSt2uE4OcpQqbFu7f7NbTK05lx80nuSijCz7sc3a277R67g,Aplikasi sdh bagus dr sebelumnya & fiturnya jg lbh lengkap. Namun terkadang suka susah digunakan saat pembelian tiket terkendala dengan sinyal atau jaringan..,5,1,2.1.3,2024-09-28 20:32:41,,,2.1.3
c7ffc10f-2922-4c1b-9b49-beeece14b1b5,Pengguna Google,https://play-lh.googleusercontent.com/EGemoI2NTXmTsBVtJqk8jxF9rh8ApRWfsIMQSt2uE4OcpQqbFu7f7NbTK05lx80nuSijCz7sc3a277R67g,Sangat membantu,5,0,2.1.0,2024-09-28 20:25:08,,,2.1.0
3a88210a-9d1a-4fcf-8f0b-e1221716bdef,Pengguna Google,https://play-lh.googleusercontent.com/EGemoI2NTXmTsBVtJqk8jxF9rh8ApRWfsIMQSt2uE4OcpQqbFu7f7NbTK05lx80nuSijCz7sc3a277R67g,Kenapa sih aplikasinya di perbaharui terus bisa seminggu sekali,3,0,2.1.2,2024-09-28 15:16:09,,,2.1.2
3671dc73-4173-441d-99e9-16fb9dbad541,Pengguna Google,https://play-lh.googleusercontent.com/EGemoI2NTXmTsBVtJqk8jxF9rh8ApRWfsIMQSt2uE4OcpQqbFu7f7NbTK05lx80nuSijCz7sc3a277R67g,"dikit dikit apk nya di suruh update muluu, tapi ga improve atau memperbaiki masih suka suka keluar sendiri kalau mau beli tiket online dari apk ny suka ngeselin kalau lagi buru buru. Mohon dong min di perbaiki selalu di update tapi begitu melulu ga improve sama sekali",1,9,2.1.3,2024-09-28 15:15:12,,,2.1.3
33814c6f-23f5-40e1-a066-11aa58f6ac2a,Pengguna Google,https://play-lh.googleusercontent.com/EGemoI2NTXmTsBVtJqk8jxF9rh8ApRWfsIMQSt2uE4OcpQqbFu7f7NbTK05lx80nuSijCz7sc3a277R67g,"nyuruh update tapi ga da log updatenya apa aja, ga bisa diskip pula",2,0,2.1.2,2024-09-28 08:54:03,,,2.1.2
804a329a-7a3c-44c9-9faa-6cbf15b6da58,Pengguna Google,https://play-lh.googleusercontent.com/EGemoI2NTXmTsBVtJqk8jxF9rh8ApRWfsIMQSt2uE4OcpQqbFu7f7NbTK05lx80nuSijCz7sc3a277R67g,Oke bisa nambah no body,5,0,2.1.2,2024-09-28 04:47:36,,,2.1.2
3770b876-b997-4c4d-ae89-f26720b8fbb5,Pengguna Google,https://play-lh.googleusercontent.com/EGemoI2NTXmTsBVtJqk8jxF9rh8ApRWfsIMQSt2uE4OcpQqbFu7f7NbTK05lx80nuSijCz7sc3a277R67g,"kebanyakan update terus,padahal udh bagus apknya",2,0,2.1.2,2024-09-27 22:56:21,,,2.1.2
8280c3f4-b1cb-4475-b025-99c020a9444a,Pengguna Google,https://play-lh.googleusercontent.com/EGemoI2NTXmTsBVtJqk8jxF9rh8ApRWfsIMQSt2uE4OcpQqbFu7f7NbTK05lx80nuSijCz7sc3a277R67g,Sering force close saat mau beli tiket harus di ulang bisa 2 atau 3 kali.,2,2,2.1.2,2024-09-27 20:09:47,,,2.1.2
c85f9ef4-7e95-444e-867a-9f4dd99258c9,Pengguna Google,https://play-lh.googleusercontent.com/EGemoI2NTXmTsBVtJqk8jxF9rh8ApRWfsIMQSt2uE4OcpQqbFu7f7NbTK05lx80nuSijCz7sc3a277R67g,"Aplikasi apaan, mau transaksi beli tiket malah keluar dr aplikasi..scan pas mau tap in setengah mampus...",1,2,2.1.3,2024-09-27 16:09:42,,,2.1.3
bae1601c-993b-4ea6-8cb2-e9b61948daf7,Pengguna Google,https://play-lh.googleusercontent.com/EGemoI2NTXmTsBVtJqk8jxF9rh8ApRWfsIMQSt2uE4OcpQqbFu7f7NbTK05lx80nuSijCz7sc3a277R67g,Masa harus di install mulu,1,1,2.1.2,2024-09-27 16:04:35,,,2.1.2
8595cad7-eb83-4daf-9048-58ae61a0102d,Pengguna Google,https://play-lh.googleusercontent.com/EGemoI2NTXmTsBVtJqk8jxF9rh8ApRWfsIMQSt2uE4OcpQqbFu7f7NbTK05lx80nuSijCz7sc3a277R67g,Dari awal pembayaran dimonopoli sama astra pay sekarang tidak bisa digunakan untuk naik Transjakarta selain yang BRT.,1,2,2.1.2,2024-09-25 21:44:15,,,2.1.2
ae6c9800-0d84-4bf5-9916-a6956e4f8ef5,Pengguna Google,https://play-lh.googleusercontent.com/EGemoI2NTXmTsBVtJqk8jxF9rh8ApRWfsIMQSt2uE4OcpQqbFu7f7NbTK05lx80nuSijCz7sc3a277R67g,Dicoba....,5,0,2.1.2,2024-09-25 20:10:38,,,2.1.2
35081e72-a4e5-4ad0-8172-287edd3c3ccd,Pengguna Google,https://play-lh.googleusercontent.com/EGemoI2NTXmTsBVtJqk8jxF9rh8ApRWfsIMQSt2uE4OcpQqbFu7f7NbTK05lx80nuSijCz7sc3a277R67g,aplikasi nya suka error,5,1,,2024-09-25 16:56:23,,,
e18df68a-32e5-4e8d-8bfb-959f5bc506ee,Pengguna Google,https://play-lh.googleusercontent.com/EGemoI2NTXmTsBVtJqk8jxF9rh8ApRWfsIMQSt2uE4OcpQqbFu7f7NbTK05lx80nuSijCz7sc3a277R67g,Mantaapp.. lanjutkan memberi yang terbaik untuk pelanggan,5,0,2.1.1,2024-09-25 12:26:10,,,2.1.1
15320d1e-93b3-47be-8264-b0eb9042aa84,Pengguna Google,https://play-lh.googleusercontent.com/EGemoI2NTXmTsBVtJqk8jxF9rh8ApRWfsIMQSt2uE4OcpQqbFu7f7NbTK05lx80nuSijCz7sc3a277R67g,Metode pembayaran via aplikasi tolong ditambah,3,0,2.1.2,2024-09-25 09:24:02,,,2.1.2
20ab7541-6876-40aa-ac8e-f92f48ac4a13,Pengguna Google,https://play-lh.googleusercontent.com/EGemoI2NTXmTsBVtJqk8jxF9rh8ApRWfsIMQSt2uE4OcpQqbFu7f7NbTK05lx80nuSijCz7sc3a277R67g,Cukup bagus untuk memudahkan pengguna melihat rute.. Untuk metode pembayaran tolong ditambahkan jgn cuma astrapay,4,1,2.1.2,2024-09-25 08:11:07,,,2.1.2
eae092ca-4464-4b79-92c6-62870b79ef7b,Pengguna Google,https://play-lh.googleusercontent.com/EGemoI2NTXmTsBVtJqk8jxF9rh8ApRWfsIMQSt2uE4OcpQqbFu7f7NbTK05lx80nuSijCz7sc3a277R67g,Aplikasi yang sekarang lebih bagus tapi kenapa bus D11 tidak bisa di lacak ya ? Ada beberapa bus di sekitar saya seperti jak 28 7C 7V jak 72 tapi hanya D11 yg tidak terlacak Mohon untuk bantuan dan updatenya agar pengguna Transjakarta bisa lebih menikmati dan bisa mengakses lokasi bus yg akan di gunakan Terimakasih sebelumnya,4,1,2.1.2,2024-09-25 07:29:31,,,2.1.2
7eb30193-ade0-4d2a-9e27-beb2250b2309,Pengguna Google,https://play-lh.googleusercontent.com/EGemoI2NTXmTsBVtJqk8jxF9rh8ApRWfsIMQSt2uE4OcpQqbFu7f7NbTK05lx80nuSijCz7sc3a277R67g,"Minta TOLONG, Tracking nya diperbagus, masa kita gabisa liat lagi naik bus dengan kode apa? Kode 12 dan 12B suka gamuncul di map/di halte yang saya biasa naiki, tiba tiba bus nya dateng aja. Percuma dong pake Aplikasi. Berbenah ya min, terkhusus tim IT Transjakarta coba contoh aplikasi ""Mitra Darat""",3,5,2.1.2,2024-09-25 06:23:06,,,2.1.2
f1b788ec-bf17-4a76-8494-d1ce10facb20,Pengguna Google,https://play-lh.googleusercontent.com/EGemoI2NTXmTsBVtJqk8jxF9rh8ApRWfsIMQSt2uE4OcpQqbFu7f7NbTK05lx80nuSijCz7sc3a277R67g,Jelek ketika mau bayar malah close apk hadehhh,1,1,2.1.2,2024-09-24 17:17:16,,,2.1.2
947de58e-8382-4584-85fd-c4f9e18593bb,Pengguna Google,https://play-lh.googleusercontent.com/EGemoI2NTXmTsBVtJqk8jxF9rh8ApRWfsIMQSt2uE4OcpQqbFu7f7NbTK05lx80nuSijCz7sc3a277R67g,"Aplikasi masih bugs, ga bisa bergerak",2,0,2.1.2,2024-09-24 07:59:00,,,2.1.2
37011fb9-2472-4c88-a361-1fbb8f299fbe,Pengguna Google,https://play-lh.googleusercontent.com/EGemoI2NTXmTsBVtJqk8jxF9rh8ApRWfsIMQSt2uE4OcpQqbFu7f7NbTK05lx80nuSijCz7sc3a277R67g,Perlu terus ditingkatkan untuk maps posisi bus nya,5,0,2.1.2,2024-09-23 16:04:31,,,2.1.2
91e7940a-f74e-4c20-9802-f654769216bd,Pengguna Google,https://play-lh.googleusercontent.com/EGemoI2NTXmTsBVtJqk8jxF9rh8ApRWfsIMQSt2uE4OcpQqbFu7f7NbTK05lx80nuSijCz7sc3a277R67g,mantul,5,0,2.1.2,2024-09-23 11:57:49,,,2.1.2
7cc16342-af34-43a8-9e4e-6f1b8b4ba064,Pengguna Google,https://play-lh.googleusercontent.com/EGemoI2NTXmTsBVtJqk8jxF9rh8ApRWfsIMQSt2uE4OcpQqbFu7f7NbTK05lx80nuSijCz7sc3a277R67g,Lelet,3,0,2.1.2,2024-09-23 10:11:19,,,2.1.2
837ab1e1-1126-4dd3-9b08-3035f2dbaae6,Pengguna Google,https://play-lh.googleusercontent.com/EGemoI2NTXmTsBVtJqk8jxF9rh8ApRWfsIMQSt2uE4OcpQqbFu7f7NbTK05lx80nuSijCz7sc3a277R67g,Asli keren banget.. Posisi realtime,5,0,2.1.2,2024-09-22 16:05:25,,,2.1.2
bbd29a88-2e2c-453c-bac6-db2aa154bd0d,Pengguna Google,https://play-lh.googleusercontent.com/EGemoI2NTXmTsBVtJqk8jxF9rh8ApRWfsIMQSt2uE4OcpQqbFu7f7NbTK05lx80nuSijCz7sc3a277R67g,suka keluar mulu gk pernah dapet sinyal... buat tap in tap out kadang gk bisa sebel,1,1,,2024-09-22 12:49:04,,,
1670deae-704d-4e0a-980e-cb3c66477d33,Pengguna Google,https://play-lh.googleusercontent.com/EGemoI2NTXmTsBVtJqk8jxF9rh8ApRWfsIMQSt2uE4OcpQqbFu7f7NbTK05lx80nuSijCz7sc3a277R67g,Aplikasi di buat untuk membantu masyarakat. tapi tidak dengan yg satu ini menyusahkan,1,2,2.1.2,2024-09-21 13:48:37,,,2.1.2
b3f500d8-7866-4e85-9963-0c3855f2712d,Pengguna Google,https://play-lh.googleusercontent.com/EGemoI2NTXmTsBVtJqk8jxF9rh8ApRWfsIMQSt2uE4OcpQqbFu7f7NbTK05lx80nuSijCz7sc3a277R67g,Aplikasi tidak srsuai d jam kedatangan bus 5 menit pas d tunggu lebuh dr 30 menit,1,1,,2024-09-21 12:48:45,,,
ad0da2de-a5c2-4772-a196-a434faf41289,Pengguna Google,https://play-lh.googleusercontent.com/EGemoI2NTXmTsBVtJqk8jxF9rh8ApRWfsIMQSt2uE4OcpQqbFu7f7NbTK05lx80nuSijCz7sc3a277R67g,Perlu di tingkatkan lagi terkait posisi bus nya,5,0,2.1.2,2024-09-20 23:11:30,,,2.1.2
e403340b-5053-41b9-80fd-4b1e4f22f93e,Pengguna Google,https://play-lh.googleusercontent.com/EGemoI2NTXmTsBVtJqk8jxF9rh8ApRWfsIMQSt2uE4OcpQqbFu7f7NbTK05lx80nuSijCz7sc3a277R67g,Eroor Bae aplikasi..vanke,3,0,,2024-09-20 09:37:04,,,
e6d0e43d-fc84-4b2c-8e4f-d278299b098b,Pengguna Google,https://play-lh.googleusercontent.com/EGemoI2NTXmTsBVtJqk8jxF9rh8ApRWfsIMQSt2uE4OcpQqbFu7f7NbTK05lx80nuSijCz7sc3a277R67g,bisa ga si dikit dikit update kaga mulu. masa sebulan update bisa 3x😩 padahal gada yg berubah juga,3,0,2.1.1,2024-09-19 18:04:28,,,2.1.1
6a707f0c-523e-4f02-9d9b-793cc91cd0fe,Pengguna Google,https://play-lh.googleusercontent.com/EGemoI2NTXmTsBVtJqk8jxF9rh8ApRWfsIMQSt2uE4OcpQqbFu7f7NbTK05lx80nuSijCz7sc3a277R67g,Oke banget tj,5,0,2.1.2,2024-09-19 12:27:34,,,2.1.2
de13a631-5131-4346-9579-809e64b6631f,Pengguna Google,https://play-lh.googleusercontent.com/EGemoI2NTXmTsBVtJqk8jxF9rh8ApRWfsIMQSt2uE4OcpQqbFu7f7NbTK05lx80nuSijCz7sc3a277R67g,suka gabisa beli tikeett,1,0,2.1.2,2024-09-18 16:53:27,,,2.1.2
058e3e5d-306c-4aa9-bc62-ce74433da70f,Pengguna Google,https://play-lh.googleusercontent.com/EGemoI2NTXmTsBVtJqk8jxF9rh8ApRWfsIMQSt2uE4OcpQqbFu7f7NbTK05lx80nuSijCz7sc3a277R67g,"Secara tampilan emg lbh bagus dr sblmnya. pagi ini saya baru instal, dan langsung dipakai. pembelian tiket berhasil. tap in di halte ragunan juga berhasil, aman, lanjut mau tap out di halte underpass kuningan gak bisa. tertulis tiket kadaluarsa. mana petugasnya ngga ada di tempat. hrs jalan dulu ke kuningan timur nyari petugas. plis aplikasinya dibenerin",2,0,2.1.2,2024-09-18 07:26:28,,,2.1.2
b7b035ee-4eb4-4c5b-b2f6-fb49eaed800b,Pengguna Google,https://play-lh.googleusercontent.com/EGemoI2NTXmTsBVtJqk8jxF9rh8ApRWfsIMQSt2uE4OcpQqbFu7f7NbTK05lx80nuSijCz7sc3a277R67g,luar biasa menunjukkan halte tujuan dan perpindahan halte hingga tidak bingung. terima kasih,5,0,2.1.2,2024-09-17 06:51:02,,,2.1.2
cecf005d-5237-4aae-a9ac-3ba33891d5b8,Pengguna Google,https://play-lh.googleusercontent.com/EGemoI2NTXmTsBVtJqk8jxF9rh8ApRWfsIMQSt2uE4OcpQqbFu7f7NbTK05lx80nuSijCz7sc3a277R67g,Jelek bgt pelayanannya. Udah bayar di aplikasi malah pending.,1,2,2.1.2,2024-09-16 17:27:27,,,2.1.2
8d51a73d-cc82-4d74-90b9-465649d3dda3,Pengguna Google,https://play-lh.googleusercontent.com/EGemoI2NTXmTsBVtJqk8jxF9rh8ApRWfsIMQSt2uE4OcpQqbFu7f7NbTK05lx80nuSijCz7sc3a277R67g,Apli mantap,5,0,2.1.0,2024-09-16 09:25:07,,,2.1.0
616aaf39-7e23-4a74-a8b1-614e67a5e286,Pengguna Google,https://play-lh.googleusercontent.com/EGemoI2NTXmTsBVtJqk8jxF9rh8ApRWfsIMQSt2uE4OcpQqbFu7f7NbTK05lx80nuSijCz7sc3a277R67g,Sangat membantu sekali,5,0,2.1.0,2024-09-16 08:15:52,,,2.1.0
b0a07d04-20a8-49e7-a12c-7e2e70e37971,Pengguna Google,https://play-lh.googleusercontent.com/EGemoI2NTXmTsBVtJqk8jxF9rh8ApRWfsIMQSt2uE4OcpQqbFu7f7NbTK05lx80nuSijCz7sc3a277R67g,"Mohon fiturnya di perbanyak, ini aplikasi udh baguss polll",5,0,2.1.2,2024-09-15 23:44:31,,,2.1.2
c8f1d697-a697-46d1-88bd-5d054eb4bc1b,Pengguna Google,https://play-lh.googleusercontent.com/EGemoI2NTXmTsBVtJqk8jxF9rh8ApRWfsIMQSt2uE4OcpQqbFu7f7NbTK05lx80nuSijCz7sc3a277R67g,aplikasi sampah. lagi² aplikasi plat merah bobrok. mau ngeliat rute g bisa². herannya rating nih aplikasi kenapa bagus banget ya,1,2,2.1.2,2024-09-15 23:27:33,,,2.1.2
1fcd4cc3-ed55-45b8-9e6c-d674969d3e25,Pengguna Google,https://play-lh.googleusercontent.com/EGemoI2NTXmTsBVtJqk8jxF9rh8ApRWfsIMQSt2uE4OcpQqbFu7f7NbTK05lx80nuSijCz7sc3a277R67g,aplikasinya terlalu banyak bug tolong di perbaiki,1,1,2.1.2,2024-09-15 21:29:18,,,2.1.2
9c241e2c-e2f9-4417-a274-9c081f4017f9,Pengguna Google,https://play-lh.googleusercontent.com/EGemoI2NTXmTsBVtJqk8jxF9rh8ApRWfsIMQSt2uE4OcpQqbFu7f7NbTK05lx80nuSijCz7sc3a277R67g,Untuk pembelian tiket busway sering eror.. Harus diperbaiki lagi.. Terkadang pembelian double,3,0,2.1.2,2024-09-15 20:42:39,,,2.1.2
4405d489-b698-4ad6-a6db-9cb2a2126d48,Pengguna Google,https://play-lh.googleusercontent.com/EGemoI2NTXmTsBVtJqk8jxF9rh8ApRWfsIMQSt2uE4OcpQqbFu7f7NbTK05lx80nuSijCz7sc3a277R67g,Good,5,0,2.1.2,2024-09-15 20:40:27,,,2.1.2
4c5c787f-4590-4775-a67c-920f9b2d2b67,Pengguna Google,https://play-lh.googleusercontent.com/EGemoI2NTXmTsBVtJqk8jxF9rh8ApRWfsIMQSt2uE4OcpQqbFu7f7NbTK05lx80nuSijCz7sc3a277R67g,"Kurang responsif, kebanyakan loading, perbaikilah",3,0,2.1.2,2024-09-14 09:16:35,,,2.1.2
8e3725ca-e467-49ee-a3d0-d30826c63d77,Pengguna Google,https://play-lh.googleusercontent.com/EGemoI2NTXmTsBVtJqk8jxF9rh8ApRWfsIMQSt2uE4OcpQqbFu7f7NbTK05lx80nuSijCz7sc3a277R67g,APLIKASI AMPAZ KGK BISA NGELIAT LIVE POSISI BUS TJ YG DITUNGGU MASIH MENDING YG DOLOE PAKE TRAFI. DITAMBAH KEBIJAKAN TAP IN TAP OUT YG TAP IN KENA 3500 DAN TAP OUT KENA 3500 JADI 7000 SKRNG SETIAP NAEK . BENER2 LICIK PDHL NGAPAIN HRS TAP IN TAP OUT WONG GK DIUKUR PAKE JARAK EMANG SARANG KORUPSI TJ DASAR AMPAZ,1,2,2.1.2,2024-09-14 07:12:07,,,2.1.2
a8d0dc42-70f0-41f2-8bd5-e605cdaa733f,Pengguna Google,https://play-lh.googleusercontent.com/EGemoI2NTXmTsBVtJqk8jxF9rh8ApRWfsIMQSt2uE4OcpQqbFu7f7NbTK05lx80nuSijCz7sc3a277R67g,"Tiap hari di perbaharui makin gede bukanya makin normal malah makin amsyonggg, upgrade butuh uang tujuan untuk kenormalan tapi malah amsyooong itu kerjaaan IT-nya uji coba apa coba-coba",1,3,2.1.2,2024-09-14 07:02:24,,,2.1.2
9ea7dba2-c16e-4e1b-9421-81abd4494f27,Pengguna Google,https://play-lh.googleusercontent.com/EGemoI2NTXmTsBVtJqk8jxF9rh8ApRWfsIMQSt2uE4OcpQqbFu7f7NbTK05lx80nuSijCz7sc3a277R67g,"jadi gini, saya minta tolong sama petugas jaklingko, itu supir Jak08 songong² bener, kadang di bus stop mereka kgak mau berhenti, mohon ditindak pak 🙏",4,0,2.1.1,2024-09-13 18:34:57,,,2.1.1
dd756221-d817-478d-b939-bc7293afd967,Pengguna Google,https://play-lh.googleusercontent.com/EGemoI2NTXmTsBVtJqk8jxF9rh8ApRWfsIMQSt2uE4OcpQqbFu7f7NbTK05lx80nuSijCz7sc3a277R67g,tj favoritku,5,0,2.1.1,2024-09-13 13:39:32,,,2.1.1
6032a300-a8da-4404-aa8d-49278d03ac69,Pengguna Google,https://play-lh.googleusercontent.com/EGemoI2NTXmTsBVtJqk8jxF9rh8ApRWfsIMQSt2uE4OcpQqbFu7f7NbTK05lx80nuSijCz7sc3a277R67g,Untuk melacak emang akurat tapi sayang ntah barcod atau mesinnya yang eror scan nggk jadi² bukanya praktis malah jadi lama,3,0,2.1.2,2024-09-13 13:34:31,,,2.1.2
4c5b4403-b63b-4c7c-aa6c-ef37e772f134,Pengguna Google,https://play-lh.googleusercontent.com/EGemoI2NTXmTsBVtJqk8jxF9rh8ApRWfsIMQSt2uE4OcpQqbFu7f7NbTK05lx80nuSijCz7sc3a277R67g,"ya bintang 1 lah, setiap mau order malah force close terus, dipaksa harus data jadi kaya daftar pertama kali lagi, aneh.",1,3,2.1.2,2024-09-13 07:01:44,,,2.1.2
ee8597c2-ce64-4d19-b301-efc9eb187f21,Pengguna Google,https://play-lh.googleusercontent.com/EGemoI2NTXmTsBVtJqk8jxF9rh8ApRWfsIMQSt2uE4OcpQqbFu7f7NbTK05lx80nuSijCz7sc3a277R67g,Ok,5,0,2.1.0,2024-09-12 19:25:59,,,2.1.0
073bf0a2-12fe-455d-af1c-9047e1446c7d,Pengguna Google,https://play-lh.googleusercontent.com/EGemoI2NTXmTsBVtJqk8jxF9rh8ApRWfsIMQSt2uE4OcpQqbFu7f7NbTK05lx80nuSijCz7sc3a277R67g,Setiap hari minta update,1,1,2.1.1,2024-09-12 16:40:07,,,2.1.1
1ea861d0-e004-4721-9b33-a32a9ef1d4ca,Pengguna Google,https://play-lh.googleusercontent.com/EGemoI2NTXmTsBVtJqk8jxF9rh8ApRWfsIMQSt2uE4OcpQqbFu7f7NbTK05lx80nuSijCz7sc3a277R67g,makin update makin eror ko.internal server eror terus. pas kita pencet kode busnya,3,1,2.1.2,2024-09-12 10:25:19,,,2.1.2
247ea38a-7897-4b72-a934-87f7c1e02d59,Pengguna Google,https://play-lh.googleusercontent.com/EGemoI2NTXmTsBVtJqk8jxF9rh8ApRWfsIMQSt2uE4OcpQqbFu7f7NbTK05lx80nuSijCz7sc3a277R67g,Ok,5,0,,2024-09-12 08:36:19,,,
accc7416-47df-4eee-828b-7f0265380534,Pengguna Google,https://play-lh.googleusercontent.com/EGemoI2NTXmTsBVtJqk8jxF9rh8ApRWfsIMQSt2uE4OcpQqbFu7f7NbTK05lx80nuSijCz7sc3a277R67g,Kembangkan terusan..👍,5,0,2.1.1,2024-09-12 05:44:58,,,2.1.1
a89362c6-b7f0-4d46-b47a-191a03cdd11e,Pengguna Google,https://play-lh.googleusercontent.com/EGemoI2NTXmTsBVtJqk8jxF9rh8ApRWfsIMQSt2uE4OcpQqbFu7f7NbTK05lx80nuSijCz7sc3a277R67g,GANGGUAN DAN EROR TERUS!!!,1,1,,2024-09-12 05:25:36,,,
da2c83fb-23a7-4f21-9eea-87c11f0796c7,Pengguna Google,https://play-lh.googleusercontent.com/EGemoI2NTXmTsBVtJqk8jxF9rh8ApRWfsIMQSt2uE4OcpQqbFu7f7NbTK05lx80nuSijCz7sc3a277R67g,aplikasi jelek,1,1,2.1.2,2024-09-12 02:03:41,,,2.1.2
bb33675c-fe7d-442b-9cb2-7bd01f1b0929,Pengguna Google,https://play-lh.googleusercontent.com/EGemoI2NTXmTsBVtJqk8jxF9rh8ApRWfsIMQSt2uE4OcpQqbFu7f7NbTK05lx80nuSijCz7sc3a277R67g,"Minta perbaharuan mulu, capek bett dah",3,0,2.1.2,2024-09-11 21:42:10,,,2.1.2
0fbb2c75-cb7e-4b8f-8ddd-f2cb8e3e36d3,Pengguna Google,https://play-lh.googleusercontent.com/EGemoI2NTXmTsBVtJqk8jxF9rh8ApRWfsIMQSt2uE4OcpQqbFu7f7NbTK05lx80nuSijCz7sc3a277R67g,Lebih baik,5,0,2.1.0,2024-09-11 17:21:02,,,2.1.0
d9b5d7c1-3d27-4070-b777-431c105746ef,Pengguna Google,https://play-lh.googleusercontent.com/EGemoI2NTXmTsBVtJqk8jxF9rh8ApRWfsIMQSt2uE4OcpQqbFu7f7NbTK05lx80nuSijCz7sc3a277R67g,1.Lelet banget 2.Update terus belum ada sebulan 3.Posisi busswaynya sering bug,1,2,2.1.0,2024-09-11 12:57:27,,,2.1.0
035594c4-9e1f-44ee-b2ed-224a55c6bb5c,Pengguna Google,https://play-lh.googleusercontent.com/EGemoI2NTXmTsBVtJqk8jxF9rh8ApRWfsIMQSt2uE4OcpQqbFu7f7NbTK05lx80nuSijCz7sc3a277R67g,"90% Berfungsi dengan normal, cuman memang masih rada kurang optimal dibeberapa device, keren banget kita jadi bisa tau posisi TJ secara realtime, dan rute rutenya lengkap, serta dipermudah pembelian tiketnya tidak seperti dulu",5,2,2.1.1,2024-09-11 07:20:43,,,2.1.1
15804a29-7f24-49b7-92c6-b131739cb504,Pengguna Google,https://play-lh.googleusercontent.com/EGemoI2NTXmTsBVtJqk8jxF9rh8ApRWfsIMQSt2uE4OcpQqbFu7f7NbTK05lx80nuSijCz7sc3a277R67g,aplikasi gajelas ngelag gak berguna,1,1,2.1.1,2024-09-11 06:10:43,,,2.1.1
ede3855a-41b5-497a-848a-d878e39225b7,Pengguna Google,https://play-lh.googleusercontent.com/EGemoI2NTXmTsBVtJqk8jxF9rh8ApRWfsIMQSt2uE4OcpQqbFu7f7NbTK05lx80nuSijCz7sc3a277R67g,Gajelas sering mau dipakee eror after update,1,0,2.1.1,2024-09-10 17:43:16,,,2.1.1
94c74966-9d74-4617-9653-ad45efbf7110,Pengguna Google,https://play-lh.googleusercontent.com/EGemoI2NTXmTsBVtJqk8jxF9rh8ApRWfsIMQSt2uE4OcpQqbFu7f7NbTK05lx80nuSijCz7sc3a277R67g,"Aplikasi minta perbaharui mulu 😭, mana ga bisa di skip mana ga akurat jugaaa, tp butuh huft 😭",3,1,2.1.0,2024-09-10 17:20:57,,,2.1.0
b259f4a7-401d-4839-9e84-b0a2554514a2,Pengguna Google,https://play-lh.googleusercontent.com/EGemoI2NTXmTsBVtJqk8jxF9rh8ApRWfsIMQSt2uE4OcpQqbFu7f7NbTK05lx80nuSijCz7sc3a277R67g,Good Application,5,0,2.1.0,2024-09-10 06:28:56,,,2.1.0
fd7b7690-dabb-4ffb-865e-4df9d61a7e9e,Pengguna Google,https://play-lh.googleusercontent.com/EGemoI2NTXmTsBVtJqk8jxF9rh8ApRWfsIMQSt2uE4OcpQqbFu7f7NbTK05lx80nuSijCz7sc3a277R67g,Aplikasi sudah bagus dan sangat membantu. Kedepannya mohon tambah pilihan/metode pembayaran. Terimakasih,5,0,2.1.1,2024-09-10 06:27:48,,,2.1.1
dc64cf21-afed-4dbe-8251-4776bc4f468c,Pengguna Google,https://play-lh.googleusercontent.com/EGemoI2NTXmTsBVtJqk8jxF9rh8ApRWfsIMQSt2uE4OcpQqbFu7f7NbTK05lx80nuSijCz7sc3a277R67g,Kenapa si skrg aplikasi nya dikit2 diperbaharui teruss:(,3,1,2.1.0,2024-09-10 05:34:13,,,2.1.0
9e7cbf0b-50e8-4321-b6ee-a439adf88c52,Pengguna Google,https://play-lh.googleusercontent.com/EGemoI2NTXmTsBVtJqk8jxF9rh8ApRWfsIMQSt2uE4OcpQqbFu7f7NbTK05lx80nuSijCz7sc3a277R67g,Lelet banget padahal koneksi internet bagus.,3,0,2.1.0,2024-09-07 20:22:28,,,2.1.0
9b792d40-c24c-4c7b-859c-fe450e7b1a92,Pengguna Google,https://play-lh.googleusercontent.com/EGemoI2NTXmTsBVtJqk8jxF9rh8ApRWfsIMQSt2uE4OcpQqbFu7f7NbTK05lx80nuSijCz7sc3a277R67g,"Tolong bangetttt!! managementnya menatar ulang drivernya lagi yaa. Spesial utk S11, T12. Maklumat pelayanan terkait berhenti di halte yang sudah ditentukan saja busnya tidak bisa apalagi hal pelayanan yang lain. Uda busnya jarang2 armadanya, dempet sampainya sprti ga atur jarak antar bus, banyak penumpang sudah nunggu lama akhirnya naik grab/Go-Jek.",1,8,2.1.0,2024-09-06 08:17:22,,,2.1.0
ae7fd478-a616-4471-bcd7-3fb294e58c5c,Pengguna Google,https://play-lh.googleusercontent.com/EGemoI2NTXmTsBVtJqk8jxF9rh8ApRWfsIMQSt2uE4OcpQqbFu7f7NbTK05lx80nuSijCz7sc3a277R67g,Aplikasi yg mudah untuk di gunakan dan kedatangan bus akurat sekali,5,0,2.1.0,2024-09-06 06:57:36,,,2.1.0
13d6e93f-ffdf-4522-8af6-e80d86b24173,Pengguna Google,https://play-lh.googleusercontent.com/EGemoI2NTXmTsBVtJqk8jxF9rh8ApRWfsIMQSt2uE4OcpQqbFu7f7NbTK05lx80nuSijCz7sc3a277R67g,Simpel dan praktis,5,0,1.43.2608,2024-09-05 16:33:56,,,1.43.2608
1d5f1e87-b7ec-4844-8bf7-99b1953d94ff,Pengguna Google,https://play-lh.googleusercontent.com/EGemoI2NTXmTsBVtJqk8jxF9rh8ApRWfsIMQSt2uE4OcpQqbFu7f7NbTK05lx80nuSijCz7sc3a277R67g,Semakin memudahkan warga menggunakan layanan TJ,5,0,2.1.0,2024-09-05 13:17:05,,,2.1.0
f9ad2340-9043-449d-97f6-4adc93a8e185,Pengguna Google,https://play-lh.googleusercontent.com/EGemoI2NTXmTsBVtJqk8jxF9rh8ApRWfsIMQSt2uE4OcpQqbFu7f7NbTK05lx80nuSijCz7sc3a277R67g,"Keren, anti nyasar Bravo transjakarta",5,0,2.1.0,2024-09-05 13:10:36,,,2.1.0
6b225a0a-7d5b-49b1-8c39-92c8fa56610d,Pengguna Google,https://play-lh.googleusercontent.com/EGemoI2NTXmTsBVtJqk8jxF9rh8ApRWfsIMQSt2uE4OcpQqbFu7f7NbTK05lx80nuSijCz7sc3a277R67g,"Dibanding aplikasi sebelumnya ini lebih bagus secara user interface. Bisa melacak bis dengan akurat, 90% jika dibandingkan dengan versi sebelumnya yang payah. Dibandingkan Google map pun juga lebih akurat di aplikasi ini. Juga ada journey planner (tapi disayangkan masih pakai bahasa Inggris padahal settingannya bahasa Indonesia) dan pembelian tiket menggunakan di astrapay.",5,13,2.1.0,2024-09-05 13:01:34,,,2.1.0
7983cb0c-f5e3-4ed7-a8a7-f41bf7fe7e0b,Pengguna Google,https://play-lh.googleusercontent.com/EGemoI2NTXmTsBVtJqk8jxF9rh8ApRWfsIMQSt2uE4OcpQqbFu7f7NbTK05lx80nuSijCz7sc3a277R67g,"Mantap, informasi seputar transjakarta sungguh lengkap, harap ditingkatkan lagi untuk aplikasinya.",5,0,2.1.0,2024-09-05 10:33:30,,,2.1.0
79eb7627-940c-4f43-bb47-77481e569add,Pengguna Google,https://play-lh.googleusercontent.com/EGemoI2NTXmTsBVtJqk8jxF9rh8ApRWfsIMQSt2uE4OcpQqbFu7f7NbTK05lx80nuSijCz7sc3a277R67g,Good Job,5,0,2.1.0,2024-09-05 02:04:44,,,2.1.0
3dc242a5-b83d-4557-b0ff-1b377259dd17,Pengguna Google,https://play-lh.googleusercontent.com/EGemoI2NTXmTsBVtJqk8jxF9rh8ApRWfsIMQSt2uE4OcpQqbFu7f7NbTK05lx80nuSijCz7sc3a277R67g,Error,1,1,2.1.0,2024-09-04 21:21:38,,,2.1.0
2472ef0a-3486-4ada-83ea-6680ca6c41f4,Pengguna Google,https://play-lh.googleusercontent.com/EGemoI2NTXmTsBVtJqk8jxF9rh8ApRWfsIMQSt2uE4OcpQqbFu7f7NbTK05lx80nuSijCz7sc3a277R67g,Banyakan busway 14 B dengan tujuan tanjung priok senen via jis AC nya tidak dingin tolong d perbaiki,1,1,,2024-09-04 15:18:10,,,
cc621902-43cd-4fdb-b581-ff141ca5024b,Pengguna Google,https://play-lh.googleusercontent.com/EGemoI2NTXmTsBVtJqk8jxF9rh8ApRWfsIMQSt2uE4OcpQqbFu7f7NbTK05lx80nuSijCz7sc3a277R67g,Bagus banget aplikasinya 😍😍😍,5,0,1.43.2608,2024-09-04 14:57:02,,,1.43.2608
83822597-0ae3-4fae-835b-d4244aa6ae2b,Pengguna Google,https://play-lh.googleusercontent.com/EGemoI2NTXmTsBVtJqk8jxF9rh8ApRWfsIMQSt2uE4OcpQqbFu7f7NbTK05lx80nuSijCz7sc3a277R67g,Bagus dan bermanfaat,5,0,1.43.2608,2024-09-04 14:49:04,,,1.43.2608
9434071d-6742-4183-b280-2e201d755a2b,Pengguna Google,https://play-lh.googleusercontent.com/EGemoI2NTXmTsBVtJqk8jxF9rh8ApRWfsIMQSt2uE4OcpQqbFu7f7NbTK05lx80nuSijCz7sc3a277R67g,Aplikasi yang sangat bagus dan membantu,5,0,2.1.0,2024-09-04 14:39:03,,,2.1.0
a938d93d-2f85-48cb-99ec-7f583a983f71,Pengguna Google,https://play-lh.googleusercontent.com/EGemoI2NTXmTsBVtJqk8jxF9rh8ApRWfsIMQSt2uE4OcpQqbFu7f7NbTK05lx80nuSijCz7sc3a277R67g,Mantapp apk nya membantu,5,0,1.43.2608,2024-09-04 14:25:00,,,1.43.2608
a21dc5a9-d727-4a46-8050-1e65b3417407,Pengguna Google,https://play-lh.googleusercontent.com/EGemoI2NTXmTsBVtJqk8jxF9rh8ApRWfsIMQSt2uE4OcpQqbFu7f7NbTK05lx80nuSijCz7sc3a277R67g,ok mantap,5,0,2.1.0,2024-09-04 14:15:59,,,2.1.0
e23b4f78-96df-4534-8c30-53960d7f8e3b,Pengguna Google,https://play-lh.googleusercontent.com/EGemoI2NTXmTsBVtJqk8jxF9rh8ApRWfsIMQSt2uE4OcpQqbFu7f7NbTK05lx80nuSijCz7sc3a277R67g,Sangat membantu,5,0,2.1.0,2024-09-04 13:56:18,,,2.1.0
bcaf6bfe-b1c7-4b49-9483-138754fe5069,Pengguna Google,https://play-lh.googleusercontent.com/EGemoI2NTXmTsBVtJqk8jxF9rh8ApRWfsIMQSt2uE4OcpQqbFu7f7NbTK05lx80nuSijCz7sc3a277R67g,Membantu masyarakat,5,0,2.1.0,2024-09-04 13:56:10,,,2.1.0
860fc3d1-02a1-4372-9949-494f79039c78,Pengguna Google,https://play-lh.googleusercontent.com/EGemoI2NTXmTsBVtJqk8jxF9rh8ApRWfsIMQSt2uE4OcpQqbFu7f7NbTK05lx80nuSijCz7sc3a277R67g,sangat bermanfaat untuk melakukan perjalanan menggunakan Transjakarta dengan fitur² aplikasi yg sangat lengkap,5,0,2.1.0,2024-09-04 13:33:04,,,2.1.0
8b6773c1-6212-42cb-ba42-687f87f45e01,Pengguna Google,https://play-lh.googleusercontent.com/EGemoI2NTXmTsBVtJqk8jxF9rh8ApRWfsIMQSt2uE4OcpQqbFu7f7NbTK05lx80nuSijCz7sc3a277R67g,Aplikasinya berguna banget buat ngelacak bus,5,0,2.1.0,2024-09-04 13:26:57,,,2.1.0
e950236d-68c8-4d8b-9e4a-e432df40eeb9,Pengguna Google,https://play-lh.googleusercontent.com/EGemoI2NTXmTsBVtJqk8jxF9rh8ApRWfsIMQSt2uE4OcpQqbFu7f7NbTK05lx80nuSijCz7sc3a277R67g,Bagus,5,0,2.1.0,2024-09-04 13:26:37,,,2.1.0
9177c127-0e46-44e5-8c62-76c97f87c83e,Pengguna Google,https://play-lh.googleusercontent.com/EGemoI2NTXmTsBVtJqk8jxF9rh8ApRWfsIMQSt2uE4OcpQqbFu7f7NbTK05lx80nuSijCz7sc3a277R67g,Makin keren tije n luar biasa maju trs,5,0,2.1.0,2024-09-04 13:10:35,,,2.1.0
5e976893-c98d-4303-925a-5c5f1f148f40,Pengguna Google,https://play-lh.googleusercontent.com/EGemoI2NTXmTsBVtJqk8jxF9rh8ApRWfsIMQSt2uE4OcpQqbFu7f7NbTK05lx80nuSijCz7sc3a277R67g,Ok,5,0,,2024-09-04 12:44:08,,,
a5df3345-fcb8-413e-9ac5-d4eab234c5cf,Pengguna Google,https://play-lh.googleusercontent.com/EGemoI2NTXmTsBVtJqk8jxF9rh8ApRWfsIMQSt2uE4OcpQqbFu7f7NbTK05lx80nuSijCz7sc3a277R67g,Mempermudah berpergian kemanapun dan ramah anak,5,0,1.43.2608,2024-09-04 12:22:22,,,1.43.2608
3188ea41-4978-4f26-958e-81d120a07255,Pengguna Google,https://play-lh.googleusercontent.com/EGemoI2NTXmTsBVtJqk8jxF9rh8ApRWfsIMQSt2uE4OcpQqbFu7f7NbTK05lx80nuSijCz7sc3a277R67g,Sangat membantu,5,0,,2024-09-04 12:14:14,,,
6575a514-7a62-4726-9151-d16326b59d75,Pengguna Google,https://play-lh.googleusercontent.com/EGemoI2NTXmTsBVtJqk8jxF9rh8ApRWfsIMQSt2uE4OcpQqbFu7f7NbTK05lx80nuSijCz7sc3a277R67g,"Murah, bisa liat rute kemana aja dan kapan aja🥰🥰",5,0,2.1.0,2024-09-04 12:13:39,,,2.1.0
525ea0ac-a335-4fbf-92d6-815e4b5f2fe8,Pengguna Google,https://play-lh.googleusercontent.com/EGemoI2NTXmTsBVtJqk8jxF9rh8ApRWfsIMQSt2uE4OcpQqbFu7f7NbTK05lx80nuSijCz7sc3a277R67g,Sangat membantu dan bermanfaat,5,0,,2024-09-04 11:49:15,,,
a3df9ec9-ff2d-4ec8-b002-11d381a2074f,Pengguna Google,https://play-lh.googleusercontent.com/EGemoI2NTXmTsBVtJqk8jxF9rh8ApRWfsIMQSt2uE4OcpQqbFu7f7NbTK05lx80nuSijCz7sc3a277R67g,"Bagus sekali pelayanan nya, dan petugas nya ramah-ramah",5,0,2.1.0,2024-09-04 10:54:10,,,2.1.0
e6af4d58-86a7-4dcd-8ddf-c53270bc64dd,Pengguna Google,https://play-lh.googleusercontent.com/EGemoI2NTXmTsBVtJqk8jxF9rh8ApRWfsIMQSt2uE4OcpQqbFu7f7NbTK05lx80nuSijCz7sc3a277R67g,Nyaman dan memudahkan warga,5,0,2.1.0,2024-09-04 10:40:55,,,2.1.0
61e4003b-20a0-4053-85ec-1bbce945bec8,Pengguna Google,https://play-lh.googleusercontent.com/EGemoI2NTXmTsBVtJqk8jxF9rh8ApRWfsIMQSt2uE4OcpQqbFu7f7NbTK05lx80nuSijCz7sc3a277R67g,😍😍😍TJ is the best,1,1,2.1.0,2024-09-04 09:37:25,,,2.1.0
dd005785-78c4-4880-9ecb-739d15df9ce4,Pengguna Google,https://play-lh.googleusercontent.com/EGemoI2NTXmTsBVtJqk8jxF9rh8ApRWfsIMQSt2uE4OcpQqbFu7f7NbTK05lx80nuSijCz7sc3a277R67g,Pelayanany Ramah . Petugas keamanan nya juga ramah sangat membantu,5,0,2.1.0,2024-09-04 09:17:11,,,2.1.0
6f664830-b72e-4fbf-8267-f1a428590b4c,Pengguna Google,https://play-lh.googleusercontent.com/EGemoI2NTXmTsBVtJqk8jxF9rh8ApRWfsIMQSt2uE4OcpQqbFu7f7NbTK05lx80nuSijCz7sc3a277R67g,Sangat baik dan membantu,5,0,,2024-09-04 09:11:42,,,
4c5c0359-6a75-46c2-b413-cce104aca458,Pengguna Google,https://play-lh.googleusercontent.com/EGemoI2NTXmTsBVtJqk8jxF9rh8ApRWfsIMQSt2uE4OcpQqbFu7f7NbTK05lx80nuSijCz7sc3a277R67g,Ok,5,0,2.1.0,2024-09-04 09:09:07,,,2.1.0
667968db-429d-41e0-b385-7a02821acc52,Pengguna Google,https://play-lh.googleusercontent.com/EGemoI2NTXmTsBVtJqk8jxF9rh8ApRWfsIMQSt2uE4OcpQqbFu7f7NbTK05lx80nuSijCz7sc3a277R67g,Sbg pengguna TJ sangat menguntungkan dr segi biaya dan waktu,5,0,,2024-09-04 09:07:08,,,
c8ca01bd-3a14-4ec8-9498-86f0b88040a5,Pengguna Google,https://play-lh.googleusercontent.com/EGemoI2NTXmTsBVtJqk8jxF9rh8ApRWfsIMQSt2uE4OcpQqbFu7f7NbTK05lx80nuSijCz7sc3a277R67g,Aplikasi bagus dan bermanfaat 🙏🏻,5,0,2.1.0,2024-09-04 09:04:33,,,2.1.0
a325155d-5dad-4c73-9d7f-fc02ea24edc8,Pengguna Google,https://play-lh.googleusercontent.com/EGemoI2NTXmTsBVtJqk8jxF9rh8ApRWfsIMQSt2uE4OcpQqbFu7f7NbTK05lx80nuSijCz7sc3a277R67g,Baik,5,0,2.1.0,2024-09-04 09:04:17,,,2.1.0
e1bc1968-aa5b-4e3d-9d9a-22280759eef9,Pengguna Google,https://play-lh.googleusercontent.com/EGemoI2NTXmTsBVtJqk8jxF9rh8ApRWfsIMQSt2uE4OcpQqbFu7f7NbTK05lx80nuSijCz7sc3a277R67g,mantap dpt kartu gratis,5,0,2.1.0,2024-09-04 09:04:16,,,2.1.0
7515db80-436f-459f-8d01-e9961a165a6e,Pengguna Google,https://play-lh.googleusercontent.com/EGemoI2NTXmTsBVtJqk8jxF9rh8ApRWfsIMQSt2uE4OcpQqbFu7f7NbTK05lx80nuSijCz7sc3a277R67g,Ok dan murah meriah utk biaya transformasinya,5,0,2.1.0,2024-09-04 09:04:03,,,2.1.0
ba1604e3-d835-4838-bf5b-049370ef4260,Pengguna Google,https://play-lh.googleusercontent.com/EGemoI2NTXmTsBVtJqk8jxF9rh8ApRWfsIMQSt2uE4OcpQqbFu7f7NbTK05lx80nuSijCz7sc3a277R67g,Good service,5,0,2.1.0,2024-09-04 09:01:56,,,2.1.0
3e096ce8-0a11-4571-b047-cdaae1da4114,Pengguna Google,https://play-lh.googleusercontent.com/EGemoI2NTXmTsBVtJqk8jxF9rh8ApRWfsIMQSt2uE4OcpQqbFu7f7NbTK05lx80nuSijCz7sc3a277R67g,Selama aku menggunakan transjakarta tidak ada masalah malah lebih memudahkan aku dalam perjalanan,5,0,2.1.0,2024-09-04 09:01:34,,,2.1.0
1ebe218e-0ad3-43c3-ae24-6ae1f562f3c4,Pengguna Google,https://play-lh.googleusercontent.com/EGemoI2NTXmTsBVtJqk8jxF9rh8ApRWfsIMQSt2uE4OcpQqbFu7f7NbTK05lx80nuSijCz7sc3a277R67g,Layanan bagus ..,5,0,2.1.0,2024-09-04 08:58:39,,,2.1.0
7c95a904-f5f5-40d6-904c-4be5b68a4284,Pengguna Google,https://play-lh.googleusercontent.com/EGemoI2NTXmTsBVtJqk8jxF9rh8ApRWfsIMQSt2uE4OcpQqbFu7f7NbTK05lx80nuSijCz7sc3a277R67g,Transjakarta sangat membantu,5,0,2.1.0,2024-09-04 08:58:22,,,2.1.0
50e757ae-c1cf-45b7-b412-ef225f1ff749,Pengguna Google,https://play-lh.googleusercontent.com/EGemoI2NTXmTsBVtJqk8jxF9rh8ApRWfsIMQSt2uE4OcpQqbFu7f7NbTK05lx80nuSijCz7sc3a277R67g,"Dengan Transjakarta, pergi ke mana pun jadi mudah dan nyaman... Transjakarta mantap.",5,0,1.40,2024-09-04 08:51:41,,,1.40
304aac9a-46b1-4c5b-baee-66bc551784e4,Pengguna Google,https://play-lh.googleusercontent.com/EGemoI2NTXmTsBVtJqk8jxF9rh8ApRWfsIMQSt2uE4OcpQqbFu7f7NbTK05lx80nuSijCz7sc3a277R67g,Perjalan jadi semakin mudah,5,0,2.1.0,2024-09-04 08:50:21,,,2.1.0
3d1768bc-1982-412a-a706-27ccc0717912,Pengguna Google,https://play-lh.googleusercontent.com/EGemoI2NTXmTsBVtJqk8jxF9rh8ApRWfsIMQSt2uE4OcpQqbFu7f7NbTK05lx80nuSijCz7sc3a277R67g,"Bagus, semoga bisa makin bermanfaat ya buat pengguna",5,0,2.1.0,2024-09-04 08:48:40,,,2.1.0
b1b367a6-9dab-4c7a-aecf-02c6cfce8447,Pengguna Google,https://play-lh.googleusercontent.com/EGemoI2NTXmTsBVtJqk8jxF9rh8ApRWfsIMQSt2uE4OcpQqbFu7f7NbTK05lx80nuSijCz7sc3a277R67g,"keren banget aplikasinya, jadi memudahkan untuk naik tj",5,0,2.1.0,2024-09-04 08:48:29,,,2.1.0
40824629-9083-4dc3-84db-dffd637258ff,Pengguna Google,https://play-lh.googleusercontent.com/EGemoI2NTXmTsBVtJqk8jxF9rh8ApRWfsIMQSt2uE4OcpQqbFu7f7NbTK05lx80nuSijCz7sc3a277R67g,Sangat membantu sekali,5,0,2.1.0,2024-09-04 08:44:02,,,2.1.0
7b903dd1-4df9-4b16-9964-dc5f013948af,Pengguna Google,https://play-lh.googleusercontent.com/EGemoI2NTXmTsBVtJqk8jxF9rh8ApRWfsIMQSt2uE4OcpQqbFu7f7NbTK05lx80nuSijCz7sc3a277R67g,"Lagi bagi2 kartu gratis lumayan bangeeettt✨, sukss terus",5,0,2.1.0,2024-09-04 08:43:42,,,2.1.0
1a371054-771b-466f-9f84-0bc08c9db70f,Pengguna Google,https://play-lh.googleusercontent.com/EGemoI2NTXmTsBVtJqk8jxF9rh8ApRWfsIMQSt2uE4OcpQqbFu7f7NbTK05lx80nuSijCz7sc3a277R67g,"Terima kasih untuk bagi2 kartu gratis, lumyan ada saldo nya 15rb🙏😍",5,0,2.1.0,2024-09-04 08:43:21,,,2.1.0
fbcadf3b-eb19-495b-9597-aad60bd38757,Pengguna Google,https://play-lh.googleusercontent.com/EGemoI2NTXmTsBVtJqk8jxF9rh8ApRWfsIMQSt2uE4OcpQqbFu7f7NbTK05lx80nuSijCz7sc3a277R67g,Bagus bangettt,5,0,2.1.0,2024-09-04 08:42:47,,,2.1.0
fcb39be6-518f-4d9f-835e-7d340d664681,Pengguna Google,https://play-lh.googleusercontent.com/EGemoI2NTXmTsBVtJqk8jxF9rh8ApRWfsIMQSt2uE4OcpQqbFu7f7NbTK05lx80nuSijCz7sc3a277R67g,"Aplikasinya sangat membantu, sangat memudahkan bagi penguna mikro trans",5,0,2.1.0,2024-09-04 08:41:51,,,2.1.0
2f59869b-2835-4004-beec-2c343601e933,Pengguna Google,https://play-lh.googleusercontent.com/EGemoI2NTXmTsBVtJqk8jxF9rh8ApRWfsIMQSt2uE4OcpQqbFu7f7NbTK05lx80nuSijCz7sc3a277R67g,memudahkan masyarakat berpergian,5,0,2.1.0,2024-09-04 08:41:23,,,2.1.0
ea7ef598-ea40-4a02-a89b-bcaaf90b32c5,Pengguna Google,https://play-lh.googleusercontent.com/EGemoI2NTXmTsBVtJqk8jxF9rh8ApRWfsIMQSt2uE4OcpQqbFu7f7NbTK05lx80nuSijCz7sc3a277R67g,"Sejauh ini saya merasakan fasilitas dan kenyamanan yang baik, namun perlu adanya beberapa tambahan armada untuk beberapa rute",5,0,2.1.0,2024-09-04 08:40:37,,,2.1.0
833ef9a9-c62d-4fc3-b161-13cfe020c539,Pengguna Google,https://play-lh.googleusercontent.com/EGemoI2NTXmTsBVtJqk8jxF9rh8ApRWfsIMQSt2uE4OcpQqbFu7f7NbTK05lx80nuSijCz7sc3a277R67g,Ok,5,0,,2024-09-04 08:39:30,,,
dfc1ddb5-bb1e-414b-9f36-cb1f4d686ee2,Pengguna Google,https://play-lh.googleusercontent.com/EGemoI2NTXmTsBVtJqk8jxF9rh8ApRWfsIMQSt2uE4OcpQqbFu7f7NbTK05lx80nuSijCz7sc3a277R67g,"Perbanyak lagi armada yg sekira nya bnyk pelanggan tiap hari nya, aplikasinya mntp keren multifungsi dan bnyk infomasi yg bermanfaat, perbanyak lagi armada yg terdeteksi maps, kalau bisa seluruh armada",5,1,2.1.0,2024-09-04 08:38:08,,,2.1.0
f7412c05-0188-40f2-93df-2a7c3a55391c,Pengguna Google,https://play-lh.googleusercontent.com/EGemoI2NTXmTsBVtJqk8jxF9rh8ApRWfsIMQSt2uE4OcpQqbFu7f7NbTK05lx80nuSijCz7sc3a277R67g,"Aplikasinya bagus bisa melihat rute"" busway dan cocok untuk orang dari luar kota",5,0,2.1.0,2024-09-04 08:34:37,,,2.1.0
1fe12b7b-fb32-4c46-8261-c214ae4af506,Pengguna Google,https://play-lh.googleusercontent.com/EGemoI2NTXmTsBVtJqk8jxF9rh8ApRWfsIMQSt2uE4OcpQqbFu7f7NbTK05lx80nuSijCz7sc3a277R67g,Bagus,5,0,2.1.0,2024-09-04 08:34:26,,,2.1.0
105e0e40-87cb-40c1-a047-89ee6e331719,Pengguna Google,https://play-lh.googleusercontent.com/EGemoI2NTXmTsBVtJqk8jxF9rh8ApRWfsIMQSt2uE4OcpQqbFu7f7NbTK05lx80nuSijCz7sc3a277R67g,Pelayanan nya baguss bnget dan ramah,5,0,2.1.0,2024-09-04 08:34:15,,,2.1.0
59210616-6a74-4edb-a295-ee64ed0a3a55,Pengguna Google,https://play-lh.googleusercontent.com/EGemoI2NTXmTsBVtJqk8jxF9rh8ApRWfsIMQSt2uE4OcpQqbFu7f7NbTK05lx80nuSijCz7sc3a277R67g,Terimakasih sangat membantu masayarakat jakarta,5,0,2.1.0,2024-09-04 08:33:34,,,2.1.0
402521e9-8dae-4ec5-99f7-7c3a02fc9c17,Pengguna Google,https://play-lh.googleusercontent.com/EGemoI2NTXmTsBVtJqk8jxF9rh8ApRWfsIMQSt2uE4OcpQqbFu7f7NbTK05lx80nuSijCz7sc3a277R67g,Tambah di tingkatkan untuk ketepatan waktunya,5,0,2.1.0,2024-09-04 08:33:00,,,2.1.0
9f081670-c90f-47db-805a-954e72c31f39,Pengguna Google,https://play-lh.googleusercontent.com/EGemoI2NTXmTsBVtJqk8jxF9rh8ApRWfsIMQSt2uE4OcpQqbFu7f7NbTK05lx80nuSijCz7sc3a277R67g,bagus banget,5,0,2.1.0,2024-09-04 08:31:39,,,2.1.0
688718f1-2a49-44f5-b5b0-98faa5854a20,Pengguna Google,https://play-lh.googleusercontent.com/EGemoI2NTXmTsBVtJqk8jxF9rh8ApRWfsIMQSt2uE4OcpQqbFu7f7NbTK05lx80nuSijCz7sc3a277R67g,The best transportation,5,0,,2024-09-04 08:31:20,,,
6838d904-91e9-448c-a53b-b9a09210e36c,Pengguna Google,https://play-lh.googleusercontent.com/EGemoI2NTXmTsBVtJqk8jxF9rh8ApRWfsIMQSt2uE4OcpQqbFu7f7NbTK05lx80nuSijCz7sc3a277R67g,good,5,0,,2024-09-04 08:30:50,,,
0ea3cf9c-336d-452b-b80f-5576352490e1,Pengguna Google,https://play-lh.googleusercontent.com/EGemoI2NTXmTsBVtJqk8jxF9rh8ApRWfsIMQSt2uE4OcpQqbFu7f7NbTK05lx80nuSijCz7sc3a277R67g,Bagus banget pelayanan yach,5,0,2.1.0,2024-09-04 08:30:35,,,2.1.0
6a9e068b-38d5-4908-a583-7d7562d855c2,Pengguna Google,https://play-lh.googleusercontent.com/EGemoI2NTXmTsBVtJqk8jxF9rh8ApRWfsIMQSt2uE4OcpQqbFu7f7NbTK05lx80nuSijCz7sc3a277R67g,Sangat membantu para pekerja,5,0,2.1.0,2024-09-04 08:28:31,,,2.1.0
503d87ac-21b2-4884-a469-a426bb703fbd,Pengguna Google,https://play-lh.googleusercontent.com/EGemoI2NTXmTsBVtJqk8jxF9rh8ApRWfsIMQSt2uE4OcpQqbFu7f7NbTK05lx80nuSijCz7sc3a277R67g,"Aplikasinya bagus, enak mau liat rutenya gampang",5,0,2.1.0,2024-09-04 08:26:57,,,2.1.0
af47a552-f91c-4397-90ee-9716db5156ad,Pengguna Google,https://play-lh.googleusercontent.com/EGemoI2NTXmTsBVtJqk8jxF9rh8ApRWfsIMQSt2uE4OcpQqbFu7f7NbTK05lx80nuSijCz7sc3a277R67g,Terimakasih sangat membantu,5,0,2.1.0,2024-09-04 08:26:47,,,2.1.0
899d27cd-7f03-4504-bb86-1404b7141a21,Pengguna Google,https://play-lh.googleusercontent.com/EGemoI2NTXmTsBVtJqk8jxF9rh8ApRWfsIMQSt2uE4OcpQqbFu7f7NbTK05lx80nuSijCz7sc3a277R67g,Good luck,5,0,1.43.2608,2024-09-04 08:26:41,,,1.43.2608
032f1dc2-2f2a-47c5-b99a-273261ebc1d7,Pengguna Google,https://play-lh.googleusercontent.com/EGemoI2NTXmTsBVtJqk8jxF9rh8ApRWfsIMQSt2uE4OcpQqbFu7f7NbTK05lx80nuSijCz7sc3a277R67g,aplikasi nya bagus,5,0,2.1.0,2024-09-04 08:26:23,,,2.1.0
bdf6f932-5846-4081-8a88-103ecf05c4ab,Pengguna Google,https://play-lh.googleusercontent.com/EGemoI2NTXmTsBVtJqk8jxF9rh8ApRWfsIMQSt2uE4OcpQqbFu7f7NbTK05lx80nuSijCz7sc3a277R67g,Penggunan yang bagus untuk transportasi,5,0,2.1.0,2024-09-04 08:26:11,,,2.1.0
d0dabf09-390e-4fdd-aff0-69fc7a36f168,Pengguna Google,https://play-lh.googleusercontent.com/EGemoI2NTXmTsBVtJqk8jxF9rh8ApRWfsIMQSt2uE4OcpQqbFu7f7NbTK05lx80nuSijCz7sc3a277R67g,Semua fitur sudah cukup bagus,5,0,2.1.0,2024-09-04 08:26:08,,,2.1.0
56ab356d-1a5a-41c6-81de-a47e954fa8ab,Pengguna Google,https://play-lh.googleusercontent.com/EGemoI2NTXmTsBVtJqk8jxF9rh8ApRWfsIMQSt2uE4OcpQqbFu7f7NbTK05lx80nuSijCz7sc3a277R67g,aplikasi yang sangat memudahkan pelanggan,5,0,2.1.0,2024-09-04 08:26:07,,,2.1.0
1c8f9979-358d-4de3-89ff-775d388cac42,Pengguna Google,https://play-lh.googleusercontent.com/EGemoI2NTXmTsBVtJqk8jxF9rh8ApRWfsIMQSt2uE4OcpQqbFu7f7NbTK05lx80nuSijCz7sc3a277R67g,Terimakasih transjakarta🤗,5,0,2.1.0,2024-09-04 08:24:38,,,2.1.0
48b13ee6-6d03-47dc-af80-2ad1edf85120,Pengguna Google,https://play-lh.googleusercontent.com/EGemoI2NTXmTsBVtJqk8jxF9rh8ApRWfsIMQSt2uE4OcpQqbFu7f7NbTK05lx80nuSijCz7sc3a277R67g,"aplikasi yang sangat membantu, terutama saya yang setiap hari nya menggunakan jaklingko. karena aplikasi ini sangat membantu kita liat rute dan posisi jaklingko nya",5,1,2.1.0,2024-09-04 08:24:20,,,2.1.0
a22d4ffb-150e-407b-aede-e301cf599dd7,Pengguna Google,https://play-lh.googleusercontent.com/EGemoI2NTXmTsBVtJqk8jxF9rh8ApRWfsIMQSt2uE4OcpQqbFu7f7NbTK05lx80nuSijCz7sc3a277R67g,sangat menbantu,5,0,2.1.0,2024-09-04 08:24:14,,,2.1.0
434e59cf-27dd-4077-89d9-c8fea9dca4c1,Pengguna Google,https://play-lh.googleusercontent.com/EGemoI2NTXmTsBVtJqk8jxF9rh8ApRWfsIMQSt2uE4OcpQqbFu7f7NbTK05lx80nuSijCz7sc3a277R67g,"Bagus sekali untuk melihat jadwal kedatangan busway yang ingin kita naiki, jamnya akurat keren",5,0,2.1.0,2024-09-04 08:22:25,,,2.1.0
91d221e6-27ab-432a-84ba-12e858835ea6,Pengguna Google,https://play-lh.googleusercontent.com/EGemoI2NTXmTsBVtJqk8jxF9rh8ApRWfsIMQSt2uE4OcpQqbFu7f7NbTK05lx80nuSijCz7sc3a277R67g,semoga layanan Transjakarta semakin lebih menjangkau masyarakat luas lagi.,5,0,2.1.0,2024-09-04 08:21:47,,,2.1.0
09f5ec1f-55e5-435e-93a0-832634b12994,Pengguna Google,https://play-lh.googleusercontent.com/EGemoI2NTXmTsBVtJqk8jxF9rh8ApRWfsIMQSt2uE4OcpQqbFu7f7NbTK05lx80nuSijCz7sc3a277R67g,Mantap,5,0,2.1.0,2024-09-04 08:17:42,,,2.1.0
a0c31c98-9d92-46ca-a92d-8b1f8217f7f7,Pengguna Google,https://play-lh.googleusercontent.com/EGemoI2NTXmTsBVtJqk8jxF9rh8ApRWfsIMQSt2uE4OcpQqbFu7f7NbTK05lx80nuSijCz7sc3a277R67g,Selalu pakai dan bagus pelayanan nya,5,0,2.1.0,2024-09-04 08:15:39,,,2.1.0
1f098832-5956-4cd6-a632-84e38e00839a,Pengguna Google,https://play-lh.googleusercontent.com/EGemoI2NTXmTsBVtJqk8jxF9rh8ApRWfsIMQSt2uE4OcpQqbFu7f7NbTK05lx80nuSijCz7sc3a277R67g,Aplikasi nya sangat memudahkan pelanggan untuk melacak posisi bus,5,0,2.1.0,2024-09-04 08:14:40,,,2.1.0
8f201e96-257f-49af-bf00-b8edb9952ddc,Pengguna Google,https://play-lh.googleusercontent.com/EGemoI2NTXmTsBVtJqk8jxF9rh8ApRWfsIMQSt2uE4OcpQqbFu7f7NbTK05lx80nuSijCz7sc3a277R67g,"Aplikasi dan fitur-fitur nya sangat membantu untuk tracking Transjakarta, banyak info promo jugaa ‼️🤩",5,0,2.1.0,2024-09-04 08:14:20,,,2.1.0
370fd53c-3ac9-49d7-8f16-551e6eef88f0,Pengguna Google,https://play-lh.googleusercontent.com/EGemoI2NTXmTsBVtJqk8jxF9rh8ApRWfsIMQSt2uE4OcpQqbFu7f7NbTK05lx80nuSijCz7sc3a277R67g,Bagusss,5,0,2.1.0,2024-09-04 08:10:45,,,2.1.0
c0e4d63a-1466-40b0-a90c-ef9463957b0a,Pengguna Google,https://play-lh.googleusercontent.com/EGemoI2NTXmTsBVtJqk8jxF9rh8ApRWfsIMQSt2uE4OcpQqbFu7f7NbTK05lx80nuSijCz7sc3a277R67g,SEMPURNA BANGET,5,0,2.1.0,2024-09-04 08:06:42,,,2.1.0
1791584d-fa47-43d7-bd4b-21d1efd2bfab,Pengguna Google,https://play-lh.googleusercontent.com/EGemoI2NTXmTsBVtJqk8jxF9rh8ApRWfsIMQSt2uE4OcpQqbFu7f7NbTK05lx80nuSijCz7sc3a277R67g,kalau bisaa di perbanyak lagii tj ke arah kampung melayu nya,5,0,2.1.0,2024-09-04 08:04:15,,,2.1.0
bf438ecb-d080-4127-af1e-e742de5ceb5d,Pengguna Google,https://play-lh.googleusercontent.com/EGemoI2NTXmTsBVtJqk8jxF9rh8ApRWfsIMQSt2uE4OcpQqbFu7f7NbTK05lx80nuSijCz7sc3a277R67g,Apk ini sangat membantu,5,0,2.1.0,2024-09-04 08:03:38,,,2.1.0
46321567-6a51-4c6f-bde9-e309e0196aa5,Pengguna Google,https://play-lh.googleusercontent.com/EGemoI2NTXmTsBVtJqk8jxF9rh8ApRWfsIMQSt2uE4OcpQqbFu7f7NbTK05lx80nuSijCz7sc3a277R67g,Good,5,0,2.1.0,2024-09-04 08:03:24,,,2.1.0
9cf33a22-a66f-43de-a013-ccd62599174f,Pengguna Google,https://play-lh.googleusercontent.com/EGemoI2NTXmTsBVtJqk8jxF9rh8ApRWfsIMQSt2uE4OcpQqbFu7f7NbTK05lx80nuSijCz7sc3a277R67g,Sangat berguna,5,0,2.1.0,2024-09-04 08:02:45,,,2.1.0
e62fdffa-9195-4064-a8fa-2b229e2da730,Pengguna Google,https://play-lh.googleusercontent.com/EGemoI2NTXmTsBVtJqk8jxF9rh8ApRWfsIMQSt2uE4OcpQqbFu7f7NbTK05lx80nuSijCz7sc3a277R67g,Ok saya penguna,5,0,1.40,2024-09-04 08:01:45,,,1.40
b89c3d7b-f7f9-4af8-8509-920cc5aae221,Pengguna Google,https://play-lh.googleusercontent.com/EGemoI2NTXmTsBVtJqk8jxF9rh8ApRWfsIMQSt2uE4OcpQqbFu7f7NbTK05lx80nuSijCz7sc3a277R67g,Perjalanan yg menyenangkan dengan Transjakarta🤗🤗,5,0,,2024-09-04 08:01:28,,,
5e2c4207-4d15-409c-8e66-e1e678ef9acc,Pengguna Google,https://play-lh.googleusercontent.com/EGemoI2NTXmTsBVtJqk8jxF9rh8ApRWfsIMQSt2uE4OcpQqbFu7f7NbTK05lx80nuSijCz7sc3a277R67g,Terimakasih mas pelayanan nya ramah,5,0,2.1.0,2024-09-04 07:59:29,,,2.1.0
f3ed91b5-37d8-4efe-b61e-884ad61717c2,Pengguna Google,https://play-lh.googleusercontent.com/EGemoI2NTXmTsBVtJqk8jxF9rh8ApRWfsIMQSt2uE4OcpQqbFu7f7NbTK05lx80nuSijCz7sc3a277R67g,aplikasi sangat membantu,5,0,,2024-09-04 07:58:39,,,
3067e043-3716-41ec-98f0-1e4bdd474ad9,Pengguna Google,https://play-lh.googleusercontent.com/EGemoI2NTXmTsBVtJqk8jxF9rh8ApRWfsIMQSt2uE4OcpQqbFu7f7NbTK05lx80nuSijCz7sc3a277R67g,Memudahkan menggunakan transjakarta,5,0,,2024-09-04 07:58:28,,,
51d73175-f62d-48ad-ad28-d0508525f2a5,Pengguna Google,https://play-lh.googleusercontent.com/EGemoI2NTXmTsBVtJqk8jxF9rh8ApRWfsIMQSt2uE4OcpQqbFu7f7NbTK05lx80nuSijCz7sc3a277R67g,Aplikasi bagus! Bisa tracking jaklingko lagi,5,0,2.1.0,2024-09-04 07:58:14,,,2.1.0
67426380-1f61-4edc-aa82-b5e1c7d84dee,Pengguna Google,https://play-lh.googleusercontent.com/EGemoI2NTXmTsBVtJqk8jxF9rh8ApRWfsIMQSt2uE4OcpQqbFu7f7NbTK05lx80nuSijCz7sc3a277R67g,Aplikasi ini sangat membantu saya dalam menggunakan Transjakarta,5,0,2.1.0,2024-09-04 07:56:54,,,2.1.0
2997f397-b03c-489e-b5fa-ea6e8c578598,Pengguna Google,https://play-lh.googleusercontent.com/EGemoI2NTXmTsBVtJqk8jxF9rh8ApRWfsIMQSt2uE4OcpQqbFu7f7NbTK05lx80nuSijCz7sc3a277R67g,Aplikasinya sangat berguna sekali. Terima kasih TJ,5,0,2.1.0,2024-09-04 07:56:11,,,2.1.0
6cc66f59-7fb9-406f-8858-9ec0d8993549,Pengguna Google,https://play-lh.googleusercontent.com/EGemoI2NTXmTsBVtJqk8jxF9rh8ApRWfsIMQSt2uE4OcpQqbFu7f7NbTK05lx80nuSijCz7sc3a277R67g,Makasih TJ aplikasi sangat bermanfaat,5,0,2.1.0,2024-09-04 07:53:02,,,2.1.0
1ae01645-d064-4749-86c5-05ba46efd5f8,Pengguna Google,https://play-lh.googleusercontent.com/EGemoI2NTXmTsBVtJqk8jxF9rh8ApRWfsIMQSt2uE4OcpQqbFu7f7NbTK05lx80nuSijCz7sc3a277R67g,Ok,5,0,2.1.0,2024-09-04 07:52:22,,,2.1.0
00cbfcbc-e0bd-4b20-ba56-e7326608492e,Pengguna Google,https://play-lh.googleusercontent.com/EGemoI2NTXmTsBVtJqk8jxF9rh8ApRWfsIMQSt2uE4OcpQqbFu7f7NbTK05lx80nuSijCz7sc3a277R67g,"Pelayanannya cepat, dan bersih serta nyaman",5,0,2.1.0,2024-09-04 07:49:46,,,2.1.0
2bc8c07f-a980-485e-9f32-5bd861f268e6,Pengguna Google,https://play-lh.googleusercontent.com/EGemoI2NTXmTsBVtJqk8jxF9rh8ApRWfsIMQSt2uE4OcpQqbFu7f7NbTK05lx80nuSijCz7sc3a277R67g,Sy sangat senang dengan pelayan saat ini sangat the best,5,0,,2024-09-04 07:48:16,,,
5f9043b2-db42-4ec5-b05c-6c7ba2a4a284,Pengguna Google,https://play-lh.googleusercontent.com/EGemoI2NTXmTsBVtJqk8jxF9rh8ApRWfsIMQSt2uE4OcpQqbFu7f7NbTK05lx80nuSijCz7sc3a277R67g,"aplikasi nya sangat membantuuu, keren Transjakarta🥰🥰",5,0,2.1.0,2024-09-04 07:47:28,,,2.1.0
1da7dbc8-1b78-419f-aa26-d1493cc5f232,Pengguna Google,https://play-lh.googleusercontent.com/EGemoI2NTXmTsBVtJqk8jxF9rh8ApRWfsIMQSt2uE4OcpQqbFu7f7NbTK05lx80nuSijCz7sc3a277R67g,Pelayanan lebih baik lagi,5,0,2.1.0,2024-09-04 07:47:19,,,2.1.0
9edcf3fa-e5e1-48d2-9c99-0a4b1346c4ca,Pengguna Google,https://play-lh.googleusercontent.com/EGemoI2NTXmTsBVtJqk8jxF9rh8ApRWfsIMQSt2uE4OcpQqbFu7f7NbTK05lx80nuSijCz7sc3a277R67g,aplikasinya bagusssss,5,0,,2024-09-04 07:45:32,,,
a7c65234-f868-4170-b335-0e0368f40ad1,Pengguna Google,https://play-lh.googleusercontent.com/EGemoI2NTXmTsBVtJqk8jxF9rh8ApRWfsIMQSt2uE4OcpQqbFu7f7NbTK05lx80nuSijCz7sc3a277R67g,"Pelayanan, kenyamanan dan ketepatan waktu perjalanan cukup bagus",5,0,2.1.0,2024-09-04 07:45:10,,,2.1.0
5564a90b-c690-44be-bda4-c684cccb1f75,Pengguna Google,https://play-lh.googleusercontent.com/EGemoI2NTXmTsBVtJqk8jxF9rh8ApRWfsIMQSt2uE4OcpQqbFu7f7NbTK05lx80nuSijCz7sc3a277R67g,Okee mantap jaya selalu,5,0,2.1.0,2024-09-04 07:44:00,,,2.1.0
94aded74-dc49-42a4-87d1-2d8982e4dab3,Pengguna Google,https://play-lh.googleusercontent.com/EGemoI2NTXmTsBVtJqk8jxF9rh8ApRWfsIMQSt2uE4OcpQqbFu7f7NbTK05lx80nuSijCz7sc3a277R67g,Untuk update kedatangan bus ke halte lebih akurat lagi utk no body bus nya dan juga untuk barcode nya agar mudah di scan saat di gate.,5,1,1.43.2608,2024-09-04 07:41:10,,,1.43.2608
ef1cbb3a-7686-473d-a287-8d27ad615330,Pengguna Google,https://play-lh.googleusercontent.com/EGemoI2NTXmTsBVtJqk8jxF9rh8ApRWfsIMQSt2uE4OcpQqbFu7f7NbTK05lx80nuSijCz7sc3a277R67g,Aplikasi baru tj kreen habis banget,5,0,,2024-09-04 07:41:06,,,
8b2bd5b2-9ba2-40ec-ab0f-05d5cd95e480,Pengguna Google,https://play-lh.googleusercontent.com/EGemoI2NTXmTsBVtJqk8jxF9rh8ApRWfsIMQSt2uE4OcpQqbFu7f7NbTK05lx80nuSijCz7sc3a277R67g,aplikasi nya bagus,5,0,2.1.0,2024-09-04 07:39:53,,,2.1.0
f971003b-cb45-4ed3-8210-d3f9771e5e6d,Pengguna Google,https://play-lh.googleusercontent.com/EGemoI2NTXmTsBVtJqk8jxF9rh8ApRWfsIMQSt2uE4OcpQqbFu7f7NbTK05lx80nuSijCz7sc3a277R67g,"Aplikasi nya sangat membantu untuk anak sekolah yg sering jalan"" ke Jakarta",5,0,2.1.0,2024-09-04 07:39:14,,,2.1.0
bfd3fcb4-3314-4a63-ad5e-7baa7b8ab018,Pengguna Google,https://play-lh.googleusercontent.com/EGemoI2NTXmTsBVtJqk8jxF9rh8ApRWfsIMQSt2uE4OcpQqbFu7f7NbTK05lx80nuSijCz7sc3a277R67g,Semoga memberikan kontribusi yang sangat baik,5,0,2.1.0,2024-09-04 07:38:20,,,2.1.0
53225eba-95d0-4666-8af6-da6c8112f85f,Pengguna Google,https://play-lh.googleusercontent.com/EGemoI2NTXmTsBVtJqk8jxF9rh8ApRWfsIMQSt2uE4OcpQqbFu7f7NbTK05lx80nuSijCz7sc3a277R67g,aplikasinya bagus memudahkan untuk ngelacak tj,5,0,2.1.0,2024-09-04 07:38:10,,,2.1.0
22fe8d82-72bf-4e42-b0ba-9cebee8028a0,Pengguna Google,https://play-lh.googleusercontent.com/EGemoI2NTXmTsBVtJqk8jxF9rh8ApRWfsIMQSt2uE4OcpQqbFu7f7NbTK05lx80nuSijCz7sc3a277R67g,TJ sangat membantu pulang pergi kantor... smoga selalu tepat waktu & diperbanyak unitnya,5,0,2.1.0,2024-09-04 07:36:16,,,2.1.0
403cd1e0-1b1a-41f2-bbc9-c0f0f6fe3168,Pengguna Google,https://play-lh.googleusercontent.com/EGemoI2NTXmTsBVtJqk8jxF9rh8ApRWfsIMQSt2uE4OcpQqbFu7f7NbTK05lx80nuSijCz7sc3a277R67g,sangat membantu perjalan saya,5,0,2.1.0,2024-09-04 07:32:44,,,2.1.0
e8f991d2-3df0-4217-afa0-0964ce5807ee,Pengguna Google,https://play-lh.googleusercontent.com/EGemoI2NTXmTsBVtJqk8jxF9rh8ApRWfsIMQSt2uE4OcpQqbFu7f7NbTK05lx80nuSijCz7sc3a277R67g,aplikasi yg bagus sangat membantu sekali,5,0,2.1.0,2024-09-04 07:32:22,,,2.1.0
52abf672-1faf-4e57-8527-3e1d82673539,Pengguna Google,https://play-lh.googleusercontent.com/EGemoI2NTXmTsBVtJqk8jxF9rh8ApRWfsIMQSt2uE4OcpQqbFu7f7NbTK05lx80nuSijCz7sc3a277R67g,Informasi cukup menarik,5,0,2.1.0,2024-09-04 07:31:40,,,2.1.0
6c072411-7f0b-4142-b633-08a84d4e3ed3,Pengguna Google,https://play-lh.googleusercontent.com/EGemoI2NTXmTsBVtJqk8jxF9rh8ApRWfsIMQSt2uE4OcpQqbFu7f7NbTK05lx80nuSijCz7sc3a277R67g,Pelayanan yang sangat memuaskan,5,0,2.1.0,2024-09-04 07:30:41,,,2.1.0
ad3ccc65-4a2b-4e43-8d6e-63b120d78d3e,Pengguna Google,https://play-lh.googleusercontent.com/EGemoI2NTXmTsBVtJqk8jxF9rh8ApRWfsIMQSt2uE4OcpQqbFu7f7NbTK05lx80nuSijCz7sc3a277R67g,Pertahankan untuk fasilitas yang sudah bagus,5,0,2.1.0,2024-09-04 07:27:15,,,2.1.0
afbf1354-ae4f-4090-9b52-a005214a0445,Pengguna Google,https://play-lh.googleusercontent.com/EGemoI2NTXmTsBVtJqk8jxF9rh8ApRWfsIMQSt2uE4OcpQqbFu7f7NbTK05lx80nuSijCz7sc3a277R67g,Tj mantaps. Maju terus inovasinya,5,0,2.1.0,2024-09-04 07:26:06,,,2.1.0
3e13d36f-42fb-4a67-ab9a-028210d5cf32,Pengguna Google,https://play-lh.googleusercontent.com/EGemoI2NTXmTsBVtJqk8jxF9rh8ApRWfsIMQSt2uE4OcpQqbFu7f7NbTK05lx80nuSijCz7sc3a277R67g,Keren banget aplikasi nya bagus sangat membantu sekali,5,0,2.1.0,2024-09-04 07:24:34,,,2.1.0
d409363c-2f60-4bf4-af58-7800eaefadc6,Pengguna Google,https://play-lh.googleusercontent.com/EGemoI2NTXmTsBVtJqk8jxF9rh8ApRWfsIMQSt2uE4OcpQqbFu7f7NbTK05lx80nuSijCz7sc3a277R67g,Keep improving TIJE,5,0,,2024-09-04 07:23:17,,,
5a982fe6-0ddc-426d-921e-1393b0094142,Pengguna Google,https://play-lh.googleusercontent.com/EGemoI2NTXmTsBVtJqk8jxF9rh8ApRWfsIMQSt2uE4OcpQqbFu7f7NbTK05lx80nuSijCz7sc3a277R67g,Jadii lebih praktis,5,0,2.1.0,2024-09-04 07:23:04,,,2.1.0
d1b8cfdd-80e2-49f5-b282-7befceeaaa1a,Pengguna Google,https://play-lh.googleusercontent.com/EGemoI2NTXmTsBVtJqk8jxF9rh8ApRWfsIMQSt2uE4OcpQqbFu7f7NbTK05lx80nuSijCz7sc3a277R67g,Semoga dapet membantu pengguna transjakarta,5,0,2.1.0,2024-09-04 07:22:52,,,2.1.0
9c65115f-43c4-4ba2-a301-f4058a5df3f4,Pengguna Google,https://play-lh.googleusercontent.com/EGemoI2NTXmTsBVtJqk8jxF9rh8ApRWfsIMQSt2uE4OcpQqbFu7f7NbTK05lx80nuSijCz7sc3a277R67g,Transportasi yg murah dan aman,5,0,2.1.0,2024-09-04 07:19:00,,,2.1.0
702a362a-496f-4892-a022-ec21c7fb9c60,Pengguna Google,https://play-lh.googleusercontent.com/EGemoI2NTXmTsBVtJqk8jxF9rh8ApRWfsIMQSt2uE4OcpQqbFu7f7NbTK05lx80nuSijCz7sc3a277R67g,"Transjakarta sudah ok, semakin di perbaiki untuk fasilitas dan perkembangan halte dan bus yang tersedia",5,0,2.1.0,2024-09-04 07:16:37,,,2.1.0
6495474c-ac1f-4704-a5aa-beae71db29c2,Pengguna Google,https://play-lh.googleusercontent.com/EGemoI2NTXmTsBVtJqk8jxF9rh8ApRWfsIMQSt2uE4OcpQqbFu7f7NbTK05lx80nuSijCz7sc3a277R67g,Thank you,5,0,2.1.0,2024-09-04 07:14:37,,,2.1.0
ea37193b-c9e0-4825-8698-de66294bb669,Pengguna Google,https://play-lh.googleusercontent.com/EGemoI2NTXmTsBVtJqk8jxF9rh8ApRWfsIMQSt2uE4OcpQqbFu7f7NbTK05lx80nuSijCz7sc3a277R67g,Bagus,5,0,,2024-09-04 07:12:34,,,
e424a549-0efa-41c3-b7e0-6bb832f627f7,Pengguna Google,https://play-lh.googleusercontent.com/EGemoI2NTXmTsBVtJqk8jxF9rh8ApRWfsIMQSt2uE4OcpQqbFu7f7NbTK05lx80nuSijCz7sc3a277R67g,Semoga Transjakarta tetap memudahkan masyarakat utk bertransportasi dengan aman dan nyaman..,5,0,2.1.0,2024-09-04 07:11:26,,,2.1.0
f0edc320-3be8-46df-a2f7-1b92922d98e1,Pengguna Google,https://play-lh.googleusercontent.com/EGemoI2NTXmTsBVtJqk8jxF9rh8ApRWfsIMQSt2uE4OcpQqbFu7f7NbTK05lx80nuSijCz7sc3a277R67g,Lumayan bagus sebagai panduan untuk bepergian,5,0,2.1.0,2024-09-04 05:15:12,,,2.1.0
0a591e49-3544-40ff-a294-a773dbd36a0f,Pengguna Google,https://play-lh.googleusercontent.com/EGemoI2NTXmTsBVtJqk8jxF9rh8ApRWfsIMQSt2uE4OcpQqbFu7f7NbTK05lx80nuSijCz7sc3a277R67g,Mantap,5,0,1.43.2608,2024-09-04 03:59:40,,,1.43.2608
8c588e30-934e-45e0-adef-2750152d3e9b,Pengguna Google,https://play-lh.googleusercontent.com/EGemoI2NTXmTsBVtJqk8jxF9rh8ApRWfsIMQSt2uE4OcpQqbFu7f7NbTK05lx80nuSijCz7sc3a277R67g,"tracking busway jadi gampang karena pake apk ini, walaupun masih ada kekurangan seperti tracking yang kurang akurat dan apk yang agak lemot. Tapi semoga kedepannya bisa lebih baik lagi!!!",5,1,1.43.2608,2024-09-03 19:00:21,,,1.43.2608
55bea04e-50b0-433c-8251-c70e6dc762e9,Pengguna Google,https://play-lh.googleusercontent.com/EGemoI2NTXmTsBVtJqk8jxF9rh8ApRWfsIMQSt2uE4OcpQqbFu7f7NbTK05lx80nuSijCz7sc3a277R67g,"Kalo beli tiket yg jam 06.00 sd jam 07.00 pas mau tap out di jam yg sdh lewat dr jam tsb, e ticket expired jd tdk bs tap out, jd hrs panggil petugas dl",2,0,1.43.2608,2024-09-03 11:42:37,,,1.43.2608
5f7e540c-b3fe-4b33-9d57-f8fcb564843d,Pengguna Google,https://play-lh.googleusercontent.com/EGemoI2NTXmTsBVtJqk8jxF9rh8ApRWfsIMQSt2uE4OcpQqbFu7f7NbTK05lx80nuSijCz7sc3a277R67g,Secara keseluruhan sudah baik ya .. untuk pembelian tiketnya semoga tidak sering Gagal / error ..,5,0,1.43.2608,2024-09-03 09:34:54,,,1.43.2608
1fb6bfac-03a4-4a71-a65a-3c76b2995d4a,Pengguna Google,https://play-lh.googleusercontent.com/EGemoI2NTXmTsBVtJqk8jxF9rh8ApRWfsIMQSt2uE4OcpQqbFu7f7NbTK05lx80nuSijCz7sc3a277R67g,Bagus aplikasinya euy,5,0,1.43.2608,2024-09-02 10:35:27,,,1.43.2608
96b7e1d4-070f-43a0-9320-0f9ea8d5e1c6,Pengguna Google,https://play-lh.googleusercontent.com/EGemoI2NTXmTsBVtJqk8jxF9rh8ApRWfsIMQSt2uE4OcpQqbFu7f7NbTK05lx80nuSijCz7sc3a277R67g,"Tolong tambahiin menu pembayaran dgn uang elektronik lain seperti gopay, ovo, shopeepay, dll dan qriss nya",2,0,,2024-09-02 08:46:22,,,
e28add1a-6e1a-416c-ae0c-71c042379eb1,Pengguna Google,https://play-lh.googleusercontent.com/EGemoI2NTXmTsBVtJqk8jxF9rh8ApRWfsIMQSt2uE4OcpQqbFu7f7NbTK05lx80nuSijCz7sc3a277R67g,Bus k12 kebersihan tidak terjaga saya baru saja naik bangkunya kena rembesan AC celana saya jadi basa kaya habis pup,1,2,1.43.2608,2024-09-02 06:12:54,,,1.43.2608
2c2b579c-49f2-4d06-90b5-8fa3150525ef,Pengguna Google,https://play-lh.googleusercontent.com/EGemoI2NTXmTsBVtJqk8jxF9rh8ApRWfsIMQSt2uE4OcpQqbFu7f7NbTK05lx80nuSijCz7sc3a277R67g,Lemot,1,1,1.43.2608,2024-09-01 15:54:05,,,1.43.2608
1dd86e35-14e0-46a3-8d38-3bcc455fe322,Pengguna Google,https://play-lh.googleusercontent.com/EGemoI2NTXmTsBVtJqk8jxF9rh8ApRWfsIMQSt2uE4OcpQqbFu7f7NbTK05lx80nuSijCz7sc3a277R67g,Agak ribet ya kalau mau tap out-nya,1,1,1.43.2608,2024-09-01 10:32:36,,,1.43.2608
6e639582-4996-4a5a-9926-71869f288aa9,Pengguna Google,https://play-lh.googleusercontent.com/EGemoI2NTXmTsBVtJqk8jxF9rh8ApRWfsIMQSt2uE4OcpQqbFu7f7NbTK05lx80nuSijCz7sc3a277R67g,"banyak halte yang tidak bisa scan tiket, alat scannya perlu diganti",1,1,1.43.2608,2024-08-30 20:33:00,,,1.43.2608
f559ed18-a62f-48cc-8993-29048277a303,Pengguna Google,https://play-lh.googleusercontent.com/EGemoI2NTXmTsBVtJqk8jxF9rh8ApRWfsIMQSt2uE4OcpQqbFu7f7NbTK05lx80nuSijCz7sc3a277R67g,"Mohon diperbaiki, liat tiket pas mau keluar eh gk kebuka buka tuh tiket. Padahal buka aplikasi lain lancar banget. Gamungkin karna sinyal",2,0,,2024-08-30 07:15:31,,,
07c1be5f-4b81-47b4-8bc9-e6e840c85f4f,Pengguna Google,https://play-lh.googleusercontent.com/EGemoI2NTXmTsBVtJqk8jxF9rh8ApRWfsIMQSt2uE4OcpQqbFu7f7NbTK05lx80nuSijCz7sc3a277R67g,"Masih perlu banyak peningkatan, peta yg loading ny lama dan gak bisa zoom out, posisi bus suka muncul hilang dan gak akurat, app kurang enak tampilannya. Kelebihan dari app yg lama cuma bisa lihat posisi bus real time tanpa perlu pilih rute ny. Tapi tetap trafi yg terbaik 🤪",2,44,1.40,2024-08-29 17:30:57,,,1.40
fa413916-b3ab-4729-bd36-540692c13ce7,Pengguna Google,https://play-lh.googleusercontent.com/EGemoI2NTXmTsBVtJqk8jxF9rh8ApRWfsIMQSt2uE4OcpQqbFu7f7NbTK05lx80nuSijCz7sc3a277R67g,Semenjak ada apps tj versi terbaru ini memudahkan saya untuk berpergian dengan tj. Di apps ini juga bisa pantau busnya udah sampe mana beserta kode busnya. Harapannya semoga makin di tingkatkan lagi appsnya.,5,1,1.43.2608,2024-08-29 16:25:53,,,1.43.2608
5636044d-1a86-47cd-b172-23b6cb2180f0,Pengguna Google,https://play-lh.googleusercontent.com/EGemoI2NTXmTsBVtJqk8jxF9rh8ApRWfsIMQSt2uE4OcpQqbFu7f7NbTK05lx80nuSijCz7sc3a277R67g,Halte Jln Letjen Suprato Kantor BPJS PUSAT,5,0,1.40,2024-08-29 03:09:21,,,1.40
018ec31f-d328-4b7a-af23-a60609024114,Pengguna Google,https://play-lh.googleusercontent.com/EGemoI2NTXmTsBVtJqk8jxF9rh8ApRWfsIMQSt2uE4OcpQqbFu7f7NbTK05lx80nuSijCz7sc3a277R67g,Sering make aplikasi ini tapi ga suka aja kalau setiap habis di update mau pesan tiket gabisa,3,0,1.43.2608,2024-08-27 14:01:26,,,1.43.2608
e6780f4b-f171-4710-94e2-0aa798b879f7,Pengguna Google,https://play-lh.googleusercontent.com/EGemoI2NTXmTsBVtJqk8jxF9rh8ApRWfsIMQSt2uE4OcpQqbFu7f7NbTK05lx80nuSijCz7sc3a277R67g,Oke bangat,5,0,1.40,2024-08-27 11:17:58,,,1.40
45e6e5dc-a5a2-4f63-b560-589b927265cf,Pengguna Google,https://play-lh.googleusercontent.com/EGemoI2NTXmTsBVtJqk8jxF9rh8ApRWfsIMQSt2uE4OcpQqbFu7f7NbTK05lx80nuSijCz7sc3a277R67g,Pergerakan transj kurang akurat kadang hilang,3,0,1.43.2608,2024-08-27 06:31:59,,,1.43.2608
ad3d1fda-f5f9-4bd9-9793-6371c131fbd8,Pengguna Google,https://play-lh.googleusercontent.com/EGemoI2NTXmTsBVtJqk8jxF9rh8ApRWfsIMQSt2uE4OcpQqbFu7f7NbTK05lx80nuSijCz7sc3a277R67g,Aplikasi Terlalu berat...Kalo bisa TransportasiNya jaklingko sampai jam 12 malam.gk jls gpsnya dimapnya angkotnya ada tp setelah tunggu gk...gps jak lingkonya pk tuyul,1,1,1.40,2024-08-26 22:03:31,,,1.40
990a2c30-1ff8-4064-a3e5-bd0b8c6f5119,Pengguna Google,https://play-lh.googleusercontent.com/EGemoI2NTXmTsBVtJqk8jxF9rh8ApRWfsIMQSt2uE4OcpQqbFu7f7NbTK05lx80nuSijCz7sc3a277R67g,"Sampah banget aplikasi nya, orng programming tolol.. Error muluuu, ga bisa mengganti nmor HP",2,0,1.40,2024-08-26 09:46:04,,,1.40
59b195ed-2be5-47a4-a965-7f821d079c15,Pengguna Google,https://play-lh.googleusercontent.com/EGemoI2NTXmTsBVtJqk8jxF9rh8ApRWfsIMQSt2uE4OcpQqbFu7f7NbTK05lx80nuSijCz7sc3a277R67g,Aplikasinya belum siap Huuffttt,1,1,1.40,2024-08-25 08:30:50,,,1.40
99fc4e0e-3299-4ec0-a410-34c9291252f0,Pengguna Google,https://play-lh.googleusercontent.com/EGemoI2NTXmTsBVtJqk8jxF9rh8ApRWfsIMQSt2uE4OcpQqbFu7f7NbTK05lx80nuSijCz7sc3a277R67g,"Aplikasi nya buruk,,tdk bisa di gunakan Tlg sistemnya di perbaiki supaya bagus",1,2,1.40,2024-08-24 20:13:00,,,1.40
b29b7c03-bb49-4bbf-868b-906454a76284,Pengguna Google,https://play-lh.googleusercontent.com/EGemoI2NTXmTsBVtJqk8jxF9rh8ApRWfsIMQSt2uE4OcpQqbFu7f7NbTK05lx80nuSijCz7sc3a277R67g,Appsnya bagus berjalan dengan baik & ada track smua bus & tampilan rute TJ Sayang saya fitur Tujuan dari dan kemananya tidak bisa bekerja jadi harus cari manual rute TJ mana ke tempat yang mau saya tuju,3,0,1.40,2024-08-24 14:51:34,,,1.40
967aaf78-4a87-407e-9476-cbe3c31ef7a3,Pengguna Google,https://play-lh.googleusercontent.com/EGemoI2NTXmTsBVtJqk8jxF9rh8ApRWfsIMQSt2uE4OcpQqbFu7f7NbTK05lx80nuSijCz7sc3a277R67g,Lancarkan tap in dan tap out barcode astrapay & tingkatkan pelayanannya,5,0,1.40,2024-08-23 23:58:37,,,1.40
64024994-2f2b-404d-9115-e4482fc0ab02,Pengguna Google,https://play-lh.googleusercontent.com/EGemoI2NTXmTsBVtJqk8jxF9rh8ApRWfsIMQSt2uE4OcpQqbFu7f7NbTK05lx80nuSijCz7sc3a277R67g,Pengen cari rute lama banget loadingnya tolong diperbaiki🙏🙏🙏,3,0,1.40,2024-08-22 18:32:25,,,1.40
d5ab0971-b374-4218-bf4c-086eb014ca62,Pengguna Google,https://play-lh.googleusercontent.com/EGemoI2NTXmTsBVtJqk8jxF9rh8ApRWfsIMQSt2uE4OcpQqbFu7f7NbTK05lx80nuSijCz7sc3a277R67g,Zosss,5,0,1.33,2024-08-22 10:46:53,,,1.33
456d4e83-9e6f-40d9-8ed3-fd0905a5dbaa,Pengguna Google,https://play-lh.googleusercontent.com/EGemoI2NTXmTsBVtJqk8jxF9rh8ApRWfsIMQSt2uE4OcpQqbFu7f7NbTK05lx80nuSijCz7sc3a277R67g,"Ngeselin, masukin nomer astrapay aja ga bisa bisa , Yaallah 👎",1,2,1.40,2024-08-22 09:08:57,,,1.40
8999da53-86e8-4345-9867-df0c347981e8,Pengguna Google,https://play-lh.googleusercontent.com/EGemoI2NTXmTsBVtJqk8jxF9rh8ApRWfsIMQSt2uE4OcpQqbFu7f7NbTK05lx80nuSijCz7sc3a277R67g,sangat mempermudah mengetahui lokasi bus saat ini,5,0,1.40,2024-08-21 02:41:42,,,1.40
553274f3-b624-45ca-9c36-3e0946a8eb3b,Pengguna Google,https://play-lh.googleusercontent.com/EGemoI2NTXmTsBVtJqk8jxF9rh8ApRWfsIMQSt2uE4OcpQqbFu7f7NbTK05lx80nuSijCz7sc3a277R67g,Emang boleh seakurat itu mantap Transjakarta,5,0,1.40,2024-08-20 21:04:21,,,1.40
27fe3704-2b0e-4bd6-9103-c42b3e7129fd,Pengguna Google,https://play-lh.googleusercontent.com/EGemoI2NTXmTsBVtJqk8jxF9rh8ApRWfsIMQSt2uE4OcpQqbFu7f7NbTK05lx80nuSijCz7sc3a277R67g,"Beli tiket trans jakarta online via astra pay, saldo sdh terpotong tp tiket gak ada alias gak kebeli. Lihat dilaman pembelian tiket, gak ada. Sdh di uninstall, trus diinstal ualng lagi tetep aja tiketnya gak ada. Kemana larinya itu uang pembelian tiket???? Hah!",1,2,1.40,2024-08-20 18:23:10,,,1.40
b918626c-da1c-4ff5-b58f-394da526f5b0,Pengguna Google,https://play-lh.googleusercontent.com/EGemoI2NTXmTsBVtJqk8jxF9rh8ApRWfsIMQSt2uE4OcpQqbFu7f7NbTK05lx80nuSijCz7sc3a277R67g,"Mantap, aplikasi yg baru ini sudah bisa traking seluruh armada Transjakarta dan Mikrotrans realtime, walaupun terkadang masih ada beberapa yg kurang pas posisi nya karna GPS setiap kendaraan memiliki kemampuan berbeda. Tapi sudah cukup untuk saat ini. Mungkin kedepan bisa bekerja sama dengan aplikator pendukung pembayaran lain nya dan bank sehingga banyak pilihan metode pembayaran nya.",5,13,1.40,2024-08-20 07:41:03,,,1.40
68c01e55-7292-4442-9195-4a4b4d1d612b,Pengguna Google,https://play-lh.googleusercontent.com/EGemoI2NTXmTsBVtJqk8jxF9rh8ApRWfsIMQSt2uE4OcpQqbFu7f7NbTK05lx80nuSijCz7sc3a277R67g,"Aplikasi eror terus, udah beli tiket Ampe 3x tapi ga muncul, tapi saldo astrapay terpotong, kadang juga fitur beli tiket tiba tiba hilang, atau juga fitur lihat tiket saya tidak dapat atau sulit di akses... Parah aplikasi, sekelas transportasi gede gini tapi buat aplikasi aja masih amatiran ..",1,9,1.40,2024-08-19 06:14:58,,,1.40
04c4a011-d5f7-4166-9dae-201998ba5a46,Pengguna Google,https://play-lh.googleusercontent.com/EGemoI2NTXmTsBVtJqk8jxF9rh8ApRWfsIMQSt2uE4OcpQqbFu7f7NbTK05lx80nuSijCz7sc3a277R67g,aplikasi nya sangat bagus dan sangat membantu,5,0,1.40,2024-08-18 18:38:10,,,1.40
8e4390c2-2430-41a1-8686-4b74627d3d7e,Pengguna Google,https://play-lh.googleusercontent.com/EGemoI2NTXmTsBVtJqk8jxF9rh8ApRWfsIMQSt2uE4OcpQqbFu7f7NbTK05lx80nuSijCz7sc3a277R67g,Aplikasi yang membantu,5,0,1.40,2024-08-18 18:38:04,,,1.40
eb4b7ac8-4eae-4832-b876-7bda38d62b43,Pengguna Google,https://play-lh.googleusercontent.com/EGemoI2NTXmTsBVtJqk8jxF9rh8ApRWfsIMQSt2uE4OcpQqbFu7f7NbTK05lx80nuSijCz7sc3a277R67g,Akhirnya ada juga aplikasi yg bisa lebih akurat liat bus nya sampe mana.. Kaya aplikasi dulu tapi btw ini masih bingung di titik haltenya kalo dulu enak ada jalur gitu jadi tau posisi bus nya udah sampe halte apa.. Di tingkatkan lagi ya,5,0,,2024-08-16 22:04:06,,,
84585f20-c590-4544-a8e1-87e1198015ec,Pengguna Google,https://play-lh.googleusercontent.com/EGemoI2NTXmTsBVtJqk8jxF9rh8ApRWfsIMQSt2uE4OcpQqbFu7f7NbTK05lx80nuSijCz7sc3a277R67g,Bus terdeteksi hanya 1 arah,5,0,1.40,2024-08-16 06:21:03,,,1.40
5bc8b26e-3c29-42c2-b1a8-c63f45bc1ae1,Pengguna Google,https://play-lh.googleusercontent.com/EGemoI2NTXmTsBVtJqk8jxF9rh8ApRWfsIMQSt2uE4OcpQqbFu7f7NbTK05lx80nuSijCz7sc3a277R67g,Payah sering eror kocak lu,1,1,1.40,2024-08-15 16:25:13,,,1.40
e8a2cc75-87d9-48eb-9f8c-d77edf7cd51d,Pengguna Google,https://play-lh.googleusercontent.com/EGemoI2NTXmTsBVtJqk8jxF9rh8ApRWfsIMQSt2uE4OcpQqbFu7f7NbTK05lx80nuSijCz7sc3a277R67g,under maintenance mulu,1,1,1.40,2024-08-15 07:42:48,,,1.40
de517360-ffec-498c-8e7d-1b63edc64697,Pengguna Google,https://play-lh.googleusercontent.com/EGemoI2NTXmTsBVtJqk8jxF9rh8ApRWfsIMQSt2uE4OcpQqbFu7f7NbTK05lx80nuSijCz7sc3a277R67g,Mantap Tije 🔥🔥🔥,5,0,1.35,2024-08-15 03:54:07,,,1.35
ddbb4ff4-40c6-44c6-a531-782c548c6fa5,Pengguna Google,https://play-lh.googleusercontent.com/EGemoI2NTXmTsBVtJqk8jxF9rh8ApRWfsIMQSt2uE4OcpQqbFu7f7NbTK05lx80nuSijCz7sc3a277R67g,Cukup membantu,5,0,1.40,2024-08-14 16:31:01,,,1.40
f963df85-bddd-43f0-886f-940c2b112699,Pengguna Google,https://play-lh.googleusercontent.com/EGemoI2NTXmTsBVtJqk8jxF9rh8ApRWfsIMQSt2uE4OcpQqbFu7f7NbTK05lx80nuSijCz7sc3a277R67g,Aplikasi yang sangat bagus buat pelaggan setia,5,0,1.39,2024-08-14 15:20:58,,,1.39
0859f21e-1a1a-47d1-b6fe-c7a28da6798a,Pengguna Google,https://play-lh.googleusercontent.com/EGemoI2NTXmTsBVtJqk8jxF9rh8ApRWfsIMQSt2uE4OcpQqbFu7f7NbTK05lx80nuSijCz7sc3a277R67g,Aplikasi bagus untuk mengecek posisi bis,5,0,1.40,2024-08-14 14:48:41,,,1.40
b328ff9f-edc7-4c7d-b805-38686d2d3641,Pengguna Google,https://play-lh.googleusercontent.com/EGemoI2NTXmTsBVtJqk8jxF9rh8ApRWfsIMQSt2uE4OcpQqbFu7f7NbTK05lx80nuSijCz7sc3a277R67g,Mantap tiada duanya,5,0,1.40,2024-08-14 14:40:26,,,1.40
155cc2ea-6186-40e9-bb2d-c79703159649,Pengguna Google,https://play-lh.googleusercontent.com/EGemoI2NTXmTsBVtJqk8jxF9rh8ApRWfsIMQSt2uE4OcpQqbFu7f7NbTK05lx80nuSijCz7sc3a277R67g,Gak bawa kartu ada ini jadi lebih mudah 👌,5,0,1.40,2024-08-14 14:32:21,,,1.40
75f873fb-77db-44ba-b47c-96364dd7c96b,Pengguna Google,https://play-lh.googleusercontent.com/EGemoI2NTXmTsBVtJqk8jxF9rh8ApRWfsIMQSt2uE4OcpQqbFu7f7NbTK05lx80nuSijCz7sc3a277R67g,Bisa,5,0,,2024-08-14 14:28:53,,,
3a87e565-dc98-4f22-872f-daeb86ac6da0,Pengguna Google,https://play-lh.googleusercontent.com/EGemoI2NTXmTsBVtJqk8jxF9rh8ApRWfsIMQSt2uE4OcpQqbFu7f7NbTK05lx80nuSijCz7sc3a277R67g,Membantu untuk mengetahui busnya dah di mana,5,0,1.40,2024-08-14 14:10:04,,,1.40
8faff3d9-1692-45fd-b0d0-9fc2700145c4,Pengguna Google,https://play-lh.googleusercontent.com/EGemoI2NTXmTsBVtJqk8jxF9rh8ApRWfsIMQSt2uE4OcpQqbFu7f7NbTK05lx80nuSijCz7sc3a277R67g,Sangat membantu...,5,0,1.39,2024-08-14 13:49:02,,,1.39
5d870332-5e79-42d8-a4f1-fff552009e38,Pengguna Google,https://play-lh.googleusercontent.com/EGemoI2NTXmTsBVtJqk8jxF9rh8ApRWfsIMQSt2uE4OcpQqbFu7f7NbTK05lx80nuSijCz7sc3a277R67g,Bagus sangat membantu,5,0,1.40,2024-08-14 13:41:00,,,1.40
154dd140-8232-4eb1-95b5-18f41d60a9fb,Pengguna Google,https://play-lh.googleusercontent.com/EGemoI2NTXmTsBVtJqk8jxF9rh8ApRWfsIMQSt2uE4OcpQqbFu7f7NbTK05lx80nuSijCz7sc3a277R67g,Alus pisan pokok namah,5,0,1.40,2024-08-14 13:38:45,,,1.40
de4ae72f-bce0-44e5-a05e-430bad50e853,Pengguna Google,https://play-lh.googleusercontent.com/EGemoI2NTXmTsBVtJqk8jxF9rh8ApRWfsIMQSt2uE4OcpQqbFu7f7NbTK05lx80nuSijCz7sc3a277R67g,Sangat membantu,5,0,1.40,2024-08-14 13:05:00,,,1.40
99190f7f-8511-4699-ba34-887591248a7c,Pengguna Google,https://play-lh.googleusercontent.com/EGemoI2NTXmTsBVtJqk8jxF9rh8ApRWfsIMQSt2uE4OcpQqbFu7f7NbTK05lx80nuSijCz7sc3a277R67g,Aplikasi bagus,5,0,1.33,2024-08-14 13:01:01,,,1.33
19fb6c4b-9652-4c93-9d6c-f1b9f2cbb1c7,Pengguna Google,https://play-lh.googleusercontent.com/EGemoI2NTXmTsBVtJqk8jxF9rh8ApRWfsIMQSt2uE4OcpQqbFu7f7NbTK05lx80nuSijCz7sc3a277R67g,Aplikasinya bagus,5,0,1.40,2024-08-14 13:00:57,,,1.40
9d991cb0-eff3-448d-b119-39d3a7300789,Pengguna Google,https://play-lh.googleusercontent.com/EGemoI2NTXmTsBVtJqk8jxF9rh8ApRWfsIMQSt2uE4OcpQqbFu7f7NbTK05lx80nuSijCz7sc3a277R67g,"Aplikasi sangat bagus,, untuk pantauan trans jakarta mantabs pokoknya",5,0,1.40,2024-08-14 12:31:29,,,1.40
51b817ec-118c-41b1-beb3-fb2619d8da99,Pengguna Google,https://play-lh.googleusercontent.com/EGemoI2NTXmTsBVtJqk8jxF9rh8ApRWfsIMQSt2uE4OcpQqbFu7f7NbTK05lx80nuSijCz7sc3a277R67g,Top markotop,5,0,1.40,2024-08-14 12:28:06,,,1.40
f522e978-6f5d-474e-95e6-de33bcb9489b,Pengguna Google,https://play-lh.googleusercontent.com/EGemoI2NTXmTsBVtJqk8jxF9rh8ApRWfsIMQSt2uE4OcpQqbFu7f7NbTK05lx80nuSijCz7sc3a277R67g,Bagus sekali,5,0,1.40,2024-08-14 12:24:16,,,1.40
4fb4fdc5-64b6-4cf9-85ff-3696919a358c,Pengguna Google,https://play-lh.googleusercontent.com/EGemoI2NTXmTsBVtJqk8jxF9rh8ApRWfsIMQSt2uE4OcpQqbFu7f7NbTK05lx80nuSijCz7sc3a277R67g,👍,5,0,1.33,2024-08-14 12:04:52,,,1.33
7d4fabc2-5f39-46ea-b499-15ebbaf641de,Pengguna Google,https://play-lh.googleusercontent.com/EGemoI2NTXmTsBVtJqk8jxF9rh8ApRWfsIMQSt2uE4OcpQqbFu7f7NbTK05lx80nuSijCz7sc3a277R67g,Aplikasinya emang onderskrayyy....,5,0,1.40,2024-08-14 12:03:08,,,1.40
62880a70-4f8a-47e2-809b-9a05ed8bc65e,Pengguna Google,https://play-lh.googleusercontent.com/EGemoI2NTXmTsBVtJqk8jxF9rh8ApRWfsIMQSt2uE4OcpQqbFu7f7NbTK05lx80nuSijCz7sc3a277R67g,disuruh updatemulu,2,0,1.39,2024-08-14 11:59:35,,,1.39
e124128a-9fd0-4b6f-96df-f9e940a186ab,Pengguna Google,https://play-lh.googleusercontent.com/EGemoI2NTXmTsBVtJqk8jxF9rh8ApRWfsIMQSt2uE4OcpQqbFu7f7NbTK05lx80nuSijCz7sc3a277R67g,kece,5,0,1.33,2024-08-14 11:56:13,,,1.33
1e80eb70-dbed-4bb2-8d86-50a3624679fa,Pengguna Google,https://play-lh.googleusercontent.com/EGemoI2NTXmTsBVtJqk8jxF9rh8ApRWfsIMQSt2uE4OcpQqbFu7f7NbTK05lx80nuSijCz7sc3a277R67g,Sangat membantu dalam jadwal perjalanan tj,5,0,1.40,2024-08-14 11:07:48,,,1.40
3fe63912-3e2d-42b6-be16-8413dfe82432,Pengguna Google,https://play-lh.googleusercontent.com/EGemoI2NTXmTsBVtJqk8jxF9rh8ApRWfsIMQSt2uE4OcpQqbFu7f7NbTK05lx80nuSijCz7sc3a277R67g,"ENAK DAH KALO MAU JALAN JALAN KE PIK, 3,500 UDAH BISA KE PANTAI + LIAT CHINDO 😁",5,0,,2024-08-14 10:54:50,,,
a0ab9a42-20e1-4645-ae84-3a0c336e46ac,Pengguna Google,https://play-lh.googleusercontent.com/EGemoI2NTXmTsBVtJqk8jxF9rh8ApRWfsIMQSt2uE4OcpQqbFu7f7NbTK05lx80nuSijCz7sc3a277R67g,"Baru nih mantap, real time",5,0,1.40,2024-08-14 10:42:59,,,1.40
923a1042-9803-4bbd-9cf9-a196bdddafd2,Pengguna Google,https://play-lh.googleusercontent.com/EGemoI2NTXmTsBVtJqk8jxF9rh8ApRWfsIMQSt2uE4OcpQqbFu7f7NbTK05lx80nuSijCz7sc3a277R67g,Bagus,5,0,1.40,2024-08-14 10:40:47,,,1.40
7ad53dc1-2907-4aea-8b50-5d6f3d2bcb0a,Pengguna Google,https://play-lh.googleusercontent.com/EGemoI2NTXmTsBVtJqk8jxF9rh8ApRWfsIMQSt2uE4OcpQqbFu7f7NbTK05lx80nuSijCz7sc3a277R67g,Sangat membantu sekali.,5,0,,2024-08-14 10:30:21,,,
19945fdb-e9e2-4276-8b51-1fac0a86489a,Pengguna Google,https://play-lh.googleusercontent.com/EGemoI2NTXmTsBVtJqk8jxF9rh8ApRWfsIMQSt2uE4OcpQqbFu7f7NbTK05lx80nuSijCz7sc3a277R67g,wah Aplikasinya luar biasa mewah sekali bagus kereeeen.........Aplikasi lain pokonya lewat semua.,5,0,1.40,2024-08-14 10:29:50,,,1.40
1761dab5-03fb-4c96-9432-f8ed687dc998,Pengguna Google,https://play-lh.googleusercontent.com/EGemoI2NTXmTsBVtJqk8jxF9rh8ApRWfsIMQSt2uE4OcpQqbFu7f7NbTK05lx80nuSijCz7sc3a277R67g,Dengan aplikasi ini sya dengan mudah melihat kedatangan bus trimksh,5,0,1.33,2024-08-14 10:26:52,,,1.33
66bc8458-677e-414b-ad40-a5f40c9597f0,Pengguna Google,https://play-lh.googleusercontent.com/EGemoI2NTXmTsBVtJqk8jxF9rh8ApRWfsIMQSt2uE4OcpQqbFu7f7NbTK05lx80nuSijCz7sc3a277R67g,Saya sangat terbantu dengan adanya aplikasi ini.,5,0,1.40,2024-08-14 10:18:45,,,1.40
eeee87a7-b377-454c-b561-255e45c7ae95,Pengguna Google,https://play-lh.googleusercontent.com/EGemoI2NTXmTsBVtJqk8jxF9rh8ApRWfsIMQSt2uE4OcpQqbFu7f7NbTK05lx80nuSijCz7sc3a277R67g,Apk yg sangat bagus dan berguna,5,0,1.40,2024-08-14 09:56:29,,,1.40
d360c4e4-124c-4b2a-9798-ea149d417f0d,Pengguna Google,https://play-lh.googleusercontent.com/EGemoI2NTXmTsBVtJqk8jxF9rh8ApRWfsIMQSt2uE4OcpQqbFu7f7NbTK05lx80nuSijCz7sc3a277R67g,Mempermudah perjalanan saya dengan memberikan akses perjalanan dengan aplikasi transjakarta,5,0,1.40,2024-08-14 09:56:22,,,1.40
3b84f7ad-4aa3-44f6-81ac-a251caada4a2,Pengguna Google,https://play-lh.googleusercontent.com/EGemoI2NTXmTsBVtJqk8jxF9rh8ApRWfsIMQSt2uE4OcpQqbFu7f7NbTK05lx80nuSijCz7sc3a277R67g,Dengan adanya aplikasi ini sangat membantu pelanggan dan menambah wawasan petugas kerenn layak dapat bintang 5 terimakasih,5,0,1.40,2024-08-14 09:46:41,,,1.40
b4f80466-5969-43a2-8ebd-88947000029d,Pengguna Google,https://play-lh.googleusercontent.com/EGemoI2NTXmTsBVtJqk8jxF9rh8ApRWfsIMQSt2uE4OcpQqbFu7f7NbTK05lx80nuSijCz7sc3a277R67g,Sinyal haru bagus jgn sampe lemot,5,0,1.39,2024-08-14 09:35:34,,,1.39
0f470fe4-6d8a-4095-bdf9-617d54489191,Pengguna Google,https://play-lh.googleusercontent.com/EGemoI2NTXmTsBVtJqk8jxF9rh8ApRWfsIMQSt2uE4OcpQqbFu7f7NbTK05lx80nuSijCz7sc3a277R67g,Wow keren,5,0,1.40,2024-08-14 09:35:14,,,1.40
2607631d-34ee-4293-b0fc-0168a6178be4,Pengguna Google,https://play-lh.googleusercontent.com/EGemoI2NTXmTsBVtJqk8jxF9rh8ApRWfsIMQSt2uE4OcpQqbFu7f7NbTK05lx80nuSijCz7sc3a277R67g,Sangat membantu,5,0,1.40,2024-08-14 09:16:17,,,1.40
6f5caf74-3b18-4690-abe7-e3a2215220e5,Pengguna Google,https://play-lh.googleusercontent.com/EGemoI2NTXmTsBVtJqk8jxF9rh8ApRWfsIMQSt2uE4OcpQqbFu7f7NbTK05lx80nuSijCz7sc3a277R67g,Oke,5,0,1.33,2024-08-14 09:13:57,,,1.33
a4f73287-d150-4b62-9f5f-90b090d12473,Pengguna Google,https://play-lh.googleusercontent.com/EGemoI2NTXmTsBVtJqk8jxF9rh8ApRWfsIMQSt2uE4OcpQqbFu7f7NbTK05lx80nuSijCz7sc3a277R67g,the best kakak 😁😁😁,5,0,1.33,2024-08-14 09:06:10,,,1.33
4efb75df-d3df-43d7-be67-89b2e2162764,Pengguna Google,https://play-lh.googleusercontent.com/EGemoI2NTXmTsBVtJqk8jxF9rh8ApRWfsIMQSt2uE4OcpQqbFu7f7NbTK05lx80nuSijCz7sc3a277R67g,"Membantu melihat kedatangan bus dan rute""",5,0,1.40,2024-08-14 09:03:46,,,1.40
03791d17-8630-4933-99c3-cf32491c7ffb,Pengguna Google,https://play-lh.googleusercontent.com/EGemoI2NTXmTsBVtJqk8jxF9rh8ApRWfsIMQSt2uE4OcpQqbFu7f7NbTK05lx80nuSijCz7sc3a277R67g,Cakeeppp,5,0,1.40,2024-08-14 09:03:00,,,1.40
f4f03ead-2f55-423b-9e97-f707f946fd79,Pengguna Google,https://play-lh.googleusercontent.com/EGemoI2NTXmTsBVtJqk8jxF9rh8ApRWfsIMQSt2uE4OcpQqbFu7f7NbTK05lx80nuSijCz7sc3a277R67g,Sangat bagus dan membantu saya,5,0,1.33,2024-08-14 08:56:00,,,1.33
b365a1e4-4f57-4e20-8c3e-7c1243aa7320,Pengguna Google,https://play-lh.googleusercontent.com/EGemoI2NTXmTsBVtJqk8jxF9rh8ApRWfsIMQSt2uE4OcpQqbFu7f7NbTK05lx80nuSijCz7sc3a277R67g,"Membantu sih membantu, tp ngapa minta di update mulu sih, kan orng gada waktu buat update lagi update lagi, tolong dong diperbaiki, lagi butuh butuh nya malah bgitu mulu...",1,3,1.39,2024-08-14 08:29:36,,,1.39
2387de88-84f1-4022-b199-c4868c10dcd7,Pengguna Google,https://play-lh.googleusercontent.com/EGemoI2NTXmTsBVtJqk8jxF9rh8ApRWfsIMQSt2uE4OcpQqbFu7f7NbTK05lx80nuSijCz7sc3a277R67g,"Aplikasi berfaedah yang bisa membantu warga memantau keberadaan bus yg hendak dinaiki, ataupun membuat perencanaan perjalanan sehingga tidak tersesat lg. Thank you!",5,1,1.40,2024-08-14 08:19:57,,,1.40
1aeb68a2-15ea-4200-80f9-2952b3a8d289,Pengguna Google,https://play-lh.googleusercontent.com/EGemoI2NTXmTsBVtJqk8jxF9rh8ApRWfsIMQSt2uE4OcpQqbFu7f7NbTK05lx80nuSijCz7sc3a277R67g,"Berguna untuk mencari rute ketika berpergian, dan melihat keberadaan mobil sedang dmna.",5,0,,2024-08-14 08:18:13,,,
5fe5618c-5599-44b2-b7da-e9839bc33976,Pengguna Google,https://play-lh.googleusercontent.com/EGemoI2NTXmTsBVtJqk8jxF9rh8ApRWfsIMQSt2uE4OcpQqbFu7f7NbTK05lx80nuSijCz7sc3a277R67g,"Wow, Sangat Terbantu dengan adanya layanan Transjakarta, Nyaman, Pramusapanya Ramah, Terimakasih",5,0,1.40,2024-08-14 08:03:45,,,1.40
c70d5a35-d42d-4716-adf8-e2424896d373,Pengguna Google,https://play-lh.googleusercontent.com/EGemoI2NTXmTsBVtJqk8jxF9rh8ApRWfsIMQSt2uE4OcpQqbFu7f7NbTK05lx80nuSijCz7sc3a277R67g,Akhirnya ga perlu takut ketinggalan bus lagi karena bus bisa dilacak posisinya ada dimana... sangat sangat membantu ini... Nice ☺️,5,0,1.40,2024-08-14 07:12:20,,,1.40
510ef992-cb61-4dbd-b755-705dfa837ae7,Pengguna Google,https://play-lh.googleusercontent.com/EGemoI2NTXmTsBVtJqk8jxF9rh8ApRWfsIMQSt2uE4OcpQqbFu7f7NbTK05lx80nuSijCz7sc3a277R67g,Mantab betul,5,0,1.40,2024-08-14 06:35:23,,,1.40
c504f755-b048-4101-907c-08ec21b4983b,Pengguna Google,https://play-lh.googleusercontent.com/EGemoI2NTXmTsBVtJqk8jxF9rh8ApRWfsIMQSt2uE4OcpQqbFu7f7NbTK05lx80nuSijCz7sc3a277R67g,Mantap,5,0,1.40,2024-08-14 06:34:50,,,1.40
1786f4ec-5118-4f88-98db-37848a0bc20b,Pengguna Google,https://play-lh.googleusercontent.com/EGemoI2NTXmTsBVtJqk8jxF9rh8ApRWfsIMQSt2uE4OcpQqbFu7f7NbTK05lx80nuSijCz7sc3a277R67g,Amazing 🤩,5,0,1.39,2024-08-14 06:29:40,,,1.39
ba091d8f-9049-4710-a630-375212bc92a4,Pengguna Google,https://play-lh.googleusercontent.com/EGemoI2NTXmTsBVtJqk8jxF9rh8ApRWfsIMQSt2uE4OcpQqbFu7f7NbTK05lx80nuSijCz7sc3a277R67g,Oke sipp,5,0,1.39,2024-08-14 06:22:19,,,1.39
ecbd9f5f-aa2a-4e03-a890-db3863a482a5,Pengguna Google,https://play-lh.googleusercontent.com/EGemoI2NTXmTsBVtJqk8jxF9rh8ApRWfsIMQSt2uE4OcpQqbFu7f7NbTK05lx80nuSijCz7sc3a277R67g,"easy to use, smoga kedepannya ada pnambahan fitur"" yg lbih memudahkan lg.",5,0,1.40,2024-08-14 06:00:14,,,1.40
97ff3aff-0cb5-476c-ae17-632ea92d1f76,Pengguna Google,https://play-lh.googleusercontent.com/EGemoI2NTXmTsBVtJqk8jxF9rh8ApRWfsIMQSt2uE4OcpQqbFu7f7NbTK05lx80nuSijCz7sc3a277R67g,"mantapp, mempermudah banget bisa tau dmn bus posisi nya",5,0,1.40,2024-08-14 05:48:10,,,1.40
566f445e-45fb-485f-bdd8-c990043294ae,Pengguna Google,https://play-lh.googleusercontent.com/EGemoI2NTXmTsBVtJqk8jxF9rh8ApRWfsIMQSt2uE4OcpQqbFu7f7NbTK05lx80nuSijCz7sc3a277R67g,Sensasional memudahkan moda transportasi bagi pengguna,5,0,1.40,2024-08-14 05:33:52,,,1.40
453e4c01-1e04-492b-8dda-04df2db4c4cf,Pengguna Google,https://play-lh.googleusercontent.com/EGemoI2NTXmTsBVtJqk8jxF9rh8ApRWfsIMQSt2uE4OcpQqbFu7f7NbTK05lx80nuSijCz7sc3a277R67g,Membantu perjalanan untuk keliling jakarta,5,0,1.40,2024-08-14 05:15:55,,,1.40
24fbc8a8-7164-4ac7-90e6-fcdb28eea950,Pengguna Google,https://play-lh.googleusercontent.com/EGemoI2NTXmTsBVtJqk8jxF9rh8ApRWfsIMQSt2uE4OcpQqbFu7f7NbTK05lx80nuSijCz7sc3a277R67g,Sangat membantu,5,0,1.40,2024-08-14 05:14:02,,,1.40
34c54cde-a489-4a29-8969-93567b4cb9dd,Pengguna Google,https://play-lh.googleusercontent.com/EGemoI2NTXmTsBVtJqk8jxF9rh8ApRWfsIMQSt2uE4OcpQqbFu7f7NbTK05lx80nuSijCz7sc3a277R67g,Memudahkan mencari makanan & perjalanan,5,0,1.35,2024-08-14 05:11:47,,,1.35
276cfc87-e28a-4ae4-8ff2-64ef4bb42521,Pengguna Google,https://play-lh.googleusercontent.com/EGemoI2NTXmTsBVtJqk8jxF9rh8ApRWfsIMQSt2uE4OcpQqbFu7f7NbTK05lx80nuSijCz7sc3a277R67g,Lumayan,5,0,1.40,2024-08-14 05:11:37,,,1.40
1627a6c5-a7e3-4bdb-933c-7488f1f86e71,Pengguna Google,https://play-lh.googleusercontent.com/EGemoI2NTXmTsBVtJqk8jxF9rh8ApRWfsIMQSt2uE4OcpQqbFu7f7NbTK05lx80nuSijCz7sc3a277R67g,sudah bagus aplikasi nya sudah bisa nge track busway udh sampe mana sampe jaklingko juga,5,0,1.37,2024-08-14 05:03:59,,,1.37
1981c4d9-7ca2-4645-9a02-1d6644df6263,Pengguna Google,https://play-lh.googleusercontent.com/EGemoI2NTXmTsBVtJqk8jxF9rh8ApRWfsIMQSt2uE4OcpQqbFu7f7NbTK05lx80nuSijCz7sc3a277R67g,Amandah,5,0,1.35,2024-08-14 05:02:08,,,1.35
07f2e2c9-6e1a-4a60-a361-ce5109af66a1,Pengguna Google,https://play-lh.googleusercontent.com/EGemoI2NTXmTsBVtJqk8jxF9rh8ApRWfsIMQSt2uE4OcpQqbFu7f7NbTK05lx80nuSijCz7sc3a277R67g,Aplikasi yg paling bagus,5,0,1.39,2024-08-14 05:00:33,,,1.39
75c144e4-f5d9-44df-b958-afaeda579743,Pengguna Google,https://play-lh.googleusercontent.com/EGemoI2NTXmTsBVtJqk8jxF9rh8ApRWfsIMQSt2uE4OcpQqbFu7f7NbTK05lx80nuSijCz7sc3a277R67g,Good,5,0,1.40,2024-08-14 04:56:39,,,1.40
3eabc2ae-5078-470d-a2a2-74e70686ee3f,Pengguna Google,https://play-lh.googleusercontent.com/EGemoI2NTXmTsBVtJqk8jxF9rh8ApRWfsIMQSt2uE4OcpQqbFu7f7NbTK05lx80nuSijCz7sc3a277R67g,Sangat bagus dan membantu,5,0,1.40,2024-08-14 04:29:11,,,1.40
0243ce07-e771-4504-b169-b1cd35dbc92c,Pengguna Google,https://play-lh.googleusercontent.com/EGemoI2NTXmTsBVtJqk8jxF9rh8ApRWfsIMQSt2uE4OcpQqbFu7f7NbTK05lx80nuSijCz7sc3a277R67g,Sangat membantu,5,0,1.40,2024-08-14 03:55:02,,,1.40
789f537b-1ee1-476d-a873-9632f39a3c02,Pengguna Google,https://play-lh.googleusercontent.com/EGemoI2NTXmTsBVtJqk8jxF9rh8ApRWfsIMQSt2uE4OcpQqbFu7f7NbTK05lx80nuSijCz7sc3a277R67g,Sangat bagus dan inovatif,5,0,1.40,2024-08-14 03:17:05,,,1.40
08ad23ed-1b5d-414d-88f6-ed67507980b9,Pengguna Google,https://play-lh.googleusercontent.com/EGemoI2NTXmTsBVtJqk8jxF9rh8ApRWfsIMQSt2uE4OcpQqbFu7f7NbTK05lx80nuSijCz7sc3a277R67g,bagus bet buset dah,5,0,1.40,2024-08-14 01:18:30,,,1.40
43dcff8c-6d26-4afc-99f8-38019694fc06,Pengguna Google,https://play-lh.googleusercontent.com/EGemoI2NTXmTsBVtJqk8jxF9rh8ApRWfsIMQSt2uE4OcpQqbFu7f7NbTK05lx80nuSijCz7sc3a277R67g,Bagus banget pengalaman menggunakan transjakarta by aplikasi lebih mudah dan praktisi ga perlu repot lagi harus bawa bawa kartu yah walaupun kartunya kecil sih tapi lebih simpel menggunakan handphone handphone udah pasti selalu kita bawa. Terus maju transportasi umum 🖤,5,0,,2024-08-13 23:45:16,,,
a6751e22-b493-4e12-8ab8-4aa76e77b9d4,Pengguna Google,https://play-lh.googleusercontent.com/EGemoI2NTXmTsBVtJqk8jxF9rh8ApRWfsIMQSt2uE4OcpQqbFu7f7NbTK05lx80nuSijCz7sc3a277R67g,"Mantap, sangat membantu",5,0,1.40,2024-08-13 23:29:39,,,1.40
983a3039-e6cf-4161-9f8c-bd9e3477a44e,Pengguna Google,https://play-lh.googleusercontent.com/EGemoI2NTXmTsBVtJqk8jxF9rh8ApRWfsIMQSt2uE4OcpQqbFu7f7NbTK05lx80nuSijCz7sc3a277R67g,"Apk ini amat sangat membantu saya saat menggunakan layanan Transjakarta, tetap semangat Transjakarta kasih layanan terbaik untuk rakyat Jakarta dan indonesia",5,0,1.40,2024-08-13 22:50:40,,,1.40
68fefb9c-490b-4f16-b051-70b7bc27dfa4,Pengguna Google,https://play-lh.googleusercontent.com/EGemoI2NTXmTsBVtJqk8jxF9rh8ApRWfsIMQSt2uE4OcpQqbFu7f7NbTK05lx80nuSijCz7sc3a277R67g,Cukup membantu sekali,5,0,1.40,2024-08-13 22:32:09,,,1.40
0dec127c-8262-428b-a237-6f1f1039c832,Pengguna Google,https://play-lh.googleusercontent.com/EGemoI2NTXmTsBVtJqk8jxF9rh8ApRWfsIMQSt2uE4OcpQqbFu7f7NbTK05lx80nuSijCz7sc3a277R67g,Sangat membantu,5,0,1.40,2024-08-13 22:31:02,,,1.40
b734a4d2-ad41-4e06-b6a2-d1d287cc7d01,Pengguna Google,https://play-lh.googleusercontent.com/EGemoI2NTXmTsBVtJqk8jxF9rh8ApRWfsIMQSt2uE4OcpQqbFu7f7NbTK05lx80nuSijCz7sc3a277R67g,"Semua bagus. Bisa cek rute sekalian cek posisi bus beserta no body dan akurat. . Minusnya paling untuk Non BRT arah titik awal suka ga kedetect bus mana yg sesuai, kalo arah tujuannya / ujung baru akurat. Minus kedua, pembayaran cuma 1 saja. Kalo bisa QRIS pun bisa. Minus ketiga, pembelian tiket hanya halte saja sedangkan di NBRT khususnya full pinggir jalan / Bus Stop sudah tak mempergunakan tiket aplikasi padahal cukup membantu sewaktu-waktu tak bawa kartu. . Terima kasih🙏",5,24,1.40,2024-08-13 22:25:50,,,1.40
75b3b815-ee13-46be-bbaf-36a1ee47893b,Pengguna Google,https://play-lh.googleusercontent.com/EGemoI2NTXmTsBVtJqk8jxF9rh8ApRWfsIMQSt2uE4OcpQqbFu7f7NbTK05lx80nuSijCz7sc3a277R67g,"Menurut saya aplikasi yg baru ini bagus, sangat membantu daripada aplikasi sebelumnya, memudahkan pengguna untuk melihat posisi kendaraan, jumlah kendaraan, dan waktu kendaraan tiba, meskipun gak terlalu akurat karena mungkin ada kendala dijalan seperti macet dll, aplikasinya udah oke..",5,4,1.40,2024-08-13 22:13:38,,,1.40
e2792b1e-3140-4215-9299-8065400675b9,Pengguna Google,https://play-lh.googleusercontent.com/EGemoI2NTXmTsBVtJqk8jxF9rh8ApRWfsIMQSt2uE4OcpQqbFu7f7NbTK05lx80nuSijCz7sc3a277R67g,"Harga murah, kualitas bagus, hemat waktu",5,0,1.40,2024-08-13 22:00:48,,,1.40
e447f507-d925-4bbe-89e0-ab3fcbc4fdb9,Pengguna Google,https://play-lh.googleusercontent.com/EGemoI2NTXmTsBVtJqk8jxF9rh8ApRWfsIMQSt2uE4OcpQqbFu7f7NbTK05lx80nuSijCz7sc3a277R67g,Good,5,0,1.40,2024-08-13 21:56:52,,,1.40
bc1ba571-f644-4bf3-ae39-73ac50f993b7,Pengguna Google,https://play-lh.googleusercontent.com/EGemoI2NTXmTsBVtJqk8jxF9rh8ApRWfsIMQSt2uE4OcpQqbFu7f7NbTK05lx80nuSijCz7sc3a277R67g,Makin maju..... keren 👍,5,0,1.40,2024-08-13 21:42:59,,,1.40
ffc76c05-4156-456a-b0f0-a9b3b29b4ee0,Pengguna Google,https://play-lh.googleusercontent.com/EGemoI2NTXmTsBVtJqk8jxF9rh8ApRWfsIMQSt2uE4OcpQqbFu7f7NbTK05lx80nuSijCz7sc3a277R67g,⭐⭐⭐⭐⭐,5,0,,2024-08-13 21:38:22,,,
8818a9e4-7ef8-4aae-8056-f55f2e29eb10,Pengguna Google,https://play-lh.googleusercontent.com/EGemoI2NTXmTsBVtJqk8jxF9rh8ApRWfsIMQSt2uE4OcpQqbFu7f7NbTK05lx80nuSijCz7sc3a277R67g,Sangat Bagus Aplikasinya Bisa membantu mengetahuin lokasi traja,5,1,1.40,2024-08-13 21:32:12,,,1.40
fd7fdd34-1d2a-4a00-8a86-ab5b09ea1bbf,Pengguna Google,https://play-lh.googleusercontent.com/EGemoI2NTXmTsBVtJqk8jxF9rh8ApRWfsIMQSt2uE4OcpQqbFu7f7NbTK05lx80nuSijCz7sc3a277R67g,Sangat membantu,5,0,,2024-08-13 21:27:11,,,
b348d02a-ece5-46b3-b162-dc75f2364714,Pengguna Google,https://play-lh.googleusercontent.com/EGemoI2NTXmTsBVtJqk8jxF9rh8ApRWfsIMQSt2uE4OcpQqbFu7f7NbTK05lx80nuSijCz7sc3a277R67g,Mantap.. bus yang delay arau tidak terbaca Semoga segera diperbaiki,5,0,1.40,2024-08-13 21:27:08,,,1.40
81104557-ccd7-4e3d-b69b-9a4f9387b01a,Pengguna Google,https://play-lh.googleusercontent.com/EGemoI2NTXmTsBVtJqk8jxF9rh8ApRWfsIMQSt2uE4OcpQqbFu7f7NbTK05lx80nuSijCz7sc3a277R67g,Semoga kedepannya semakin membaik tiap update & upgrade selalu mempertimbangkan saran dan masukkan dari semua user aplikasi ini. TransJakarta BISA!,5,0,1.35,2024-08-13 21:26:34,,,1.35
cb467afb-1860-4f37-ab8f-ae4bc79bb8e9,Pengguna Google,https://play-lh.googleusercontent.com/EGemoI2NTXmTsBVtJqk8jxF9rh8ApRWfsIMQSt2uE4OcpQqbFu7f7NbTK05lx80nuSijCz7sc3a277R67g,aplikasinya bagus kurangnya ga bisa nyerang lord,5,0,1.40,2024-08-13 21:25:57,,,1.40
cdb4eca8-8587-4339-8d04-3f1f60c7a410,Pengguna Google,https://play-lh.googleusercontent.com/EGemoI2NTXmTsBVtJqk8jxF9rh8ApRWfsIMQSt2uE4OcpQqbFu7f7NbTK05lx80nuSijCz7sc3a277R67g,luaaar biasa,5,0,1.37,2024-08-13 21:24:50,,,1.37
573837b3-8479-443b-a146-47f790af23f8,Pengguna Google,https://play-lh.googleusercontent.com/EGemoI2NTXmTsBVtJqk8jxF9rh8ApRWfsIMQSt2uE4OcpQqbFu7f7NbTK05lx80nuSijCz7sc3a277R67g,Sangat membantu,5,0,1.40,2024-08-13 21:23:39,,,1.40
5d57f932-4245-4a8a-af4f-38d67dc8ca98,Pengguna Google,https://play-lh.googleusercontent.com/EGemoI2NTXmTsBVtJqk8jxF9rh8ApRWfsIMQSt2uE4OcpQqbFu7f7NbTK05lx80nuSijCz7sc3a277R67g,aplikasi paling membantu untuk kaum- kaum heling,5,0,,2024-08-13 21:22:51,,,
6434d670-e902-412c-9e36-055af2979c19,Pengguna Google,https://play-lh.googleusercontent.com/EGemoI2NTXmTsBVtJqk8jxF9rh8ApRWfsIMQSt2uE4OcpQqbFu7f7NbTK05lx80nuSijCz7sc3a277R67g,Good 👍🏼,5,0,1.39,2024-08-13 21:22:00,,,1.39
807fe357-2801-499e-a776-ba10148243e6,Pengguna Google,https://play-lh.googleusercontent.com/EGemoI2NTXmTsBVtJqk8jxF9rh8ApRWfsIMQSt2uE4OcpQqbFu7f7NbTK05lx80nuSijCz7sc3a277R67g,Bagus,5,0,1.33,2024-08-13 21:13:35,,,1.33
077696fb-e625-4241-a117-853afb9a3faa,Pengguna Google,https://play-lh.googleusercontent.com/EGemoI2NTXmTsBVtJqk8jxF9rh8ApRWfsIMQSt2uE4OcpQqbFu7f7NbTK05lx80nuSijCz7sc3a277R67g,Sya sangat terbantu min dengan aplikasi ini.. mempermudah saya buat menggunakan layanan Transjakarta..sya dari sidareja terbantu dengan adanya aplikasi ini..,5,0,1.33,2024-08-13 21:11:14,,,1.33
6c15cf7e-f742-42b0-a329-9b9143c45805,Pengguna Google,https://play-lh.googleusercontent.com/EGemoI2NTXmTsBVtJqk8jxF9rh8ApRWfsIMQSt2uE4OcpQqbFu7f7NbTK05lx80nuSijCz7sc3a277R67g,Nice,5,0,1.40,2024-08-13 21:08:45,,,1.40
3e460e54-6fee-4b9e-a9c0-766a80bf458e,Pengguna Google,https://play-lh.googleusercontent.com/EGemoI2NTXmTsBVtJqk8jxF9rh8ApRWfsIMQSt2uE4OcpQqbFu7f7NbTK05lx80nuSijCz7sc3a277R67g,Sangat baik dan membantu,5,0,1.40,2024-08-13 21:07:50,,,1.40
e2a8f77c-776d-4cb0-be39-f6b44e65657d,Pengguna Google,https://play-lh.googleusercontent.com/EGemoI2NTXmTsBVtJqk8jxF9rh8ApRWfsIMQSt2uE4OcpQqbFu7f7NbTK05lx80nuSijCz7sc3a277R67g,Good,5,0,1.40,2024-08-13 21:05:30,,,1.40
71036fb2-8551-42dd-b0b4-754324c6b680,Pengguna Google,https://play-lh.googleusercontent.com/EGemoI2NTXmTsBVtJqk8jxF9rh8ApRWfsIMQSt2uE4OcpQqbFu7f7NbTK05lx80nuSijCz7sc3a277R67g,Bagus,5,0,1.33,2024-08-13 21:05:13,,,1.33
e3853b07-99bd-4909-937a-4e0a9d9df7c2,Pengguna Google,https://play-lh.googleusercontent.com/EGemoI2NTXmTsBVtJqk8jxF9rh8ApRWfsIMQSt2uE4OcpQqbFu7f7NbTK05lx80nuSijCz7sc3a277R67g,👍👍👍,5,0,1.40,2024-08-13 21:03:57,,,1.40
55137a8b-f8cc-46e9-a5e7-d5bacf82a471,Pengguna Google,https://play-lh.googleusercontent.com/EGemoI2NTXmTsBVtJqk8jxF9rh8ApRWfsIMQSt2uE4OcpQqbFu7f7NbTK05lx80nuSijCz7sc3a277R67g,Amazing,5,0,1.39,2024-08-13 21:03:31,,,1.39
3cd86d54-7986-4cb8-8ed6-c6d399653f22,Pengguna Google,https://play-lh.googleusercontent.com/EGemoI2NTXmTsBVtJqk8jxF9rh8ApRWfsIMQSt2uE4OcpQqbFu7f7NbTK05lx80nuSijCz7sc3a277R67g,Aplikasi sangat membantu untuk mencapai tujuan,5,0,,2024-08-13 21:00:08,,,
c3128510-3df7-489c-8302-194f95d92768,Pengguna Google,https://play-lh.googleusercontent.com/EGemoI2NTXmTsBVtJqk8jxF9rh8ApRWfsIMQSt2uE4OcpQqbFu7f7NbTK05lx80nuSijCz7sc3a277R67g,Menjadi lebih baik transjakarta,5,0,,2024-08-13 20:56:44,,,
8a73c1d8-953e-4c2f-ab1c-f17791e37a05,Pengguna Google,https://play-lh.googleusercontent.com/EGemoI2NTXmTsBVtJqk8jxF9rh8ApRWfsIMQSt2uE4OcpQqbFu7f7NbTK05lx80nuSijCz7sc3a277R67g,Mantapzzz,5,0,1.39,2024-08-13 20:56:13,,,1.39
6f27d7e9-cc31-4904-8e58-cc3e7af1f9f4,Pengguna Google,https://play-lh.googleusercontent.com/EGemoI2NTXmTsBVtJqk8jxF9rh8ApRWfsIMQSt2uE4OcpQqbFu7f7NbTK05lx80nuSijCz7sc3a277R67g,Aplikasi bagus dan Mudah,5,0,1.35,2024-08-13 20:56:11,,,1.35
f79a8789-badc-41a4-bee1-9c8f9f18168e,Pengguna Google,https://play-lh.googleusercontent.com/EGemoI2NTXmTsBVtJqk8jxF9rh8ApRWfsIMQSt2uE4OcpQqbFu7f7NbTK05lx80nuSijCz7sc3a277R67g,Good good 👍,5,0,1.40,2024-08-13 20:52:10,,,1.40
afc75528-1f3a-49f9-970b-9a34c1ff0189,Pengguna Google,https://play-lh.googleusercontent.com/EGemoI2NTXmTsBVtJqk8jxF9rh8ApRWfsIMQSt2uE4OcpQqbFu7f7NbTK05lx80nuSijCz7sc3a277R67g,Aplikasi Baru Mantap Benar,5,0,1.40,2024-08-13 20:51:36,,,1.40
4e81c91a-c193-4cd7-9f05-847226a8ffed,Pengguna Google,https://play-lh.googleusercontent.com/EGemoI2NTXmTsBVtJqk8jxF9rh8ApRWfsIMQSt2uE4OcpQqbFu7f7NbTK05lx80nuSijCz7sc3a277R67g,Sangat membantu,5,0,1.37,2024-08-13 20:48:23,,,1.37
0dff134b-1bdd-486b-9949-68d9f4f64203,Pengguna Google,https://play-lh.googleusercontent.com/EGemoI2NTXmTsBVtJqk8jxF9rh8ApRWfsIMQSt2uE4OcpQqbFu7f7NbTK05lx80nuSijCz7sc3a277R67g,Sangat membantu untuk mengetahui lokasi bus sudah sampe dimn,5,0,1.40,2024-08-13 20:46:29,,,1.40
8983764d-b099-46d9-ba30-138a3f542cad,Pengguna Google,https://play-lh.googleusercontent.com/EGemoI2NTXmTsBVtJqk8jxF9rh8ApRWfsIMQSt2uE4OcpQqbFu7f7NbTK05lx80nuSijCz7sc3a277R67g,👍,5,0,1.33,2024-08-13 20:45:13,,,1.33
5f016302-b991-462f-863c-bc592f9d1789,Pengguna Google,https://play-lh.googleusercontent.com/EGemoI2NTXmTsBVtJqk8jxF9rh8ApRWfsIMQSt2uE4OcpQqbFu7f7NbTK05lx80nuSijCz7sc3a277R67g,Apk ini sangat membantu,5,0,1.37,2024-08-13 20:43:11,,,1.37
1784a8af-bb89-4cac-8011-36b88b3505f7,Pengguna Google,https://play-lh.googleusercontent.com/EGemoI2NTXmTsBVtJqk8jxF9rh8ApRWfsIMQSt2uE4OcpQqbFu7f7NbTK05lx80nuSijCz7sc3a277R67g,Semoga dengan apk ini lebih memudahkan pengguna Transjakarta,5,0,1.40,2024-08-13 20:41:22,,,1.40
733ca1cf-b0f1-447c-be42-ce40f0dc652a,Pengguna Google,https://play-lh.googleusercontent.com/EGemoI2NTXmTsBVtJqk8jxF9rh8ApRWfsIMQSt2uE4OcpQqbFu7f7NbTK05lx80nuSijCz7sc3a277R67g,Sangat membantu,5,0,1.33,2024-08-13 20:40:33,,,1.33
108baaeb-5325-4cad-8f41-46efce78800b,Pengguna Google,https://play-lh.googleusercontent.com/EGemoI2NTXmTsBVtJqk8jxF9rh8ApRWfsIMQSt2uE4OcpQqbFu7f7NbTK05lx80nuSijCz7sc3a277R67g,Sangat membantu. Terima kasih Transjakarta,5,0,1.40,2024-08-13 20:40:31,,,1.40
4bba715f-c689-419f-8203-f6c02eb3d991,Pengguna Google,https://play-lh.googleusercontent.com/EGemoI2NTXmTsBVtJqk8jxF9rh8ApRWfsIMQSt2uE4OcpQqbFu7f7NbTK05lx80nuSijCz7sc3a277R67g,👌,5,0,1.35,2024-08-13 20:36:29,,,1.35
d7566df1-ea2c-413b-91f0-547b7f2a4790,Pengguna Google,https://play-lh.googleusercontent.com/EGemoI2NTXmTsBVtJqk8jxF9rh8ApRWfsIMQSt2uE4OcpQqbFu7f7NbTK05lx80nuSijCz7sc3a277R67g,Aplikasinya sangat membantu dan memudahkan dalam perjalanan beraktivitas,5,0,1.40,2024-08-13 20:35:58,,,1.40
1727ebd4-5e67-4486-aa53-19c1f4b90383,Pengguna Google,https://play-lh.googleusercontent.com/EGemoI2NTXmTsBVtJqk8jxF9rh8ApRWfsIMQSt2uE4OcpQqbFu7f7NbTK05lx80nuSijCz7sc3a277R67g,"Transportasi busway yang aman,nyaman & mudah",5,0,1.40,2024-08-13 20:31:02,,,1.40
652c0579-cfdf-453e-b00c-0ef0bb7cef9e,Pengguna Google,https://play-lh.googleusercontent.com/EGemoI2NTXmTsBVtJqk8jxF9rh8ApRWfsIMQSt2uE4OcpQqbFu7f7NbTK05lx80nuSijCz7sc3a277R67g,"Transjakarta ""BISA""",5,0,1.40,2024-08-13 20:25:52,,,1.40
31d6b99e-a574-4790-97c1-b685928a28ca,Pengguna Google,https://play-lh.googleusercontent.com/EGemoI2NTXmTsBVtJqk8jxF9rh8ApRWfsIMQSt2uE4OcpQqbFu7f7NbTK05lx80nuSijCz7sc3a277R67g,Aplikasi nya sangat membantu,5,0,1.40,2024-08-13 20:22:58,,,1.40
08da9d31-e0ee-48bf-a7bb-66ea81965a05,Pengguna Google,https://play-lh.googleusercontent.com/EGemoI2NTXmTsBVtJqk8jxF9rh8ApRWfsIMQSt2uE4OcpQqbFu7f7NbTK05lx80nuSijCz7sc3a277R67g,Mantap,5,0,1.33,2024-08-13 20:21:54,,,1.33
8655b30a-1513-4f6b-b8d1-8d5bc7815174,Pengguna Google,https://play-lh.googleusercontent.com/EGemoI2NTXmTsBVtJqk8jxF9rh8ApRWfsIMQSt2uE4OcpQqbFu7f7NbTK05lx80nuSijCz7sc3a277R67g,Bagus sangat membantu,5,0,1.33,2024-08-13 20:19:34,,,1.33
22cbdbdb-2939-48f9-87b3-09b099953da4,Pengguna Google,https://play-lh.googleusercontent.com/EGemoI2NTXmTsBVtJqk8jxF9rh8ApRWfsIMQSt2uE4OcpQqbFu7f7NbTK05lx80nuSijCz7sc3a277R67g,"Kelazzz udah, Tidak ada tandingannya.",5,0,1.40,2024-08-13 20:17:26,,,1.40
1787c846-da26-4bc6-8585-d075f16339ab,Pengguna Google,https://play-lh.googleusercontent.com/EGemoI2NTXmTsBVtJqk8jxF9rh8ApRWfsIMQSt2uE4OcpQqbFu7f7NbTK05lx80nuSijCz7sc3a277R67g,Memudahkan perjalanan dengan menggunakan tj,5,0,1.40,2024-08-13 20:15:35,,,1.40
07ffb1e9-45a1-429c-b596-36f207848b8a,Pengguna Google,https://play-lh.googleusercontent.com/EGemoI2NTXmTsBVtJqk8jxF9rh8ApRWfsIMQSt2uE4OcpQqbFu7f7NbTK05lx80nuSijCz7sc3a277R67g,Mantap,5,0,,2024-08-13 20:07:44,,,
0fbcaf0e-b464-4c67-b4e2-8f7c786a7c07,Pengguna Google,https://play-lh.googleusercontent.com/EGemoI2NTXmTsBVtJqk8jxF9rh8ApRWfsIMQSt2uE4OcpQqbFu7f7NbTK05lx80nuSijCz7sc3a277R67g,Luar biasa,5,0,1.40,2024-08-13 20:07:36,,,1.40
33599d3e-4df8-44d2-8bda-48d1ef60210b,Pengguna Google,https://play-lh.googleusercontent.com/EGemoI2NTXmTsBVtJqk8jxF9rh8ApRWfsIMQSt2uE4OcpQqbFu7f7NbTK05lx80nuSijCz7sc3a277R67g,Sangat membantu,4,0,1.40,2024-08-13 20:07:27,,,1.40
b7269900-e12f-4925-9c44-990b8c9bc0f3,Pengguna Google,https://play-lh.googleusercontent.com/EGemoI2NTXmTsBVtJqk8jxF9rh8ApRWfsIMQSt2uE4OcpQqbFu7f7NbTK05lx80nuSijCz7sc3a277R67g,Waw,5,0,1.33,2024-08-13 20:06:40,,,1.33
7025c1c5-1cae-49be-8b8b-bf9cbf907e54,Pengguna Google,https://play-lh.googleusercontent.com/EGemoI2NTXmTsBVtJqk8jxF9rh8ApRWfsIMQSt2uE4OcpQqbFu7f7NbTK05lx80nuSijCz7sc3a277R67g,Puas,5,0,,2024-08-13 20:05:51,,,
e21b7168-56a7-4190-b802-e2a59ac4b525,Pengguna Google,https://play-lh.googleusercontent.com/EGemoI2NTXmTsBVtJqk8jxF9rh8ApRWfsIMQSt2uE4OcpQqbFu7f7NbTK05lx80nuSijCz7sc3a277R67g,Sangat membantu kalo kartu ketinggalan bisa gunakan apliksi ini,5,0,1.40,2024-08-13 20:04:55,,,1.40
46dbc9d7-ee87-4af2-89a2-bf0edb904d6b,Pengguna Google,https://play-lh.googleusercontent.com/EGemoI2NTXmTsBVtJqk8jxF9rh8ApRWfsIMQSt2uE4OcpQqbFu7f7NbTK05lx80nuSijCz7sc3a277R67g,Aplikasi yang sangat membantu untuk perjalanan dengan transportasi umum,5,0,,2024-08-13 20:04:04,,,
59cea629-52c3-4c29-89b7-4507c38b1ecc,Pengguna Google,https://play-lh.googleusercontent.com/EGemoI2NTXmTsBVtJqk8jxF9rh8ApRWfsIMQSt2uE4OcpQqbFu7f7NbTK05lx80nuSijCz7sc3a277R67g,Nice,5,0,1.40,2024-08-13 20:03:42,,,1.40
056c10bc-271f-45a8-baf4-7c3d6a5e2e42,Pengguna Google,https://play-lh.googleusercontent.com/EGemoI2NTXmTsBVtJqk8jxF9rh8ApRWfsIMQSt2uE4OcpQqbFu7f7NbTK05lx80nuSijCz7sc3a277R67g,membantu,5,0,1.33,2024-08-13 20:03:29,,,1.33
e83f9252-942a-4442-87c9-79e6321aa70b,Pengguna Google,https://play-lh.googleusercontent.com/EGemoI2NTXmTsBVtJqk8jxF9rh8ApRWfsIMQSt2uE4OcpQqbFu7f7NbTK05lx80nuSijCz7sc3a277R67g,Cukup membantu informasi perjalanan saya,5,0,1.40,2024-08-13 20:02:12,,,1.40
de41a3c8-0463-48f4-acfd-1ebd79792e17,Pengguna Google,https://play-lh.googleusercontent.com/EGemoI2NTXmTsBVtJqk8jxF9rh8ApRWfsIMQSt2uE4OcpQqbFu7f7NbTK05lx80nuSijCz7sc3a277R67g,sangat membantu terimakasih transjakarta,5,0,1.40,2024-08-13 19:59:29,,,1.40
2970911c-ec62-4fc6-a081-7d2700be8a1c,Pengguna Google,https://play-lh.googleusercontent.com/EGemoI2NTXmTsBVtJqk8jxF9rh8ApRWfsIMQSt2uE4OcpQqbFu7f7NbTK05lx80nuSijCz7sc3a277R67g,lumayan buat liat posisi traja,5,0,1.40,2024-08-13 19:58:42,,,1.40
41fee9ab-563a-46d2-8dac-2f11f6af7907,Pengguna Google,https://play-lh.googleusercontent.com/EGemoI2NTXmTsBVtJqk8jxF9rh8ApRWfsIMQSt2uE4OcpQqbFu7f7NbTK05lx80nuSijCz7sc3a277R67g,Aplikasi sangat mantapp,5,0,1.39,2024-08-13 19:57:55,,,1.39
66343c3e-3841-4024-aa69-ea541e0db1c7,Pengguna Google,https://play-lh.googleusercontent.com/EGemoI2NTXmTsBVtJqk8jxF9rh8ApRWfsIMQSt2uE4OcpQqbFu7f7NbTK05lx80nuSijCz7sc3a277R67g,Sangat membantu,5,0,1.33,2024-08-13 19:57:10,,,1.33
e870fe75-bc17-4654-b9b2-89df020caee6,Pengguna Google,https://play-lh.googleusercontent.com/EGemoI2NTXmTsBVtJqk8jxF9rh8ApRWfsIMQSt2uE4OcpQqbFu7f7NbTK05lx80nuSijCz7sc3a277R67g,Mantap,5,0,1.40,2024-08-13 19:55:20,,,1.40
e6b8d4ff-f91b-4de5-ad2c-b8da6138e7f9,Pengguna Google,https://play-lh.googleusercontent.com/EGemoI2NTXmTsBVtJqk8jxF9rh8ApRWfsIMQSt2uE4OcpQqbFu7f7NbTK05lx80nuSijCz7sc3a277R67g,Good bett dah,5,0,1.40,2024-08-13 19:54:43,,,1.40
ee9326ad-fc87-47e4-9113-84421d164a38,Pengguna Google,https://play-lh.googleusercontent.com/EGemoI2NTXmTsBVtJqk8jxF9rh8ApRWfsIMQSt2uE4OcpQqbFu7f7NbTK05lx80nuSijCz7sc3a277R67g,top,5,0,1.40,2024-08-13 19:51:25,,,1.40
e6378c43-f440-421e-9862-9454dbff4f1b,Pengguna Google,https://play-lh.googleusercontent.com/EGemoI2NTXmTsBVtJqk8jxF9rh8ApRWfsIMQSt2uE4OcpQqbFu7f7NbTK05lx80nuSijCz7sc3a277R67g,Lebih melihat rute / akses bus,5,0,1.40,2024-08-13 19:51:16,,,1.40
26d5c717-0c71-4dc5-9960-18226fcbd01e,Pengguna Google,https://play-lh.googleusercontent.com/EGemoI2NTXmTsBVtJqk8jxF9rh8ApRWfsIMQSt2uE4OcpQqbFu7f7NbTK05lx80nuSijCz7sc3a277R67g,Aplikasi ini sangat bagus bisa membantu mencari rute,5,0,1.40,2024-08-13 19:48:19,,,1.40
293c0fc9-e2f8-4224-91c2-9bed0f15bd1c,Pengguna Google,https://play-lh.googleusercontent.com/EGemoI2NTXmTsBVtJqk8jxF9rh8ApRWfsIMQSt2uE4OcpQqbFu7f7NbTK05lx80nuSijCz7sc3a277R67g,"Sangat membantu untuk kedatangan bus dan mencari tempat tujuan (rute), trimakasih TJ",5,0,1.39,2024-08-13 19:47:38,,,1.39
b6ff2926-f8d9-4d86-a110-de5e94b13f7b,Pengguna Google,https://play-lh.googleusercontent.com/EGemoI2NTXmTsBVtJqk8jxF9rh8ApRWfsIMQSt2uE4OcpQqbFu7f7NbTK05lx80nuSijCz7sc3a277R67g,Ikut ikut komen kata mas haris,5,0,1.40,2024-08-13 19:46:00,,,1.40
0962c45a-f955-45ea-bf09-0b07c53709e9,Pengguna Google,https://play-lh.googleusercontent.com/EGemoI2NTXmTsBVtJqk8jxF9rh8ApRWfsIMQSt2uE4OcpQqbFu7f7NbTK05lx80nuSijCz7sc3a277R67g,sangat membantu dengan adanya apk ini,5,0,1.40,2024-08-13 19:44:18,,,1.40
7b6aeaaf-b071-4eaa-a9f0-b86d1d256337,Pengguna Google,https://play-lh.googleusercontent.com/EGemoI2NTXmTsBVtJqk8jxF9rh8ApRWfsIMQSt2uE4OcpQqbFu7f7NbTK05lx80nuSijCz7sc3a277R67g,Mantap,5,0,1.40,2024-08-13 19:43:49,,,1.40
1deb068b-fb8f-449c-8587-083a81e15649,Pengguna Google,https://play-lh.googleusercontent.com/EGemoI2NTXmTsBVtJqk8jxF9rh8ApRWfsIMQSt2uE4OcpQqbFu7f7NbTK05lx80nuSijCz7sc3a277R67g,Sangat bermanfatt untuk aplikasi ini Sangant bagus untuk penguna transportasi lebih akurat,5,0,1.40,2024-08-13 19:43:12,,,1.40
f07c2762-4304-4e85-a254-e37926e17b91,Pengguna Google,https://play-lh.googleusercontent.com/EGemoI2NTXmTsBVtJqk8jxF9rh8ApRWfsIMQSt2uE4OcpQqbFu7f7NbTK05lx80nuSijCz7sc3a277R67g,Aplikasi nya sangat membantu untuk pelanggan setia tj,5,0,1.40,2024-08-13 19:42:34,,,1.40
9f99d49f-f2be-464e-b741-3c14ad54431b,Pengguna Google,https://play-lh.googleusercontent.com/EGemoI2NTXmTsBVtJqk8jxF9rh8ApRWfsIMQSt2uE4OcpQqbFu7f7NbTK05lx80nuSijCz7sc3a277R67g,Aplikasinya sangat membantu terimakasih tije,5,0,1.40,2024-08-13 19:41:01,,,1.40
8dde0166-157d-40ba-965b-52d72ed02d7b,Pengguna Google,https://play-lh.googleusercontent.com/EGemoI2NTXmTsBVtJqk8jxF9rh8ApRWfsIMQSt2uE4OcpQqbFu7f7NbTK05lx80nuSijCz7sc3a277R67g,Terbaik,5,0,1.40,2024-08-13 19:40:23,,,1.40
c4ad2477-bdcc-4346-8922-e5de45fe1fd7,Pengguna Google,https://play-lh.googleusercontent.com/EGemoI2NTXmTsBVtJqk8jxF9rh8ApRWfsIMQSt2uE4OcpQqbFu7f7NbTK05lx80nuSijCz7sc3a277R67g,Nice!,5,0,1.40,2024-08-13 19:39:52,,,1.40
3f1e2768-eb31-4666-90b7-6a45141dc00b,Pengguna Google,https://play-lh.googleusercontent.com/EGemoI2NTXmTsBVtJqk8jxF9rh8ApRWfsIMQSt2uE4OcpQqbFu7f7NbTK05lx80nuSijCz7sc3a277R67g,aplikasi ini sangat membantu untuk seputeran transjakarta dan info info terbaru tentang transjakarta,5,0,1.40,2024-08-13 19:39:44,,,1.40
f6247609-739f-46c1-ac1d-92222ee8ea04,Pengguna Google,https://play-lh.googleusercontent.com/EGemoI2NTXmTsBVtJqk8jxF9rh8ApRWfsIMQSt2uE4OcpQqbFu7f7NbTK05lx80nuSijCz7sc3a277R67g,Transjakarta menjadi moda transportasi yang paling hemat dan menjangkau semua wilayah Jakarta,5,0,1.40,2024-08-13 19:39:43,,,1.40
a5da3c18-9111-4a28-8c52-e0a49db8a5bd,Pengguna Google,https://play-lh.googleusercontent.com/EGemoI2NTXmTsBVtJqk8jxF9rh8ApRWfsIMQSt2uE4OcpQqbFu7f7NbTK05lx80nuSijCz7sc3a277R67g,Keren,5,0,1.40,2024-08-13 19:38:55,,,1.40
6d7bced2-002c-42cc-9be1-bc3d373efe99,Pengguna Google,https://play-lh.googleusercontent.com/EGemoI2NTXmTsBVtJqk8jxF9rh8ApRWfsIMQSt2uE4OcpQqbFu7f7NbTK05lx80nuSijCz7sc3a277R67g,Aplikasi sangat membantu,5,0,1.40,2024-08-13 19:37:16,,,1.40
55f240e0-084f-4652-9864-581e0aca344e,Pengguna Google,https://play-lh.googleusercontent.com/EGemoI2NTXmTsBVtJqk8jxF9rh8ApRWfsIMQSt2uE4OcpQqbFu7f7NbTK05lx80nuSijCz7sc3a277R67g,Membantu saat dalam perjalanan menggunakan Transjakarta. Terus kembangkan aplikasinya supaya semakin bagus,5,0,1.33,2024-08-13 19:36:51,,,1.33
0368e004-c4d9-4a63-b232-74e509ff8e1a,Pengguna Google,https://play-lh.googleusercontent.com/EGemoI2NTXmTsBVtJqk8jxF9rh8ApRWfsIMQSt2uE4OcpQqbFu7f7NbTK05lx80nuSijCz7sc3a277R67g,Dengan ada aplikasi ini sangat membantu,5,0,1.33,2024-08-13 19:36:21,,,1.33
0cea2557-98c4-43e0-88ba-d87c30cd5c96,Pengguna Google,https://play-lh.googleusercontent.com/EGemoI2NTXmTsBVtJqk8jxF9rh8ApRWfsIMQSt2uE4OcpQqbFu7f7NbTK05lx80nuSijCz7sc3a277R67g,I like,5,0,1.37,2024-08-13 19:35:25,,,1.37
fbf08391-7bdc-4a91-92fb-229e7151c853,Pengguna Google,https://play-lh.googleusercontent.com/EGemoI2NTXmTsBVtJqk8jxF9rh8ApRWfsIMQSt2uE4OcpQqbFu7f7NbTK05lx80nuSijCz7sc3a277R67g,Bagus,5,0,1.40,2024-08-13 19:34:48,,,1.40
71d4cb80-dbd2-410b-8814-61880559629c,Pengguna Google,https://play-lh.googleusercontent.com/EGemoI2NTXmTsBVtJqk8jxF9rh8ApRWfsIMQSt2uE4OcpQqbFu7f7NbTK05lx80nuSijCz7sc3a277R67g,Aplikasinya sangat memudahkan kami untuk melihat update bis yang datang.. Terimakasih Transjakarta ☺️,5,0,1.40,2024-08-13 19:34:02,,,1.40
3153269b-d0e0-410e-9e1c-e5fd7edb2553,Pengguna Google,https://play-lh.googleusercontent.com/EGemoI2NTXmTsBVtJqk8jxF9rh8ApRWfsIMQSt2uE4OcpQqbFu7f7NbTK05lx80nuSijCz7sc3a277R67g,Good,5,0,1.40,2024-08-13 19:34:00,,,1.40
c273ac99-26ee-4bf3-888c-f548fa164310,Pengguna Google,https://play-lh.googleusercontent.com/EGemoI2NTXmTsBVtJqk8jxF9rh8ApRWfsIMQSt2uE4OcpQqbFu7f7NbTK05lx80nuSijCz7sc3a277R67g,Mempermudah dalam mengetahui keberadaan bus Transjakarta,5,0,1.40,2024-08-13 19:33:49,,,1.40
2035bf01-888c-4a16-b83a-bfd336f21719,Pengguna Google,https://play-lh.googleusercontent.com/EGemoI2NTXmTsBVtJqk8jxF9rh8ApRWfsIMQSt2uE4OcpQqbFu7f7NbTK05lx80nuSijCz7sc3a277R67g,"Lanjut Kan ,Yg Terbaik",5,0,,2024-08-13 19:33:05,,,
442c9cc8-6a48-4683-9fab-73c021ffc68b,Pengguna Google,https://play-lh.googleusercontent.com/EGemoI2NTXmTsBVtJqk8jxF9rh8ApRWfsIMQSt2uE4OcpQqbFu7f7NbTK05lx80nuSijCz7sc3a277R67g,Membantu banget aplikasinya untuk mencari rute akurat,5,0,1.40,2024-08-13 19:33:04,,,1.40
e6fd3d77-2dd0-440d-8df0-26a6dad6b100,Pengguna Google,https://play-lh.googleusercontent.com/EGemoI2NTXmTsBVtJqk8jxF9rh8ApRWfsIMQSt2uE4OcpQqbFu7f7NbTK05lx80nuSijCz7sc3a277R67g,bagus aplikasi nya,5,0,1.39,2024-08-13 19:31:42,,,1.39
457059bf-b4e4-4f73-8023-8ea10691d978,Pengguna Google,https://play-lh.googleusercontent.com/EGemoI2NTXmTsBVtJqk8jxF9rh8ApRWfsIMQSt2uE4OcpQqbFu7f7NbTK05lx80nuSijCz7sc3a277R67g,Keren ni,5,0,1.33,2024-08-13 19:31:27,,,1.33
2186f43c-7dd4-4c7b-b301-788ce607ff2d,Pengguna Google,https://play-lh.googleusercontent.com/EGemoI2NTXmTsBVtJqk8jxF9rh8ApRWfsIMQSt2uE4OcpQqbFu7f7NbTK05lx80nuSijCz7sc3a277R67g,Sangat membantu dan mempermudah untuk menemukan rutedan halte² berkeliling Jakarta menggunakan Transjakarta pokoknya mantaaapppp...,5,0,1.40,2024-08-13 19:30:23,,,1.40
66828371-d00a-4d29-a73e-55dd8af6f04d,Pengguna Google,https://play-lh.googleusercontent.com/EGemoI2NTXmTsBVtJqk8jxF9rh8ApRWfsIMQSt2uE4OcpQqbFu7f7NbTK05lx80nuSijCz7sc3a277R67g,👍,5,0,1.40,2024-08-13 19:29:42,,,1.40
5c26b228-163a-452d-b0b3-b180ff1b80ed,Pengguna Google,https://play-lh.googleusercontent.com/EGemoI2NTXmTsBVtJqk8jxF9rh8ApRWfsIMQSt2uE4OcpQqbFu7f7NbTK05lx80nuSijCz7sc3a277R67g,Mantab,5,0,1.39,2024-08-13 19:28:12,,,1.39
5b6609e7-5ce9-4623-a608-fec644e1b3e0,Pengguna Google,https://play-lh.googleusercontent.com/EGemoI2NTXmTsBVtJqk8jxF9rh8ApRWfsIMQSt2uE4OcpQqbFu7f7NbTK05lx80nuSijCz7sc3a277R67g,"Sangat bermanfaat untuk membantu dalam Mobilitas saya🙏, terima kasih tj",5,0,1.40,2024-08-13 19:25:36,,,1.40
ed50f56a-d476-40eb-ac03-a0681301de70,Pengguna Google,https://play-lh.googleusercontent.com/EGemoI2NTXmTsBVtJqk8jxF9rh8ApRWfsIMQSt2uE4OcpQqbFu7f7NbTK05lx80nuSijCz7sc3a277R67g,Ok,5,0,1.37,2024-08-13 19:23:31,,,1.37
d1924ce7-2bfc-4dc1-a916-291a23043276,Pengguna Google,https://play-lh.googleusercontent.com/EGemoI2NTXmTsBVtJqk8jxF9rh8ApRWfsIMQSt2uE4OcpQqbFu7f7NbTK05lx80nuSijCz7sc3a277R67g,Bermanfaat untuk pengguna busway,5,0,1.40,2024-08-13 19:23:04,,,1.40
18825eb0-cdc5-43c7-ba8f-e8a64f3afd15,Pengguna Google,https://play-lh.googleusercontent.com/EGemoI2NTXmTsBVtJqk8jxF9rh8ApRWfsIMQSt2uE4OcpQqbFu7f7NbTK05lx80nuSijCz7sc3a277R67g,Mantap,5,0,1.40,2024-08-13 19:22:16,,,1.40
a8048df0-ee82-4a1e-b237-ec03b995f511,Pengguna Google,https://play-lh.googleusercontent.com/EGemoI2NTXmTsBVtJqk8jxF9rh8ApRWfsIMQSt2uE4OcpQqbFu7f7NbTK05lx80nuSijCz7sc3a277R67g,Ada kemajuan dan perkembangan untuk layanan publik khusu warga Jakarta.,5,0,1.40,2024-08-13 19:21:55,,,1.40
d27796a7-3454-4f2d-b8fc-56e4ea92e5fd,Pengguna Google,https://play-lh.googleusercontent.com/EGemoI2NTXmTsBVtJqk8jxF9rh8ApRWfsIMQSt2uE4OcpQqbFu7f7NbTK05lx80nuSijCz7sc3a277R67g,Sangat membantu rutenya,5,0,1.40,2024-08-13 19:21:45,,,1.40
6a4f9f12-c3da-41df-9b76-27e1fc242385,Pengguna Google,https://play-lh.googleusercontent.com/EGemoI2NTXmTsBVtJqk8jxF9rh8ApRWfsIMQSt2uE4OcpQqbFu7f7NbTK05lx80nuSijCz7sc3a277R67g,SANGAT BAGUS 😎👍,5,0,1.40,2024-08-13 19:21:29,,,1.40
7630d050-2409-4a8d-a1d5-29032f1a0cde,Pengguna Google,https://play-lh.googleusercontent.com/EGemoI2NTXmTsBVtJqk8jxF9rh8ApRWfsIMQSt2uE4OcpQqbFu7f7NbTK05lx80nuSijCz7sc3a277R67g,Aplikasinya memudahkan banget buat kita yang suka perjalanan dan tampilannya juga simple dan keren,5,0,1.40,2024-08-13 19:20:57,,,1.40
01921ffa-2539-4e37-ad9b-d72cf937f691,Pengguna Google,https://play-lh.googleusercontent.com/EGemoI2NTXmTsBVtJqk8jxF9rh8ApRWfsIMQSt2uE4OcpQqbFu7f7NbTK05lx80nuSijCz7sc3a277R67g,"Aplikasi sangat membantu untuk menggunakan transportasi umum,, Terimakasih",5,0,1.39,2024-08-13 19:20:17,,,1.39
d8a6fb99-834d-441e-b901-7f397b31eb6a,Pengguna Google,https://play-lh.googleusercontent.com/EGemoI2NTXmTsBVtJqk8jxF9rh8ApRWfsIMQSt2uE4OcpQqbFu7f7NbTK05lx80nuSijCz7sc3a277R67g,Info dan sangat memebantu penumpang,5,0,1.40,2024-08-13 19:20:05,,,1.40
81481c1a-64ce-4304-91d4-04e972a3a30f,Pengguna Google,https://play-lh.googleusercontent.com/EGemoI2NTXmTsBVtJqk8jxF9rh8ApRWfsIMQSt2uE4OcpQqbFu7f7NbTK05lx80nuSijCz7sc3a277R67g,Sangat membantu,5,0,1.40,2024-08-13 19:18:01,,,1.40
1cae3025-e4d4-49df-baf0-01df9f122a7b,Pengguna Google,https://play-lh.googleusercontent.com/EGemoI2NTXmTsBVtJqk8jxF9rh8ApRWfsIMQSt2uE4OcpQqbFu7f7NbTK05lx80nuSijCz7sc3a277R67g,Good,5,0,1.33,2024-08-13 19:17:52,,,1.33
16ace490-a065-40e5-8ec9-9229ec4884fa,Pengguna Google,https://play-lh.googleusercontent.com/EGemoI2NTXmTsBVtJqk8jxF9rh8ApRWfsIMQSt2uE4OcpQqbFu7f7NbTK05lx80nuSijCz7sc3a277R67g,"Ayoo dikembangkan lagi aplikasi nya,beberapa koridor masih ada yg belum ter-detect untuk posisi real time bus nya.",4,0,1.40,2024-08-13 19:16:58,,,1.40
3b0d6851-fa18-4726-a3aa-aa92b791353a,Pengguna Google,https://play-lh.googleusercontent.com/EGemoI2NTXmTsBVtJqk8jxF9rh8ApRWfsIMQSt2uE4OcpQqbFu7f7NbTK05lx80nuSijCz7sc3a277R67g,Good 🫰,5,0,1.40,2024-08-13 19:16:22,,,1.40
617ce5cf-5db7-40b5-ae96-4f5690bd4971,Pengguna Google,https://play-lh.googleusercontent.com/EGemoI2NTXmTsBVtJqk8jxF9rh8ApRWfsIMQSt2uE4OcpQqbFu7f7NbTK05lx80nuSijCz7sc3a277R67g,Aplikasi sangat mendukung,5,0,1.33,2024-08-13 19:16:10,,,1.33
3edfaafc-ef5a-4075-b140-1013ace2b031,Pengguna Google,https://play-lh.googleusercontent.com/EGemoI2NTXmTsBVtJqk8jxF9rh8ApRWfsIMQSt2uE4OcpQqbFu7f7NbTK05lx80nuSijCz7sc3a277R67g,Aplikasi ini sangat membantu aku cinta Transjakarta semoga bisa nyambung sama trans Pasundan🥺,5,0,1.33,2024-08-13 19:16:01,,,1.33
d1b52eb7-d7bd-414d-87b5-8dc91cf01983,Pengguna Google,https://play-lh.googleusercontent.com/EGemoI2NTXmTsBVtJqk8jxF9rh8ApRWfsIMQSt2uE4OcpQqbFu7f7NbTK05lx80nuSijCz7sc3a277R67g,Good app,5,0,1.40,2024-08-13 19:16:00,,,1.40
4c14d1a4-4fef-4055-a2a0-ed1075b0c2d2,Pengguna Google,https://play-lh.googleusercontent.com/EGemoI2NTXmTsBVtJqk8jxF9rh8ApRWfsIMQSt2uE4OcpQqbFu7f7NbTK05lx80nuSijCz7sc3a277R67g,"aplikasinya sangat membantu, terutama mencari halte tujuan, transit, keberadaaan bus",5,0,1.40,2024-08-13 19:15:41,,,1.40
700bb064-3274-40ee-9b2a-b3e8ba4accca,Pengguna Google,https://play-lh.googleusercontent.com/EGemoI2NTXmTsBVtJqk8jxF9rh8ApRWfsIMQSt2uE4OcpQqbFu7f7NbTK05lx80nuSijCz7sc3a277R67g,Terimakasih transjakartah sudah mengeluarkan aplikasi yang begitu amat canggih,5,0,1.35,2024-08-13 19:15:16,,,1.35
61314613-aa93-4b8d-ab54-f6f74bca630c,Pengguna Google,https://play-lh.googleusercontent.com/EGemoI2NTXmTsBVtJqk8jxF9rh8ApRWfsIMQSt2uE4OcpQqbFu7f7NbTK05lx80nuSijCz7sc3a277R67g,terbaik,5,0,1.37,2024-08-13 19:15:09,,,1.37
3d44e56f-87da-4a00-81e1-bdeafd0a1b24,Pengguna Google,https://play-lh.googleusercontent.com/EGemoI2NTXmTsBVtJqk8jxF9rh8ApRWfsIMQSt2uE4OcpQqbFu7f7NbTK05lx80nuSijCz7sc3a277R67g,Sangatlah membantu aplikasi ini 👍,5,0,1.40,2024-08-13 19:14:38,,,1.40
8d397639-b470-48c9-a560-f03b487cccba,Pengguna Google,https://play-lh.googleusercontent.com/EGemoI2NTXmTsBVtJqk8jxF9rh8ApRWfsIMQSt2uE4OcpQqbFu7f7NbTK05lx80nuSijCz7sc3a277R67g,"Waaah aplikasi ini sangat membantu kita pengguna angkutan umum, sangat memudahkan untuk cari rute untuk ke tempat tujuan yang kita tuju, selain itu penggunaan nya sangat mudah dan dapat D pahami, pokonya the best banget ini apk, terus tingkatkan segala fitur-fitur nya transjakarta ✨",5,0,,2024-08-13 19:13:57,,,
7c06a2d9-d893-474c-9a34-1ee67d96971d,Pengguna Google,https://play-lh.googleusercontent.com/EGemoI2NTXmTsBVtJqk8jxF9rh8ApRWfsIMQSt2uE4OcpQqbFu7f7NbTK05lx80nuSijCz7sc3a277R67g,Aplikasi nya bagus mudah di pahami dan bisa di gunakan melihat lokasi tujuan bus transjakarta,5,0,1.40,2024-08-13 19:13:11,,,1.40
497d2d1d-4d49-466e-8db5-28c3d6045914,Pengguna Google,https://play-lh.googleusercontent.com/EGemoI2NTXmTsBVtJqk8jxF9rh8ApRWfsIMQSt2uE4OcpQqbFu7f7NbTK05lx80nuSijCz7sc3a277R67g,Good apk membantu pelanggan transjakarta,5,0,1.40,2024-08-13 19:12:59,,,1.40
9831ec2e-ecb5-4f8a-bd79-da2e0e30b0de,Pengguna Google,https://play-lh.googleusercontent.com/EGemoI2NTXmTsBVtJqk8jxF9rh8ApRWfsIMQSt2uE4OcpQqbFu7f7NbTK05lx80nuSijCz7sc3a277R67g,Ok apss sangat membantu,5,0,1.33,2024-08-13 19:12:58,,,1.33
ca5c9653-3a2d-4de8-ab66-bbc6eb7435cc,Pengguna Google,https://play-lh.googleusercontent.com/EGemoI2NTXmTsBVtJqk8jxF9rh8ApRWfsIMQSt2uE4OcpQqbFu7f7NbTK05lx80nuSijCz7sc3a277R67g,"Semoga apk nya bermanfaat, dan membantu pengguna nya, kalo ada yg kurang dan menarik semoga diperbaiki kembali sampai sini sih udah oke lah, udah cukup bagus semoga kedepannya lebih bagus lagi 👍👍👍👍 saya kasih bintang 5 kalo bintang nya ada 10 pasti dikasih semua",5,1,1.40,2024-08-13 19:12:54,,,1.40
394d51f0-f175-4615-829c-3be3eb9f5a05,Pengguna Google,https://play-lh.googleusercontent.com/EGemoI2NTXmTsBVtJqk8jxF9rh8ApRWfsIMQSt2uE4OcpQqbFu7f7NbTK05lx80nuSijCz7sc3a277R67g,Aplikasi nya sangat berguna dan mempermudah,5,0,1.40,2024-08-13 19:12:44,,,1.40
5ba8f743-6108-40c0-bf23-bfcdfaeb6d9c,Pengguna Google,https://play-lh.googleusercontent.com/EGemoI2NTXmTsBVtJqk8jxF9rh8ApRWfsIMQSt2uE4OcpQqbFu7f7NbTK05lx80nuSijCz7sc3a277R67g,Mantap,5,0,,2024-08-13 19:12:40,,,
c7828307-22fd-4200-b6ce-41f2ab6c927d,Pengguna Google,https://play-lh.googleusercontent.com/EGemoI2NTXmTsBVtJqk8jxF9rh8ApRWfsIMQSt2uE4OcpQqbFu7f7NbTK05lx80nuSijCz7sc3a277R67g,"Saya pengguna Transjakarta bus angkutan perkotaan modern yg sangat nyaman, bagus dan pelayanan angkutan transportasi terbaik",5,0,1.37,2024-08-13 19:11:17,,,1.37
1cbeb43b-8beb-4762-a37f-75cb4d7f9516,Pengguna Google,https://play-lh.googleusercontent.com/EGemoI2NTXmTsBVtJqk8jxF9rh8ApRWfsIMQSt2uE4OcpQqbFu7f7NbTK05lx80nuSijCz7sc3a277R67g,muantap mempermudah kita melihat rute transportasi umumnya,5,0,1.40,2024-08-13 19:11:16,,,1.40
4841e064-05a0-4fee-b9cc-98c8c340baf7,Pengguna Google,https://play-lh.googleusercontent.com/EGemoI2NTXmTsBVtJqk8jxF9rh8ApRWfsIMQSt2uE4OcpQqbFu7f7NbTK05lx80nuSijCz7sc3a277R67g,Seragam klo bisa dapet satu tahun sekali,5,0,1.40,2024-08-13 19:09:21,,,1.40
dc280da6-498a-4895-ab86-b040db087df6,Pengguna Google,https://play-lh.googleusercontent.com/EGemoI2NTXmTsBVtJqk8jxF9rh8ApRWfsIMQSt2uE4OcpQqbFu7f7NbTK05lx80nuSijCz7sc3a277R67g,Aplikasi sangat membantu,5,0,1.37,2024-08-13 19:08:14,,,1.37
44f00187-3da2-490d-bda1-f2a71d8ff077,Pengguna Google,https://play-lh.googleusercontent.com/EGemoI2NTXmTsBVtJqk8jxF9rh8ApRWfsIMQSt2uE4OcpQqbFu7f7NbTK05lx80nuSijCz7sc3a277R67g,Akurat untuk melihat posisi bus,5,0,1.40,2024-08-13 19:06:15,,,1.40
8eb09bae-a3e6-407a-999b-00810a0387d8,Pengguna Google,https://play-lh.googleusercontent.com/EGemoI2NTXmTsBVtJqk8jxF9rh8ApRWfsIMQSt2uE4OcpQqbFu7f7NbTK05lx80nuSijCz7sc3a277R67g,mantap Alhamdulillah sangat membantu saya,5,0,1.40,2024-08-13 19:05:07,,,1.40
def6ed5d-470d-4346-a1b8-10c6a07c53ae,Pengguna Google,https://play-lh.googleusercontent.com/EGemoI2NTXmTsBVtJqk8jxF9rh8ApRWfsIMQSt2uE4OcpQqbFu7f7NbTK05lx80nuSijCz7sc3a277R67g,Aplikasi yg sangat berguna,5,0,1.39,2024-08-13 19:03:53,,,1.39
a09d2f86-0b8a-4c13-aae2-e752fdde061a,Pengguna Google,https://play-lh.googleusercontent.com/EGemoI2NTXmTsBVtJqk8jxF9rh8ApRWfsIMQSt2uE4OcpQqbFu7f7NbTK05lx80nuSijCz7sc3a277R67g,"Transjakarta adalah salah satu pelayanan publik umum terbaik dr yg terbaik di ibukota jakarta serta terintergrasi yg memudahkan masyarakat dalam mencapai tujuan tertentu dgn rasa nyaman,aman n menjaga keselamatan para pelanggan!!",5,0,1.40,2024-08-13 19:03:04,,,1.40
1516d2d2-6d93-4e9c-9f4b-7d4adfa5d431,Pengguna Google,https://play-lh.googleusercontent.com/EGemoI2NTXmTsBVtJqk8jxF9rh8ApRWfsIMQSt2uE4OcpQqbFu7f7NbTK05lx80nuSijCz7sc3a277R67g,"Bagus Aplikasi nya tidak lemot,mudah sekali di gunakan terutama melacak posisi keberadaan bus,fiktur nya juga Bagus dan mudah sekali di gunakan Keren Mantap Transjakarta",5,1,1.40,2024-08-13 19:02:46,,,1.40
d60a60a5-069f-457c-b007-bcec6719a899,Pengguna Google,https://play-lh.googleusercontent.com/EGemoI2NTXmTsBVtJqk8jxF9rh8ApRWfsIMQSt2uE4OcpQqbFu7f7NbTK05lx80nuSijCz7sc3a277R67g,Aplikasi bagus,5,0,1.40,2024-08-13 19:02:23,,,1.40
ee96af5e-50ad-4fd6-98fd-276604feccb7,Pengguna Google,https://play-lh.googleusercontent.com/EGemoI2NTXmTsBVtJqk8jxF9rh8ApRWfsIMQSt2uE4OcpQqbFu7f7NbTK05lx80nuSijCz7sc3a277R67g,Aplikasi sangat membantu untuk menggunakan transportasi Transjakarta,5,0,1.40,2024-08-13 19:00:57,,,1.40
11616b07-5d7e-402c-9f00-76dd5a2bd86a,Pengguna Google,https://play-lh.googleusercontent.com/EGemoI2NTXmTsBVtJqk8jxF9rh8ApRWfsIMQSt2uE4OcpQqbFu7f7NbTK05lx80nuSijCz7sc3a277R67g,"Aplikasi yg bagus ,sederhana dan sangat memudahkan",5,0,1.40,2024-08-13 19:00:40,,,1.40
1e225908-cf8b-4cc3-be28-a88e8b3417fb,Pengguna Google,https://play-lh.googleusercontent.com/EGemoI2NTXmTsBVtJqk8jxF9rh8ApRWfsIMQSt2uE4OcpQqbFu7f7NbTK05lx80nuSijCz7sc3a277R67g,Sangat membantu untuk pengguna layanan transjakarta,5,0,1.33,2024-08-13 19:00:38,,,1.33
be708ee8-271c-4d43-9d79-21ff14d1e563,Pengguna Google,https://play-lh.googleusercontent.com/EGemoI2NTXmTsBVtJqk8jxF9rh8ApRWfsIMQSt2uE4OcpQqbFu7f7NbTK05lx80nuSijCz7sc3a277R67g,Bagus,5,0,1.37,2024-08-13 19:00:08,,,1.37
08b7423e-7fd8-4fd9-950a-9fa8cab2be0e,Pengguna Google,https://play-lh.googleusercontent.com/EGemoI2NTXmTsBVtJqk8jxF9rh8ApRWfsIMQSt2uE4OcpQqbFu7f7NbTK05lx80nuSijCz7sc3a277R67g,Aplikasi yang sangat mendukung untuk masyarakat yang keseharian nya pergi ke manapun dengan Transjakarta menjadi lebih mudah dan simpel,5,0,1.40,2024-08-13 19:00:08,,,1.40
ccead062-f62a-4c57-8215-21befe1c2589,Pengguna Google,https://play-lh.googleusercontent.com/EGemoI2NTXmTsBVtJqk8jxF9rh8ApRWfsIMQSt2uE4OcpQqbFu7f7NbTK05lx80nuSijCz7sc3a277R67g,terimakasih tadi nya saya hampir nyasar eh nemu apk ini jadi bisa pulang deh,5,0,1.39,2024-08-13 18:58:49,,,1.39
f2479d45-f150-4d99-867a-c6202de77792,Pengguna Google,https://play-lh.googleusercontent.com/EGemoI2NTXmTsBVtJqk8jxF9rh8ApRWfsIMQSt2uE4OcpQqbFu7f7NbTK05lx80nuSijCz7sc3a277R67g,Ok,5,0,1.35,2024-08-13 18:57:35,,,1.35
ec75b64d-6cf1-4221-a92a-92b8fff1abe1,Pengguna Google,https://play-lh.googleusercontent.com/EGemoI2NTXmTsBVtJqk8jxF9rh8ApRWfsIMQSt2uE4OcpQqbFu7f7NbTK05lx80nuSijCz7sc3a277R67g,Sangat bagus dan membantu dengan adanya aplikasi transjakarta ini 🫶🥰,5,0,1.40,2024-08-13 18:57:04,,,1.40
4c3bc638-e761-4de3-a9cb-54c25934b364,Pengguna Google,https://play-lh.googleusercontent.com/EGemoI2NTXmTsBVtJqk8jxF9rh8ApRWfsIMQSt2uE4OcpQqbFu7f7NbTK05lx80nuSijCz7sc3a277R67g,Terima Kasih PT Transjakarta udah ciptain aplikasi Sebagus ini sangat mempermudah kan sekali melihat kedatangan busway dan jaklinko,5,0,1.40,2024-08-13 18:56:58,,,1.40
d19bcc48-e665-4e04-b39c-375340ac8919,Pengguna Google,https://play-lh.googleusercontent.com/EGemoI2NTXmTsBVtJqk8jxF9rh8ApRWfsIMQSt2uE4OcpQqbFu7f7NbTK05lx80nuSijCz7sc3a277R67g,Bagus karena mudah digunakan,5,0,1.40,2024-08-13 18:56:57,,,1.40
79d13d3c-8240-4400-862c-0b31ed719498,Pengguna Google,https://play-lh.googleusercontent.com/EGemoI2NTXmTsBVtJqk8jxF9rh8ApRWfsIMQSt2uE4OcpQqbFu7f7NbTK05lx80nuSijCz7sc3a277R67g,Mantul ..berguna untuk berpergian tidak takut nyasar nyasar..,5,0,1.40,2024-08-13 18:56:55,,,1.40
d1a8b29a-bbb6-4ce3-853d-3b4e4d1333b4,Pengguna Google,https://play-lh.googleusercontent.com/EGemoI2NTXmTsBVtJqk8jxF9rh8ApRWfsIMQSt2uE4OcpQqbFu7f7NbTK05lx80nuSijCz7sc3a277R67g,Apk nya sangat membantu dan berguna sekali,5,0,1.40,2024-08-13 18:56:36,,,1.40
c1278e01-87f4-4973-984e-ef0fdfc80cbb,Pengguna Google,https://play-lh.googleusercontent.com/EGemoI2NTXmTsBVtJqk8jxF9rh8ApRWfsIMQSt2uE4OcpQqbFu7f7NbTK05lx80nuSijCz7sc3a277R67g,Aplikasinya sangat membantu untuk cek lokasi Mikrotrans... Sangat membantu.,5,0,1.40,2024-08-13 18:56:23,,,1.40
8fd9cf05-5bbc-46ef-9925-afd74f2869bc,Pengguna Google,https://play-lh.googleusercontent.com/EGemoI2NTXmTsBVtJqk8jxF9rh8ApRWfsIMQSt2uE4OcpQqbFu7f7NbTK05lx80nuSijCz7sc3a277R67g,Sangat bagus dan sangat terkendali,5,0,1.40,2024-08-13 18:56:02,,,1.40
8ded2a4a-13f5-408f-b08f-52a15737d91b,Pengguna Google,https://play-lh.googleusercontent.com/EGemoI2NTXmTsBVtJqk8jxF9rh8ApRWfsIMQSt2uE4OcpQqbFu7f7NbTK05lx80nuSijCz7sc3a277R67g,Live tracking sangat membantu,5,0,1.40,2024-08-13 18:55:56,,,1.40
2234110d-6300-4e13-9872-e2e39756f90c,Pengguna Google,https://play-lh.googleusercontent.com/EGemoI2NTXmTsBVtJqk8jxF9rh8ApRWfsIMQSt2uE4OcpQqbFu7f7NbTK05lx80nuSijCz7sc3a277R67g,Mempermudah untuk mengetahui keberadaan bus yang akan dituju,5,0,1.40,2024-08-13 18:55:52,,,1.40
32277661-831b-4554-a37d-e1727d394704,Pengguna Google,https://play-lh.googleusercontent.com/EGemoI2NTXmTsBVtJqk8jxF9rh8ApRWfsIMQSt2uE4OcpQqbFu7f7NbTK05lx80nuSijCz7sc3a277R67g,Sangat membantu,5,0,1.33,2024-08-13 18:55:35,,,1.33
1a383d9f-4255-468d-b6ce-114f867e0bf7,Pengguna Google,https://play-lh.googleusercontent.com/EGemoI2NTXmTsBVtJqk8jxF9rh8ApRWfsIMQSt2uE4OcpQqbFu7f7NbTK05lx80nuSijCz7sc3a277R67g,Aplikasi bagus,5,0,1.40,2024-08-13 18:54:55,,,1.40
1710641a-88f4-452f-a8e7-32850bd02e26,Pengguna Google,https://play-lh.googleusercontent.com/EGemoI2NTXmTsBVtJqk8jxF9rh8ApRWfsIMQSt2uE4OcpQqbFu7f7NbTK05lx80nuSijCz7sc3a277R67g,Wokeh,5,0,1.40,2024-08-13 18:54:11,,,1.40
751c6c4a-c520-4a35-a77a-78cc0c1b5102,Pengguna Google,https://play-lh.googleusercontent.com/EGemoI2NTXmTsBVtJqk8jxF9rh8ApRWfsIMQSt2uE4OcpQqbFu7f7NbTK05lx80nuSijCz7sc3a277R67g,Sangat membantu dalam mencari rute tujuan apabila kita bingung,5,0,1.40,2024-08-13 18:53:51,,,1.40
d6185355-8b57-4a89-ba93-8cd8a97075c0,Pengguna Google,https://play-lh.googleusercontent.com/EGemoI2NTXmTsBVtJqk8jxF9rh8ApRWfsIMQSt2uE4OcpQqbFu7f7NbTK05lx80nuSijCz7sc3a277R67g,Bagus Sangat membantu,5,0,1.37,2024-08-13 18:53:20,,,1.37
120dbc95-3abc-4f8f-b73c-a19c1b3db115,Pengguna Google,https://play-lh.googleusercontent.com/EGemoI2NTXmTsBVtJqk8jxF9rh8ApRWfsIMQSt2uE4OcpQqbFu7f7NbTK05lx80nuSijCz7sc3a277R67g,Good aplikasi,5,0,1.40,2024-08-13 18:52:54,,,1.40
d38b2331-dba8-4a56-8ca2-4a70ae544945,Pengguna Google,https://play-lh.googleusercontent.com/EGemoI2NTXmTsBVtJqk8jxF9rh8ApRWfsIMQSt2uE4OcpQqbFu7f7NbTK05lx80nuSijCz7sc3a277R67g,Sangat membantu.,5,0,1.40,2024-08-13 18:51:30,,,1.40
d5d249df-2f80-419f-bc5c-a1f61e13304f,Pengguna Google,https://play-lh.googleusercontent.com/EGemoI2NTXmTsBVtJqk8jxF9rh8ApRWfsIMQSt2uE4OcpQqbFu7f7NbTK05lx80nuSijCz7sc3a277R67g,"aplikasi nya sangat memudahkan saya untuk naik busway, saya dari ngawi sangat terbantu dengan ada ya aplikasi ini.",5,0,1.40,2024-08-13 18:51:11,,,1.40
3ce4a9b9-c21a-4a3d-aa2c-81b160e4cc50,Pengguna Google,https://play-lh.googleusercontent.com/EGemoI2NTXmTsBVtJqk8jxF9rh8ApRWfsIMQSt2uE4OcpQqbFu7f7NbTK05lx80nuSijCz7sc3a277R67g,"Terimakasih Transjakarta sudah mempermudah kami untuk rute rute yang tadinya saya tidak tau ,jadi tau ,terima kasih.transjakarta",5,0,,2024-08-13 18:50:30,,,
3f9d32f5-1698-4775-8fe2-a3b95ce7d899,Pengguna Google,https://play-lh.googleusercontent.com/EGemoI2NTXmTsBVtJqk8jxF9rh8ApRWfsIMQSt2uE4OcpQqbFu7f7NbTK05lx80nuSijCz7sc3a277R67g,Aplikasi nya memudahkan khalayak ramai untuk mengetahui rute rute yg dada di Transjakarta,5,0,1.33,2024-08-13 18:48:46,,,1.33
0e238b44-22d9-456d-b558-1b35b81b833f,Pengguna Google,https://play-lh.googleusercontent.com/EGemoI2NTXmTsBVtJqk8jxF9rh8ApRWfsIMQSt2uE4OcpQqbFu7f7NbTK05lx80nuSijCz7sc3a277R67g,Sangat bagus aplikasinya dan cukup membantu,5,0,,2024-08-13 18:48:21,,,
0ae2650d-0c13-4808-803a-fd4aea7ffdb3,Pengguna Google,https://play-lh.googleusercontent.com/EGemoI2NTXmTsBVtJqk8jxF9rh8ApRWfsIMQSt2uE4OcpQqbFu7f7NbTK05lx80nuSijCz7sc3a277R67g,ok,5,0,1.33,2024-08-13 18:47:59,,,1.33
d7574ace-18e4-4afb-baaa-3dd139820b8e,Pengguna Google,https://play-lh.googleusercontent.com/EGemoI2NTXmTsBVtJqk8jxF9rh8ApRWfsIMQSt2uE4OcpQqbFu7f7NbTK05lx80nuSijCz7sc3a277R67g,Aplikasi nya sangat membantu terimakasih,5,0,,2024-08-13 18:47:50,,,
0209ad86-b550-49b8-ad98-23372e92c3b5,Pengguna Google,https://play-lh.googleusercontent.com/EGemoI2NTXmTsBVtJqk8jxF9rh8ApRWfsIMQSt2uE4OcpQqbFu7f7NbTK05lx80nuSijCz7sc3a277R67g,sangat membantu aplikasi nya,5,0,1.40,2024-08-13 18:47:48,,,1.40
9be9ff0d-571f-4e1f-b556-23ab621397bc,Pengguna Google,https://play-lh.googleusercontent.com/EGemoI2NTXmTsBVtJqk8jxF9rh8ApRWfsIMQSt2uE4OcpQqbFu7f7NbTK05lx80nuSijCz7sc3a277R67g,Mudah di pahami & sempurna u/n layanannya tersedia lengkap di aplikasi,5,0,1.40,2024-08-13 18:47:36,,,1.40
49103e67-ec3f-4a17-8412-c8a992db86b6,Pengguna Google,https://play-lh.googleusercontent.com/EGemoI2NTXmTsBVtJqk8jxF9rh8ApRWfsIMQSt2uE4OcpQqbFu7f7NbTK05lx80nuSijCz7sc3a277R67g,Aplikasi layanan transportasi bagus dan yg ter murah di jakarta.,5,0,1.40,2024-08-13 18:47:26,,,1.40
fe87e03f-f2aa-4179-889a-e477aee56892,Pengguna Google,https://play-lh.googleusercontent.com/EGemoI2NTXmTsBVtJqk8jxF9rh8ApRWfsIMQSt2uE4OcpQqbFu7f7NbTK05lx80nuSijCz7sc3a277R67g,Sat set sat set sampe pokoknya,5,0,1.40,2024-08-13 18:46:59,,,1.40
ce59f616-7299-4640-b8fb-7a0d9e5bb351,Pengguna Google,https://play-lh.googleusercontent.com/EGemoI2NTXmTsBVtJqk8jxF9rh8ApRWfsIMQSt2uE4OcpQqbFu7f7NbTK05lx80nuSijCz7sc3a277R67g,Lebih dikembangkan lagi Aplikasinya!,5,0,1.33,2024-08-13 18:46:50,,,1.33
e668406a-4d9a-4139-8245-607d6e687f6e,Pengguna Google,https://play-lh.googleusercontent.com/EGemoI2NTXmTsBVtJqk8jxF9rh8ApRWfsIMQSt2uE4OcpQqbFu7f7NbTK05lx80nuSijCz7sc3a277R67g,Sekrang sudah banyak perubahan dan Inovasi dan banyak halte yg sudah di revitalisasi semoga kedepan semakin baik lagi,5,0,1.33,2024-08-13 18:46:43,,,1.33
bc2cde67-7a31-4f3d-aae9-312d2860d17a,Pengguna Google,https://play-lh.googleusercontent.com/EGemoI2NTXmTsBVtJqk8jxF9rh8ApRWfsIMQSt2uE4OcpQqbFu7f7NbTK05lx80nuSijCz7sc3a277R67g,Sangat membantu,5,0,1.40,2024-08-13 18:46:15,,,1.40
4e296e76-83eb-4a94-b258-2fdcc5fe28f1,Pengguna Google,https://play-lh.googleusercontent.com/EGemoI2NTXmTsBVtJqk8jxF9rh8ApRWfsIMQSt2uE4OcpQqbFu7f7NbTK05lx80nuSijCz7sc3a277R67g,"Mudah di gunakan, ngebantu banget buat cek lokasi yang mau di tuju dengan menggunakan busway",5,0,1.40,2024-08-13 18:45:52,,,1.40
08dd6b20-c28a-44a1-84a4-dca727fc27dc,Pengguna Google,https://play-lh.googleusercontent.com/EGemoI2NTXmTsBVtJqk8jxF9rh8ApRWfsIMQSt2uE4OcpQqbFu7f7NbTK05lx80nuSijCz7sc3a277R67g,Aplikasinya bagus dan sangat membantu 👍👍👍,5,0,1.40,2024-08-13 18:45:39,,,1.40
e40b419c-1dbf-4bd6-8bc1-bd31ec0d9a89,Pengguna Google,https://play-lh.googleusercontent.com/EGemoI2NTXmTsBVtJqk8jxF9rh8ApRWfsIMQSt2uE4OcpQqbFu7f7NbTK05lx80nuSijCz7sc3a277R67g,Solusi tepat di jaman now,5,0,1.40,2024-08-13 18:45:32,,,1.40
99a94fb7-32ea-40c2-9dc3-680536b944f9,Pengguna Google,https://play-lh.googleusercontent.com/EGemoI2NTXmTsBVtJqk8jxF9rh8ApRWfsIMQSt2uE4OcpQqbFu7f7NbTK05lx80nuSijCz7sc3a277R67g,Playanan sudh makin bagus dan rute tujuan sudh luar bnyak,5,0,1.35,2024-08-13 18:44:34,,,1.35
f5212aeb-59ae-48a0-9cc6-6de80133fc88,Pengguna Google,https://play-lh.googleusercontent.com/EGemoI2NTXmTsBVtJqk8jxF9rh8ApRWfsIMQSt2uE4OcpQqbFu7f7NbTK05lx80nuSijCz7sc3a277R67g,Menggunakan aplikasi ini sangat membantu agar terlihat lokasi bus dimana posisi nya dan untuk rute semakin banyak,5,0,1.40,2024-08-13 18:42:48,,,1.40
ecc62363-ba4b-440a-875e-abb66f4c7502,Pengguna Google,https://play-lh.googleusercontent.com/EGemoI2NTXmTsBVtJqk8jxF9rh8ApRWfsIMQSt2uE4OcpQqbFu7f7NbTK05lx80nuSijCz7sc3a277R67g,Terimakasih Transjakarta,5,0,1.33,2024-08-13 18:42:19,,,1.33
ca08e6f5-9e58-4610-8793-5b05a44563b0,Pengguna Google,https://play-lh.googleusercontent.com/EGemoI2NTXmTsBVtJqk8jxF9rh8ApRWfsIMQSt2uE4OcpQqbFu7f7NbTK05lx80nuSijCz7sc3a277R67g,Aplikasi yg bagus.. Sangat membantu dengan fitur rencana perjalanan dan bisa melacak keberadaan bus.. Transjakarta semakin maju,5,0,1.40,2024-08-13 18:40:55,,,1.40
4209e110-aeae-4849-a0d5-9d797a77058d,Pengguna Google,https://play-lh.googleusercontent.com/EGemoI2NTXmTsBVtJqk8jxF9rh8ApRWfsIMQSt2uE4OcpQqbFu7f7NbTK05lx80nuSijCz7sc3a277R67g,kualitas terjamin kokoh tak tertandingi,5,0,1.40,2024-08-13 18:40:25,,,1.40
3677cb1a-bd0e-4109-89bb-4011b83c0c68,Pengguna Google,https://play-lh.googleusercontent.com/EGemoI2NTXmTsBVtJqk8jxF9rh8ApRWfsIMQSt2uE4OcpQqbFu7f7NbTK05lx80nuSijCz7sc3a277R67g,Keren apk nya jadi kepantau bus nya,5,0,1.40,2024-08-13 18:39:28,,,1.40
c01e901f-f3e4-4e98-af8e-4cb7e83b0fbb,Pengguna Google,https://play-lh.googleusercontent.com/EGemoI2NTXmTsBVtJqk8jxF9rh8ApRWfsIMQSt2uE4OcpQqbFu7f7NbTK05lx80nuSijCz7sc3a277R67g,Terimakasih tj,5,0,1.40,2024-08-13 18:38:50,,,1.40
b291892c-b7fd-495f-910c-121148f2e2b5,Pengguna Google,https://play-lh.googleusercontent.com/EGemoI2NTXmTsBVtJqk8jxF9rh8ApRWfsIMQSt2uE4OcpQqbFu7f7NbTK05lx80nuSijCz7sc3a277R67g,Mempermudah melacak bus terdekat 👍,5,0,1.40,2024-08-13 18:38:36,,,1.40
e9e72967-ee9c-4c85-bf0a-c0167d6a43fd,Pengguna Google,https://play-lh.googleusercontent.com/EGemoI2NTXmTsBVtJqk8jxF9rh8ApRWfsIMQSt2uE4OcpQqbFu7f7NbTK05lx80nuSijCz7sc3a277R67g,Aplikasinya sangat keren,5,0,1.40,2024-08-13 18:37:42,,,1.40
279a17a9-7cb7-4930-b3b1-992e13b5d277,Pengguna Google,https://play-lh.googleusercontent.com/EGemoI2NTXmTsBVtJqk8jxF9rh8ApRWfsIMQSt2uE4OcpQqbFu7f7NbTK05lx80nuSijCz7sc3a277R67g,Sangat baik untuk menemukan rute,5,0,1.40,2024-08-13 18:37:36,,,1.40
f125d26a-2acc-4985-bc4c-cf5b23b6ba70,Pengguna Google,https://play-lh.googleusercontent.com/EGemoI2NTXmTsBVtJqk8jxF9rh8ApRWfsIMQSt2uE4OcpQqbFu7f7NbTK05lx80nuSijCz7sc3a277R67g,Lebih mudah menggunakan aplikasi yg ini,5,0,1.40,2024-08-13 18:37:32,,,1.40
547cf3d1-69b7-4901-8d2d-98ae4aabd34c,Pengguna Google,https://play-lh.googleusercontent.com/EGemoI2NTXmTsBVtJqk8jxF9rh8ApRWfsIMQSt2uE4OcpQqbFu7f7NbTK05lx80nuSijCz7sc3a277R67g,Aplikasi Sangat Membantu,5,0,1.40,2024-08-13 18:37:04,,,1.40
4644a94f-c5c6-46c0-a258-ad0d010e197a,Pengguna Google,https://play-lh.googleusercontent.com/EGemoI2NTXmTsBVtJqk8jxF9rh8ApRWfsIMQSt2uE4OcpQqbFu7f7NbTK05lx80nuSijCz7sc3a277R67g,"Tampilan nya keren,mudah dipahami",5,0,1.39,2024-08-13 18:35:59,,,1.39
3c3f283e-9930-4f39-8c18-4f775029ecdc,Pengguna Google,https://play-lh.googleusercontent.com/EGemoI2NTXmTsBVtJqk8jxF9rh8ApRWfsIMQSt2uE4OcpQqbFu7f7NbTK05lx80nuSijCz7sc3a277R67g,"aplikasinya sangat bagus berguna dan mudah dipahami, berguna sekali karna bisa melacak keberadaan bus dan gakesusahab lg untuk melihat rute bus masing2, mantaappp",5,1,1.40,2024-08-13 18:35:24,,,1.40
9406364f-612a-4ab5-9a93-c2baa3b95c7a,Pengguna Google,https://play-lh.googleusercontent.com/EGemoI2NTXmTsBVtJqk8jxF9rh8ApRWfsIMQSt2uE4OcpQqbFu7f7NbTK05lx80nuSijCz7sc3a277R67g,Oke kalo begitu,5,0,1.40,2024-08-13 18:34:16,,,1.40
9d2accde-8b38-46fe-917c-7c791c03c734,Pengguna Google,https://play-lh.googleusercontent.com/EGemoI2NTXmTsBVtJqk8jxF9rh8ApRWfsIMQSt2uE4OcpQqbFu7f7NbTK05lx80nuSijCz7sc3a277R67g,Dengan Ada nya Aplikasi Ini Sangat Memudahkan Sekali,5,0,1.40,2024-08-13 18:34:16,,,1.40
0345973e-46ca-47a9-9728-da05df3e96cb,Pengguna Google,https://play-lh.googleusercontent.com/EGemoI2NTXmTsBVtJqk8jxF9rh8ApRWfsIMQSt2uE4OcpQqbFu7f7NbTK05lx80nuSijCz7sc3a277R67g,Terima kasih Transjakarta sudah membuat aplikasi yg sangat membantu mobilitas pelanggannya,5,0,1.39,2024-08-13 18:33:47,,,1.39
dd744f65-2e26-4214-ba9f-b598ff4190cf,Pengguna Google,https://play-lh.googleusercontent.com/EGemoI2NTXmTsBVtJqk8jxF9rh8ApRWfsIMQSt2uE4OcpQqbFu7f7NbTK05lx80nuSijCz7sc3a277R67g,Good aplication,5,0,1.33,2024-08-13 18:33:36,,,1.33
d3162279-6a4e-494f-b759-f95c493cfe3a,Pengguna Google,https://play-lh.googleusercontent.com/EGemoI2NTXmTsBVtJqk8jxF9rh8ApRWfsIMQSt2uE4OcpQqbFu7f7NbTK05lx80nuSijCz7sc3a277R67g,memudahkan untuk warga Jakarta Bepergian❤️,5,0,,2024-08-13 18:33:10,,,
ffad5d1a-f4ba-45be-ac57-e6157ad37342,Pengguna Google,https://play-lh.googleusercontent.com/EGemoI2NTXmTsBVtJqk8jxF9rh8ApRWfsIMQSt2uE4OcpQqbFu7f7NbTK05lx80nuSijCz7sc3a277R67g,sangat membantu saat berpergian menggunakan tj,5,0,1.40,2024-08-13 18:32:58,,,1.40
8261898b-4a09-44d9-88de-d4a2bb50ea27,Pengguna Google,https://play-lh.googleusercontent.com/EGemoI2NTXmTsBVtJqk8jxF9rh8ApRWfsIMQSt2uE4OcpQqbFu7f7NbTK05lx80nuSijCz7sc3a277R67g,"Aplikasi Pengganti trafi, mantap!",5,0,1.33,2024-08-13 18:32:48,,,1.33
c07f6289-6e6e-41e2-ad03-8e18f610a883,Pengguna Google,https://play-lh.googleusercontent.com/EGemoI2NTXmTsBVtJqk8jxF9rh8ApRWfsIMQSt2uE4OcpQqbFu7f7NbTK05lx80nuSijCz7sc3a277R67g,Memudahkan perjalanan saya dan Sangat membantu untuk perjalanan saya mengetahui untuk bus yang akan tiba,5,0,1.40,2024-08-13 18:32:07,,,1.40
bd51c03b-0442-4abe-b1b2-06184afc5c6f,Pengguna Google,https://play-lh.googleusercontent.com/EGemoI2NTXmTsBVtJqk8jxF9rh8ApRWfsIMQSt2uE4OcpQqbFu7f7NbTK05lx80nuSijCz7sc3a277R67g,sangat membantu ✨,5,0,1.40,2024-08-13 18:31:23,,,1.40
e4c3d4dd-f378-4cd3-9e22-cdd47cfffd12,Pengguna Google,https://play-lh.googleusercontent.com/EGemoI2NTXmTsBVtJqk8jxF9rh8ApRWfsIMQSt2uE4OcpQqbFu7f7NbTK05lx80nuSijCz7sc3a277R67g,Aplikasi mantap buat tahu posisi bis TJ berada,5,0,1.40,2024-08-13 18:31:03,,,1.40
a62b45c3-b4a7-4122-b65a-5ae436444ab4,Pengguna Google,https://play-lh.googleusercontent.com/EGemoI2NTXmTsBVtJqk8jxF9rh8ApRWfsIMQSt2uE4OcpQqbFu7f7NbTK05lx80nuSijCz7sc3a277R67g,Mempermudah perjalanan untuk melihat bus yg di naikinya,5,0,1.35,2024-08-13 18:30:48,,,1.35
deba4407-fbac-4b80-a87e-b2a0ce91a8d8,Pengguna Google,https://play-lh.googleusercontent.com/EGemoI2NTXmTsBVtJqk8jxF9rh8ApRWfsIMQSt2uE4OcpQqbFu7f7NbTK05lx80nuSijCz7sc3a277R67g,"Makan mie pakai kuah, Aplikasi Transjakarta wah⭐⭐⭐⭐⭐👍",5,0,1.40,2024-08-13 18:30:47,,,1.40
551c60a4-07c2-4b62-accc-494558b998e5,Pengguna Google,https://play-lh.googleusercontent.com/EGemoI2NTXmTsBVtJqk8jxF9rh8ApRWfsIMQSt2uE4OcpQqbFu7f7NbTK05lx80nuSijCz7sc3a277R67g,"Terimakasih, aplikasinya sangant membantu.",5,0,1.40,2024-08-13 18:30:45,,,1.40
f7e6f9e7-7568-47c6-b984-b2b51e0e7ba5,Pengguna Google,https://play-lh.googleusercontent.com/EGemoI2NTXmTsBVtJqk8jxF9rh8ApRWfsIMQSt2uE4OcpQqbFu7f7NbTK05lx80nuSijCz7sc3a277R67g,Terbaik 👍,5,0,1.40,2024-08-13 18:28:46,,,1.40
ea39b02e-182e-4f11-954c-d4f4a1cc1fb4,Pengguna Google,https://play-lh.googleusercontent.com/EGemoI2NTXmTsBVtJqk8jxF9rh8ApRWfsIMQSt2uE4OcpQqbFu7f7NbTK05lx80nuSijCz7sc3a277R67g,Mantap..semua jadi lebih mudah,5,0,1.39,2024-08-13 18:28:40,,,1.39
4771a58e-1e4f-4e3a-b055-ee4186954e02,Pengguna Google,https://play-lh.googleusercontent.com/EGemoI2NTXmTsBVtJqk8jxF9rh8ApRWfsIMQSt2uE4OcpQqbFu7f7NbTK05lx80nuSijCz7sc3a277R67g,Berguna banget buat yang dari kampung terus bingung mau kemana2 takut nyasar,5,0,1.40,2024-08-13 18:28:37,,,1.40
b4d42589-004a-4450-9d55-46a0f5bd19ac,Pengguna Google,https://play-lh.googleusercontent.com/EGemoI2NTXmTsBVtJqk8jxF9rh8ApRWfsIMQSt2uE4OcpQqbFu7f7NbTK05lx80nuSijCz7sc3a277R67g,aplikasi bagus perjalanan lebih mudah,5,0,1.33,2024-08-13 18:28:20,,,1.33
f74b7519-b316-4ba5-be5e-91a555da271e,Pengguna Google,https://play-lh.googleusercontent.com/EGemoI2NTXmTsBVtJqk8jxF9rh8ApRWfsIMQSt2uE4OcpQqbFu7f7NbTK05lx80nuSijCz7sc3a277R67g,Mudah diakses dan mempermudah dalam mencari rute perjalanan,5,0,1.40,2024-08-13 18:27:11,,,1.40
0c72c97c-54ca-454f-97f3-3bf431d03095,Pengguna Google,https://play-lh.googleusercontent.com/EGemoI2NTXmTsBVtJqk8jxF9rh8ApRWfsIMQSt2uE4OcpQqbFu7f7NbTK05lx80nuSijCz7sc3a277R67g,Bagus dan akurat.,5,0,1.40,2024-08-13 18:27:10,,,1.40
3b729ced-7235-4305-9d76-e859aa08735e,Pengguna Google,https://play-lh.googleusercontent.com/EGemoI2NTXmTsBVtJqk8jxF9rh8ApRWfsIMQSt2uE4OcpQqbFu7f7NbTK05lx80nuSijCz7sc3a277R67g,"Sangat bermanfaat untuk pengguna transportasi Jakarta,mantaaapp",5,0,1.40,2024-08-13 18:26:52,,,1.40
0885ad94-f164-4a0a-b0ab-023c0d230111,Pengguna Google,https://play-lh.googleusercontent.com/EGemoI2NTXmTsBVtJqk8jxF9rh8ApRWfsIMQSt2uE4OcpQqbFu7f7NbTK05lx80nuSijCz7sc3a277R67g,Transportasi ternyaman,5,0,1.40,2024-08-13 18:26:48,,,1.40
2b66b637-d373-41f2-a584-33b8231b0a31,Pengguna Google,https://play-lh.googleusercontent.com/EGemoI2NTXmTsBVtJqk8jxF9rh8ApRWfsIMQSt2uE4OcpQqbFu7f7NbTK05lx80nuSijCz7sc3a277R67g,good,5,0,1.33,2024-08-13 18:26:01,,,1.33
cbe048a0-7526-427a-a616-683d41032e02,Pengguna Google,https://play-lh.googleusercontent.com/EGemoI2NTXmTsBVtJqk8jxF9rh8ApRWfsIMQSt2uE4OcpQqbFu7f7NbTK05lx80nuSijCz7sc3a277R67g,Aplikasinya bermanfaat,5,0,1.40,2024-08-13 18:25:34,,,1.40
32f8f22e-c364-4beb-9b46-f09d95fd77ca,Pengguna Google,https://play-lh.googleusercontent.com/EGemoI2NTXmTsBVtJqk8jxF9rh8ApRWfsIMQSt2uE4OcpQqbFu7f7NbTK05lx80nuSijCz7sc3a277R67g,mantap terbaik,5,0,1.40,2024-08-13 18:25:33,,,1.40
8b20333f-26c1-4544-a378-1321300e79fe,Pengguna Google,https://play-lh.googleusercontent.com/EGemoI2NTXmTsBVtJqk8jxF9rh8ApRWfsIMQSt2uE4OcpQqbFu7f7NbTK05lx80nuSijCz7sc3a277R67g,Petugas layananya baik dan ramah ..terima kasih transjakarta.,5,0,,2024-08-13 18:25:26,,,
0d1e7ef2-51cf-4909-b776-95b0bc9c7410,Pengguna Google,https://play-lh.googleusercontent.com/EGemoI2NTXmTsBVtJqk8jxF9rh8ApRWfsIMQSt2uE4OcpQqbFu7f7NbTK05lx80nuSijCz7sc3a277R67g,sangat membantu,5,0,1.40,2024-08-13 18:24:21,,,1.40
b4a870a4-a8cb-41d5-88bb-182c0ffdd453,Pengguna Google,https://play-lh.googleusercontent.com/EGemoI2NTXmTsBVtJqk8jxF9rh8ApRWfsIMQSt2uE4OcpQqbFu7f7NbTK05lx80nuSijCz7sc3a277R67g,Good job 🔥,5,0,1.40,2024-08-13 18:23:26,,,1.40
dd128108-7d40-4f35-a4eb-1fdf297d4f99,Pengguna Google,https://play-lh.googleusercontent.com/EGemoI2NTXmTsBVtJqk8jxF9rh8ApRWfsIMQSt2uE4OcpQqbFu7f7NbTK05lx80nuSijCz7sc3a277R67g,"Aplikasi nya membantu banget buat gw yang kalo kemana2 naik angkutan umum kayak Transjakarta, recommended banget pokoknya",5,0,1.40,2024-08-13 18:22:46,,,1.40
d6f6b5bb-995f-4e11-8b07-b5a7d349e44e,Pengguna Google,https://play-lh.googleusercontent.com/EGemoI2NTXmTsBVtJqk8jxF9rh8ApRWfsIMQSt2uE4OcpQqbFu7f7NbTK05lx80nuSijCz7sc3a277R67g,lebih simple dan responsif dr app sbelumnya good job tj,5,0,,2024-08-13 18:22:22,,,
5be3ea4e-0eae-4a33-8b58-de9722facf2d,Pengguna Google,https://play-lh.googleusercontent.com/EGemoI2NTXmTsBVtJqk8jxF9rh8ApRWfsIMQSt2uE4OcpQqbFu7f7NbTK05lx80nuSijCz7sc3a277R67g,sangat membantu sekali👍,5,0,1.37,2024-08-13 18:20:56,,,1.37
46f250a7-3c91-4ef5-901f-0548fb5ca5c5,Pengguna Google,https://play-lh.googleusercontent.com/EGemoI2NTXmTsBVtJqk8jxF9rh8ApRWfsIMQSt2uE4OcpQqbFu7f7NbTK05lx80nuSijCz7sc3a277R67g,Inovasi baru kereen,5,0,1.40,2024-08-13 18:20:46,,,1.40
a4daca0e-1379-4825-9c74-79d5f00fad05,Pengguna Google,https://play-lh.googleusercontent.com/EGemoI2NTXmTsBVtJqk8jxF9rh8ApRWfsIMQSt2uE4OcpQqbFu7f7NbTK05lx80nuSijCz7sc3a277R67g,Goood aplicaton,5,0,1.40,2024-08-13 18:20:27,,,1.40
df2d03b2-13f2-486f-8cd5-a6b7df67db44,Pengguna Google,https://play-lh.googleusercontent.com/EGemoI2NTXmTsBVtJqk8jxF9rh8ApRWfsIMQSt2uE4OcpQqbFu7f7NbTK05lx80nuSijCz7sc3a277R67g,aplikasi sangat mudah di gunakan,5,0,1.40,2024-08-13 18:20:27,,,1.40
e5742fd6-ced3-4a9c-a0f6-723f9395e979,Pengguna Google,https://play-lh.googleusercontent.com/EGemoI2NTXmTsBVtJqk8jxF9rh8ApRWfsIMQSt2uE4OcpQqbFu7f7NbTK05lx80nuSijCz7sc3a277R67g,"aplikasi nya bagus, sangat membantu👍🏻",5,0,1.40,2024-08-13 18:20:23,,,1.40
0f5a12ba-684e-4dbb-849b-fe6dbe750899,Pengguna Google,https://play-lh.googleusercontent.com/EGemoI2NTXmTsBVtJqk8jxF9rh8ApRWfsIMQSt2uE4OcpQqbFu7f7NbTK05lx80nuSijCz7sc3a277R67g,Apik,5,0,1.40,2024-08-13 18:20:06,,,1.40
27a06f63-8773-4cb4-a5c7-627f68fc9b7b,Pengguna Google,https://play-lh.googleusercontent.com/EGemoI2NTXmTsBVtJqk8jxF9rh8ApRWfsIMQSt2uE4OcpQqbFu7f7NbTK05lx80nuSijCz7sc3a277R67g,saya menggunakan tranportasi transjakarta sangat enak&nyaman,5,0,1.33,2024-08-13 18:19:55,,,1.33
6e164056-c218-458c-9531-cc8b0f12c7f9,Pengguna Google,https://play-lh.googleusercontent.com/EGemoI2NTXmTsBVtJqk8jxF9rh8ApRWfsIMQSt2uE4OcpQqbFu7f7NbTK05lx80nuSijCz7sc3a277R67g,Bagus banget ni apk. Jadi ga bingung mau berpergian sendirian pun,5,0,1.33,2024-08-13 18:19:22,,,1.33
6ad493a8-2d3e-4323-a13f-714721d14911,Pengguna Google,https://play-lh.googleusercontent.com/EGemoI2NTXmTsBVtJqk8jxF9rh8ApRWfsIMQSt2uE4OcpQqbFu7f7NbTK05lx80nuSijCz7sc3a277R67g,👍,5,0,1.33,2024-08-13 18:18:32,,,1.33
6f584a1e-d10c-4c81-8ee4-ecbc3708a105,Pengguna Google,https://play-lh.googleusercontent.com/EGemoI2NTXmTsBVtJqk8jxF9rh8ApRWfsIMQSt2uE4OcpQqbFu7f7NbTK05lx80nuSijCz7sc3a277R67g,"Mantap aplikasi sangat membantu sekali , saya suka bisa melihat kedatangan bus secara real time di aplikasi Transjakarta",5,0,1.40,2024-08-13 18:17:16,,,1.40
d46bc86b-1321-4bf5-a2e8-faeaa63dc285,Pengguna Google,https://play-lh.googleusercontent.com/EGemoI2NTXmTsBVtJqk8jxF9rh8ApRWfsIMQSt2uE4OcpQqbFu7f7NbTK05lx80nuSijCz7sc3a277R67g,Mantap,5,0,1.40,2024-08-13 18:16:29,,,1.40
00c9f090-2811-46c2-9fbe-d9e2760f3641,Pengguna Google,https://play-lh.googleusercontent.com/EGemoI2NTXmTsBVtJqk8jxF9rh8ApRWfsIMQSt2uE4OcpQqbFu7f7NbTK05lx80nuSijCz7sc3a277R67g,Good jobb...,5,0,1.40,2024-08-13 18:16:22,,,1.40
3cf236d5-f5e4-4d67-b609-e08dd0885962,Pengguna Google,https://play-lh.googleusercontent.com/EGemoI2NTXmTsBVtJqk8jxF9rh8ApRWfsIMQSt2uE4OcpQqbFu7f7NbTK05lx80nuSijCz7sc3a277R67g,Aplikasi sangat bagus,4,0,1.40,2024-08-13 18:15:05,,,1.40
2659bb2d-198b-43bb-9a60-cacd5a92005c,Pengguna Google,https://play-lh.googleusercontent.com/EGemoI2NTXmTsBVtJqk8jxF9rh8ApRWfsIMQSt2uE4OcpQqbFu7f7NbTK05lx80nuSijCz7sc3a277R67g,Good,5,0,1.40,2024-08-13 18:13:30,,,1.40
21b60bc9-ddf2-423b-80f8-46ecc391bcff,Pengguna Google,https://play-lh.googleusercontent.com/EGemoI2NTXmTsBVtJqk8jxF9rh8ApRWfsIMQSt2uE4OcpQqbFu7f7NbTK05lx80nuSijCz7sc3a277R67g,pokonya rekomend banget ini apk. buat pengguna.. mudah banget di gunakan gak lemot. enak dan gampang di gunakan,5,0,1.40,2024-08-13 18:12:52,,,1.40
c4962e48-1f7b-4fa5-9be5-5f817755daad,Pengguna Google,https://play-lh.googleusercontent.com/EGemoI2NTXmTsBVtJqk8jxF9rh8ApRWfsIMQSt2uE4OcpQqbFu7f7NbTK05lx80nuSijCz7sc3a277R67g,"Aplikasinya mantap, real estimasi waktunya",5,0,1.40,2024-08-13 18:12:26,,,1.40
9ff3d17f-b838-47a7-a5d9-2120b17db752,Pengguna Google,https://play-lh.googleusercontent.com/EGemoI2NTXmTsBVtJqk8jxF9rh8ApRWfsIMQSt2uE4OcpQqbFu7f7NbTK05lx80nuSijCz7sc3a277R67g,"Apk yg sangat bagus,benar membantu kebutuhan pelanggan. Terima kasih Transjakarta",5,0,1.33,2024-08-13 18:12:25,,,1.33
071f4e17-12ab-4271-9335-a71285d3d472,Pengguna Google,https://play-lh.googleusercontent.com/EGemoI2NTXmTsBVtJqk8jxF9rh8ApRWfsIMQSt2uE4OcpQqbFu7f7NbTK05lx80nuSijCz7sc3a277R67g,Terimakasih sangat membantu untuk tracking kedatangan bus nya,5,0,1.40,2024-08-13 18:12:20,,,1.40
d0ddd9ab-566b-40a2-88a1-023f9e8e126b,Pengguna Google,https://play-lh.googleusercontent.com/EGemoI2NTXmTsBVtJqk8jxF9rh8ApRWfsIMQSt2uE4OcpQqbFu7f7NbTK05lx80nuSijCz7sc3a277R67g,Sangat membantu,5,0,1.39,2024-08-13 18:12:19,,,1.39
9751cf6f-1d19-40e2-a256-d4e267c700f7,Pengguna Google,https://play-lh.googleusercontent.com/EGemoI2NTXmTsBVtJqk8jxF9rh8ApRWfsIMQSt2uE4OcpQqbFu7f7NbTK05lx80nuSijCz7sc3a277R67g,Aplikasi yang mantap dan mudah,5,0,1.40,2024-08-13 18:12:02,,,1.40
b635897b-3bbf-4c36-a69b-efca310f1f4a,Pengguna Google,https://play-lh.googleusercontent.com/EGemoI2NTXmTsBVtJqk8jxF9rh8ApRWfsIMQSt2uE4OcpQqbFu7f7NbTK05lx80nuSijCz7sc3a277R67g,Aplikasinya bagus trs juga mudah untuk mencari rute yg kita inginkan🙌🔥,5,0,,2024-08-13 18:11:45,,,
65d42e7b-72f4-4b15-b234-46c8b64deccc,Pengguna Google,https://play-lh.googleusercontent.com/EGemoI2NTXmTsBVtJqk8jxF9rh8ApRWfsIMQSt2uE4OcpQqbFu7f7NbTK05lx80nuSijCz7sc3a277R67g,Good lah,5,0,1.33,2024-08-13 18:11:21,,,1.33
bc13cb7a-b120-4499-a67d-dd559d8d427a,Pengguna Google,https://play-lh.googleusercontent.com/EGemoI2NTXmTsBVtJqk8jxF9rh8ApRWfsIMQSt2uE4OcpQqbFu7f7NbTK05lx80nuSijCz7sc3a277R67g,Mantap💯,5,0,1.40,2024-08-13 18:11:12,,,1.40
2f9e0a6b-32f3-4f92-8f7b-1fb743f42f30,Pengguna Google,https://play-lh.googleusercontent.com/EGemoI2NTXmTsBVtJqk8jxF9rh8ApRWfsIMQSt2uE4OcpQqbFu7f7NbTK05lx80nuSijCz7sc3a277R67g,Sangat membantu dalam segala perjalanan,5,0,1.40,2024-08-13 18:10:56,,,1.40
800cb572-0785-4601-8989-44d5e49f4a65,Pengguna Google,https://play-lh.googleusercontent.com/EGemoI2NTXmTsBVtJqk8jxF9rh8ApRWfsIMQSt2uE4OcpQqbFu7f7NbTK05lx80nuSijCz7sc3a277R67g,Semoga transjakarta lebh baik kedepannya,5,0,1.40,2024-08-13 18:10:26,,,1.40
81d69fc4-876e-4f89-9777-c9513c603eba,Pengguna Google,https://play-lh.googleusercontent.com/EGemoI2NTXmTsBVtJqk8jxF9rh8ApRWfsIMQSt2uE4OcpQqbFu7f7NbTK05lx80nuSijCz7sc3a277R67g,sangat membantu bgt apk nya🙏🏻,5,0,1.33,2024-08-13 18:09:53,,,1.33
4bfaaf1c-8d66-4081-8c9a-b20dbcef2eed,Pengguna Google,https://play-lh.googleusercontent.com/EGemoI2NTXmTsBVtJqk8jxF9rh8ApRWfsIMQSt2uE4OcpQqbFu7f7NbTK05lx80nuSijCz7sc3a277R67g,Amat sangat membantu,5,0,1.40,2024-08-13 18:08:20,,,1.40
032f1088-d8a2-40fc-b85a-5ba76c765b49,Pengguna Google,https://play-lh.googleusercontent.com/EGemoI2NTXmTsBVtJqk8jxF9rh8ApRWfsIMQSt2uE4OcpQqbFu7f7NbTK05lx80nuSijCz7sc3a277R67g,"Terimakasih sangat membantu, untuk tracking armada diseluruh koridor❤️",5,0,1.40,2024-08-13 18:07:57,,,1.40
7f5c3b3e-f3c6-450e-8fc5-7206f8316b8b,Pengguna Google,https://play-lh.googleusercontent.com/EGemoI2NTXmTsBVtJqk8jxF9rh8ApRWfsIMQSt2uE4OcpQqbFu7f7NbTK05lx80nuSijCz7sc3a277R67g,Sangat bagus dan membantu,5,0,1.40,2024-08-13 18:07:04,,,1.40
66d50f44-49ef-48d1-8537-df4f40822aab,Pengguna Google,https://play-lh.googleusercontent.com/EGemoI2NTXmTsBVtJqk8jxF9rh8ApRWfsIMQSt2uE4OcpQqbFu7f7NbTK05lx80nuSijCz7sc3a277R67g,Mantap pokoknya,5,0,1.40,2024-08-13 18:06:36,,,1.40
7c1168d5-7580-4737-9606-16f95a4a7e24,Pengguna Google,https://play-lh.googleusercontent.com/EGemoI2NTXmTsBVtJqk8jxF9rh8ApRWfsIMQSt2uE4OcpQqbFu7f7NbTK05lx80nuSijCz7sc3a277R67g,sangat membantu mobilitas sehari² terutama di jakarta yang ingin berpergian dengan aman dan nyaman,5,0,1.40,2024-08-13 18:06:15,,,1.40
36484228-ef72-4796-a5d8-24f74847e51d,Pengguna Google,https://play-lh.googleusercontent.com/EGemoI2NTXmTsBVtJqk8jxF9rh8ApRWfsIMQSt2uE4OcpQqbFu7f7NbTK05lx80nuSijCz7sc3a277R67g,Good,5,0,1.35,2024-08-13 18:06:14,,,1.35
44cc2556-ffb4-4c92-ae17-26f3aa823395,Pengguna Google,https://play-lh.googleusercontent.com/EGemoI2NTXmTsBVtJqk8jxF9rh8ApRWfsIMQSt2uE4OcpQqbFu7f7NbTK05lx80nuSijCz7sc3a277R67g,Aplikasi Luar biasaaaa,5,0,1.33,2024-08-13 18:06:00,,,1.33
fddd71fc-0862-488b-b7b4-6ed7956b871f,Pengguna Google,https://play-lh.googleusercontent.com/EGemoI2NTXmTsBVtJqk8jxF9rh8ApRWfsIMQSt2uE4OcpQqbFu7f7NbTK05lx80nuSijCz7sc3a277R67g,Mantap 👍😎,5,0,1.39,2024-08-13 18:05:52,,,1.39
f6345093-4244-42d8-b206-d19cdaf0bf84,Pengguna Google,https://play-lh.googleusercontent.com/EGemoI2NTXmTsBVtJqk8jxF9rh8ApRWfsIMQSt2uE4OcpQqbFu7f7NbTK05lx80nuSijCz7sc3a277R67g,Sangat membantu dan memudahkan dalam pelayanan nya,5,0,,2024-08-13 18:05:43,,,
094ba962-df7a-4daa-9cbd-c08c9513e4cf,Pengguna Google,https://play-lh.googleusercontent.com/EGemoI2NTXmTsBVtJqk8jxF9rh8ApRWfsIMQSt2uE4OcpQqbFu7f7NbTK05lx80nuSijCz7sc3a277R67g,Good,5,0,1.33,2024-08-13 18:05:03,,,1.33
7bed9e11-02e8-476a-a8f4-7af79641e5df,Pengguna Google,https://play-lh.googleusercontent.com/EGemoI2NTXmTsBVtJqk8jxF9rh8ApRWfsIMQSt2uE4OcpQqbFu7f7NbTK05lx80nuSijCz7sc3a277R67g,Sangat bagus dan mudah untuk digunakan,5,0,1.40,2024-08-13 18:04:44,,,1.40
588e40ad-c245-4d89-86ea-a84d0c4784ac,Pengguna Google,https://play-lh.googleusercontent.com/EGemoI2NTXmTsBVtJqk8jxF9rh8ApRWfsIMQSt2uE4OcpQqbFu7f7NbTK05lx80nuSijCz7sc3a277R67g,Keren cakep mempermudah pelanggan,5,0,1.33,2024-08-13 18:03:57,,,1.33
3c763f4f-e15f-4860-947f-5cd67f426cdb,Pengguna Google,https://play-lh.googleusercontent.com/EGemoI2NTXmTsBVtJqk8jxF9rh8ApRWfsIMQSt2uE4OcpQqbFu7f7NbTK05lx80nuSijCz7sc3a277R67g,Wow very good,5,0,1.39,2024-08-13 18:03:47,,,1.39
f055afa9-f201-4b88-a1fc-88900de23d3d,Pengguna Google,https://play-lh.googleusercontent.com/EGemoI2NTXmTsBVtJqk8jxF9rh8ApRWfsIMQSt2uE4OcpQqbFu7f7NbTK05lx80nuSijCz7sc3a277R67g,"Aplikasi nya bagus,mudah dan sangat membantu Terimakasih Transjakarta 🙏",5,0,1.40,2024-08-13 18:03:23,,,1.40
59dded86-6ea3-4808-8d50-acd1f6c935af,Pengguna Google,https://play-lh.googleusercontent.com/EGemoI2NTXmTsBVtJqk8jxF9rh8ApRWfsIMQSt2uE4OcpQqbFu7f7NbTK05lx80nuSijCz7sc3a277R67g,Tool pada aplikasi ini sangat mudah dipahami & kita jadi tahu keberadaan busway nya🥰,5,0,1.40,2024-08-13 18:03:14,,,1.40
76cb0c76-ce40-4ffa-a2ff-84910ac4a517,Pengguna Google,https://play-lh.googleusercontent.com/EGemoI2NTXmTsBVtJqk8jxF9rh8ApRWfsIMQSt2uE4OcpQqbFu7f7NbTK05lx80nuSijCz7sc3a277R67g,Tj apps terbaik,5,0,1.40,2024-08-13 18:02:40,,,1.40
9b0b85d5-7a10-41c7-a58a-d01f4543b1b1,Pengguna Google,https://play-lh.googleusercontent.com/EGemoI2NTXmTsBVtJqk8jxF9rh8ApRWfsIMQSt2uE4OcpQqbFu7f7NbTK05lx80nuSijCz7sc3a277R67g,So far So good,5,0,1.33,2024-08-13 18:02:19,,,1.33
6bb13540-55f6-4ce5-b3c9-aa5e4228b865,Pengguna Google,https://play-lh.googleusercontent.com/EGemoI2NTXmTsBVtJqk8jxF9rh8ApRWfsIMQSt2uE4OcpQqbFu7f7NbTK05lx80nuSijCz7sc3a277R67g,Pengalaman saya sebagai plb saat d bus top yg sy tunggu pelanggan dn melayani dgn senyum dn slm tj d pagi hari ...dn mereka jwb pagi jga mas...,5,0,1.37,2024-08-13 18:02:16,,,1.37
fa66abc5-ee82-4648-8553-134b687b7bf7,Pengguna Google,https://play-lh.googleusercontent.com/EGemoI2NTXmTsBVtJqk8jxF9rh8ApRWfsIMQSt2uE4OcpQqbFu7f7NbTK05lx80nuSijCz7sc3a277R67g,Ini salah satu APK terbaik yg bermanfaat untuk masyarakat umun,5,0,1.40,2024-08-13 18:02:01,,,1.40
33249fbc-cc59-4b12-a4fe-b56da9418db4,Pengguna Google,https://play-lh.googleusercontent.com/EGemoI2NTXmTsBVtJqk8jxF9rh8ApRWfsIMQSt2uE4OcpQqbFu7f7NbTK05lx80nuSijCz7sc3a277R67g,"App nya bagus banget sangat membantu seluruh masyarakat dalam transportasi umum, semoga semakin berkembang & maju buat transjakarta",5,0,1.40,2024-08-13 18:01:33,,,1.40
fa53c6a0-0602-4cf0-8924-bf926d4fcc08,Pengguna Google,https://play-lh.googleusercontent.com/EGemoI2NTXmTsBVtJqk8jxF9rh8ApRWfsIMQSt2uE4OcpQqbFu7f7NbTK05lx80nuSijCz7sc3a277R67g,Keren aplikasi nya,5,0,1.40,2024-08-13 18:01:11,,,1.40
addc592e-08fb-40d7-aa50-ae5aec7f6640,Pengguna Google,https://play-lh.googleusercontent.com/EGemoI2NTXmTsBVtJqk8jxF9rh8ApRWfsIMQSt2uE4OcpQqbFu7f7NbTK05lx80nuSijCz7sc3a277R67g,Aplikasinys bagus sangat membantu & memudahkan naik Transjakarta,5,0,1.39,2024-08-13 18:01:11,,,1.39
9530488e-d208-48b8-8702-5c4d9a973f18,Pengguna Google,https://play-lh.googleusercontent.com/EGemoI2NTXmTsBVtJqk8jxF9rh8ApRWfsIMQSt2uE4OcpQqbFu7f7NbTK05lx80nuSijCz7sc3a277R67g,sangat membantu aplikasinya 👍👍,5,0,1.40,2024-08-13 18:01:05,,,1.40
e8139b76-ad7d-4257-9559-76c397a12baf,Pengguna Google,https://play-lh.googleusercontent.com/EGemoI2NTXmTsBVtJqk8jxF9rh8ApRWfsIMQSt2uE4OcpQqbFu7f7NbTK05lx80nuSijCz7sc3a277R67g,Mantap sangat membantu,5,0,,2024-08-13 18:01:02,,,
f2ce14b1-395e-40b6-87e4-d9916ba09dd3,Pengguna Google,https://play-lh.googleusercontent.com/EGemoI2NTXmTsBVtJqk8jxF9rh8ApRWfsIMQSt2uE4OcpQqbFu7f7NbTK05lx80nuSijCz7sc3a277R67g,"Sangat membantu perjalanan,semoga semua rute layanan bus Transjakarta terdeteksi dan akurat.",5,0,1.40,2024-08-13 18:01:00,,,1.40
f6ec8d5e-0ce9-47f5-8370-c0a34e581454,Pengguna Google,https://play-lh.googleusercontent.com/EGemoI2NTXmTsBVtJqk8jxF9rh8ApRWfsIMQSt2uE4OcpQqbFu7f7NbTK05lx80nuSijCz7sc3a277R67g,Bagus apknya dan sangat berguna terutama yg menggunakan transjakarta setiap hari.,5,0,1.40,2024-08-13 18:00:30,,,1.40
b736a526-19ec-40ce-b4c6-5cdc6db5c33c,Pengguna Google,https://play-lh.googleusercontent.com/EGemoI2NTXmTsBVtJqk8jxF9rh8ApRWfsIMQSt2uE4OcpQqbFu7f7NbTK05lx80nuSijCz7sc3a277R67g,Sangat membantu untuk pantauan armada,5,0,1.40,2024-08-13 17:59:13,,,1.40
0ac181e9-75ff-4013-85c4-28939faabe61,Pengguna Google,https://play-lh.googleusercontent.com/EGemoI2NTXmTsBVtJqk8jxF9rh8ApRWfsIMQSt2uE4OcpQqbFu7f7NbTK05lx80nuSijCz7sc3a277R67g,Mantap,5,0,1.40,2024-08-13 17:59:08,,,1.40
b85fc90e-a3fa-4e85-a424-b0f8bac2fbf1,Pengguna Google,https://play-lh.googleusercontent.com/EGemoI2NTXmTsBVtJqk8jxF9rh8ApRWfsIMQSt2uE4OcpQqbFu7f7NbTK05lx80nuSijCz7sc3a277R67g,Bagus,5,0,1.40,2024-08-13 17:58:36,,,1.40
71f392a3-5893-4ef3-927b-7d2b066db53e,Pengguna Google,https://play-lh.googleusercontent.com/EGemoI2NTXmTsBVtJqk8jxF9rh8ApRWfsIMQSt2uE4OcpQqbFu7f7NbTK05lx80nuSijCz7sc3a277R67g,sangat bermanfaat baik,5,0,1.40,2024-08-13 17:58:13,,,1.40
1c181629-96ed-4729-9f19-ef6052624c7c,Pengguna Google,https://play-lh.googleusercontent.com/EGemoI2NTXmTsBVtJqk8jxF9rh8ApRWfsIMQSt2uE4OcpQqbFu7f7NbTK05lx80nuSijCz7sc3a277R67g,Mudah digunakan dan sanggat murah juga biayanya semoga makin maju lagi,5,0,1.40,2024-08-13 17:58:12,,,1.40
3bcf8adb-9f03-4320-b679-f2b0062e2401,Pengguna Google,https://play-lh.googleusercontent.com/EGemoI2NTXmTsBVtJqk8jxF9rh8ApRWfsIMQSt2uE4OcpQqbFu7f7NbTK05lx80nuSijCz7sc3a277R67g,bagus buat informasi kedatangan bus,5,0,1.39,2024-08-13 17:57:59,,,1.39
3591770d-be87-411d-b596-2d2e14e8e4d8,Pengguna Google,https://play-lh.googleusercontent.com/EGemoI2NTXmTsBVtJqk8jxF9rh8ApRWfsIMQSt2uE4OcpQqbFu7f7NbTK05lx80nuSijCz7sc3a277R67g,Sangat membantu,5,0,1.33,2024-08-13 17:57:58,,,1.33
de7db84b-feec-455a-b50d-d1ddd15d856e,Pengguna Google,https://play-lh.googleusercontent.com/EGemoI2NTXmTsBVtJqk8jxF9rh8ApRWfsIMQSt2uE4OcpQqbFu7f7NbTK05lx80nuSijCz7sc3a277R67g,"Aplikasi yg bagus, sangat membantu sekali buat saya yg setiap hari menggunakan Transportasi Jakarta",5,0,1.40,2024-08-13 17:57:56,,,1.40
752ad299-d12c-4237-a7cf-4ce4a1be523b,Pengguna Google,https://play-lh.googleusercontent.com/EGemoI2NTXmTsBVtJqk8jxF9rh8ApRWfsIMQSt2uE4OcpQqbFu7f7NbTK05lx80nuSijCz7sc3a277R67g,Oke,5,0,1.40,2024-08-13 17:57:48,,,1.40
77db26d5-202a-49e6-bd53-0524b4dfa462,Pengguna Google,https://play-lh.googleusercontent.com/EGemoI2NTXmTsBVtJqk8jxF9rh8ApRWfsIMQSt2uE4OcpQqbFu7f7NbTK05lx80nuSijCz7sc3a277R67g,Sangat membatu adanya aplikasi ini bisa melihat kedatangan armada dan semua rute,5,0,1.39,2024-08-13 17:56:16,,,1.39
4b3d523f-d1e5-4584-9b9e-f47fbd8878ec,Pengguna Google,https://play-lh.googleusercontent.com/EGemoI2NTXmTsBVtJqk8jxF9rh8ApRWfsIMQSt2uE4OcpQqbFu7f7NbTK05lx80nuSijCz7sc3a277R67g,Bagussss,5,0,1.40,2024-08-13 17:56:11,,,1.40
c98f3364-9bea-43a4-927b-7b2355c1bfe5,Pengguna Google,https://play-lh.googleusercontent.com/EGemoI2NTXmTsBVtJqk8jxF9rh8ApRWfsIMQSt2uE4OcpQqbFu7f7NbTK05lx80nuSijCz7sc3a277R67g,Sangat membantu,5,0,1.39,2024-08-13 17:56:08,,,1.39
0a163177-6594-4f89-9b73-4fd86ac560f6,Pengguna Google,https://play-lh.googleusercontent.com/EGemoI2NTXmTsBVtJqk8jxF9rh8ApRWfsIMQSt2uE4OcpQqbFu7f7NbTK05lx80nuSijCz7sc3a277R67g,Mantap,5,0,1.37,2024-08-13 17:55:58,,,1.37
c2e2da41-6e2d-423c-b0e1-17cd4ff802ef,Pengguna Google,https://play-lh.googleusercontent.com/EGemoI2NTXmTsBVtJqk8jxF9rh8ApRWfsIMQSt2uE4OcpQqbFu7f7NbTK05lx80nuSijCz7sc3a277R67g,Aplikasi yg sangat bagus,5,0,1.40,2024-08-13 17:55:41,,,1.40
0feff93b-637b-4bd9-88b8-614ffa30bbdc,Pengguna Google,https://play-lh.googleusercontent.com/EGemoI2NTXmTsBVtJqk8jxF9rh8ApRWfsIMQSt2uE4OcpQqbFu7f7NbTK05lx80nuSijCz7sc3a277R67g,Pelayanan Transjakarta sudah semakin lebih baik dan sudah banyak rute busnya,5,0,1.40,2024-08-13 17:55:30,,,1.40
efcf208c-0475-47a3-b667-bc03bc3f8085,Pengguna Google,https://play-lh.googleusercontent.com/EGemoI2NTXmTsBVtJqk8jxF9rh8ApRWfsIMQSt2uE4OcpQqbFu7f7NbTK05lx80nuSijCz7sc3a277R67g,Semoga bermanfaat untuk semua anggota di lapangan,5,0,1.33,2024-08-13 17:55:17,,,1.33
cf0cc2d3-3b38-41fc-b9fe-96e74e718c0f,Pengguna Google,https://play-lh.googleusercontent.com/EGemoI2NTXmTsBVtJqk8jxF9rh8ApRWfsIMQSt2uE4OcpQqbFu7f7NbTK05lx80nuSijCz7sc3a277R67g,Bagus sangat membntu...,5,0,1.33,2024-08-13 17:54:59,,,1.33
337aaea4-a2d8-4a3d-9413-40150082e0f4,Pengguna Google,https://play-lh.googleusercontent.com/EGemoI2NTXmTsBVtJqk8jxF9rh8ApRWfsIMQSt2uE4OcpQqbFu7f7NbTK05lx80nuSijCz7sc3a277R67g,Apk yg sngt membantu untuk bekerja,5,0,1.39,2024-08-13 17:54:40,,,1.39
114db5d5-ac4b-442e-afc3-ef6188595ea8,Pengguna Google,https://play-lh.googleusercontent.com/EGemoI2NTXmTsBVtJqk8jxF9rh8ApRWfsIMQSt2uE4OcpQqbFu7f7NbTK05lx80nuSijCz7sc3a277R67g,"Aplikasi bagus, sangat membantu untuk pengguna TJ",5,0,,2024-08-13 17:54:16,,,
4d6d0de6-5a04-4ddd-b8db-b40de1bed544,Pengguna Google,https://play-lh.googleusercontent.com/EGemoI2NTXmTsBVtJqk8jxF9rh8ApRWfsIMQSt2uE4OcpQqbFu7f7NbTK05lx80nuSijCz7sc3a277R67g,Mudah dimengerti 🔥,5,0,,2024-08-13 17:53:03,,,
a1163edd-de26-497a-8378-88eba147f117,Pengguna Google,https://play-lh.googleusercontent.com/EGemoI2NTXmTsBVtJqk8jxF9rh8ApRWfsIMQSt2uE4OcpQqbFu7f7NbTK05lx80nuSijCz7sc3a277R67g,Aplikasi keren 👍🏻👍🏻,5,0,1.35,2024-08-13 17:52:57,,,1.35
8566ec21-9e52-41e5-9260-9be915a4c625,Pengguna Google,https://play-lh.googleusercontent.com/EGemoI2NTXmTsBVtJqk8jxF9rh8ApRWfsIMQSt2uE4OcpQqbFu7f7NbTK05lx80nuSijCz7sc3a277R67g,sangat membantu,5,0,1.39,2024-08-13 17:52:52,,,1.39
5b2403ab-7791-4015-a1cc-ddd11bebea1a,Pengguna Google,https://play-lh.googleusercontent.com/EGemoI2NTXmTsBVtJqk8jxF9rh8ApRWfsIMQSt2uE4OcpQqbFu7f7NbTK05lx80nuSijCz7sc3a277R67g,Kerenn kakak 😍😍😍😍😍,5,0,1.40,2024-08-13 17:52:38,,,1.40
c3b55ab5-d9c2-4338-81ce-43613dc406dc,Pengguna Google,https://play-lh.googleusercontent.com/EGemoI2NTXmTsBVtJqk8jxF9rh8ApRWfsIMQSt2uE4OcpQqbFu7f7NbTK05lx80nuSijCz7sc3a277R67g,Wiiihhh bagus dan keren banget nih aplikasi bermanfaat banget dah pokoknya Sukses terus buat Transjakarta,5,0,,2024-08-13 17:52:09,,,
07541df7-6b56-4a35-813b-5dc672725deb,Pengguna Google,https://play-lh.googleusercontent.com/EGemoI2NTXmTsBVtJqk8jxF9rh8ApRWfsIMQSt2uE4OcpQqbFu7f7NbTK05lx80nuSijCz7sc3a277R67g,Lanjutkan,5,0,1.40,2024-08-13 17:52:03,,,1.40
a1cfcf80-b5e3-40a9-ba19-579436b5e45c,Pengguna Google,https://play-lh.googleusercontent.com/EGemoI2NTXmTsBVtJqk8jxF9rh8ApRWfsIMQSt2uE4OcpQqbFu7f7NbTK05lx80nuSijCz7sc3a277R67g,"Aplikasinya sangat bermanfaat utk pengguna layanan transjakarta, trus tingkatkan lagi layanan nya, maju trus transjakarta kuhh",5,0,1.40,2024-08-13 17:51:45,,,1.40
a936e675-948d-4d94-bd40-72cb93f0f0fd,Pengguna Google,https://play-lh.googleusercontent.com/EGemoI2NTXmTsBVtJqk8jxF9rh8ApRWfsIMQSt2uE4OcpQqbFu7f7NbTK05lx80nuSijCz7sc3a277R67g,Bagus bangettttt,5,0,1.40,2024-08-13 17:51:44,,,1.40
33e63770-06d9-4b5a-bdf0-e7f6385238d4,Pengguna Google,https://play-lh.googleusercontent.com/EGemoI2NTXmTsBVtJqk8jxF9rh8ApRWfsIMQSt2uE4OcpQqbFu7f7NbTK05lx80nuSijCz7sc3a277R67g,Oke sangat membantu saya untuk aktivitas sehari-hari,5,0,1.40,2024-08-13 17:51:42,,,1.40
60c605c7-abed-407b-8507-35d5ef89c8c0,Pengguna Google,https://play-lh.googleusercontent.com/EGemoI2NTXmTsBVtJqk8jxF9rh8ApRWfsIMQSt2uE4OcpQqbFu7f7NbTK05lx80nuSijCz7sc3a277R67g,Sangat membantu dengan adanya aplikasi ini jadi lebih memudahkan semua,5,0,1.40,2024-08-13 17:51:19,,,1.40
da5b5539-5643-4d07-83cd-a23e16f18e06,Pengguna Google,https://play-lh.googleusercontent.com/EGemoI2NTXmTsBVtJqk8jxF9rh8ApRWfsIMQSt2uE4OcpQqbFu7f7NbTK05lx80nuSijCz7sc3a277R67g,sangat membantu memantau titik armada..,5,0,1.40,2024-08-13 17:51:17,,,1.40
edb8d667-94af-44f1-b184-5d2c296de9c7,Pengguna Google,https://play-lh.googleusercontent.com/EGemoI2NTXmTsBVtJqk8jxF9rh8ApRWfsIMQSt2uE4OcpQqbFu7f7NbTK05lx80nuSijCz7sc3a277R67g,Bagus,5,0,1.35,2024-08-13 17:51:15,,,1.35
18059e50-fe0d-4a0b-8e75-b1452ccd0271,Pengguna Google,https://play-lh.googleusercontent.com/EGemoI2NTXmTsBVtJqk8jxF9rh8ApRWfsIMQSt2uE4OcpQqbFu7f7NbTK05lx80nuSijCz7sc3a277R67g,Trs kembangkan layanan2 apk tj Sangat membantu,5,0,1.40,2024-08-13 17:51:14,,,1.40
2bf95346-ecd2-4c57-a6d4-9c086e9d4622,Pengguna Google,https://play-lh.googleusercontent.com/EGemoI2NTXmTsBVtJqk8jxF9rh8ApRWfsIMQSt2uE4OcpQqbFu7f7NbTK05lx80nuSijCz7sc3a277R67g,"memudahkan para pelanggan transjakarta dlm menemukan rute terdekat, didukung oleh sistem yang canggih dan terupdate",5,0,1.33,2024-08-13 17:50:50,,,1.33
ebcd212a-3523-44e8-92cb-7d0684227a72,Pengguna Google,https://play-lh.googleusercontent.com/EGemoI2NTXmTsBVtJqk8jxF9rh8ApRWfsIMQSt2uE4OcpQqbFu7f7NbTK05lx80nuSijCz7sc3a277R67g,oke,5,0,1.40,2024-08-13 17:50:42,,,1.40
0da37a51-3162-4e14-ab36-98df4dc6f9dd,Pengguna Google,https://play-lh.googleusercontent.com/EGemoI2NTXmTsBVtJqk8jxF9rh8ApRWfsIMQSt2uE4OcpQqbFu7f7NbTK05lx80nuSijCz7sc3a277R67g,Sangat membantu aplikasi tj,5,0,1.40,2024-08-13 17:50:18,,,1.40
d084ecab-794b-4a01-bb41-590e4946d53a,Pengguna Google,https://play-lh.googleusercontent.com/EGemoI2NTXmTsBVtJqk8jxF9rh8ApRWfsIMQSt2uE4OcpQqbFu7f7NbTK05lx80nuSijCz7sc3a277R67g,Sangat bermanfaat dan membantu pengguna transjakarta untuk saat ini dan seterus nya...,5,0,1.40,2024-08-13 17:49:54,,,1.40
a7d9016f-3b5c-4a19-b55c-ea55ca87c5c4,Pengguna Google,https://play-lh.googleusercontent.com/EGemoI2NTXmTsBVtJqk8jxF9rh8ApRWfsIMQSt2uE4OcpQqbFu7f7NbTK05lx80nuSijCz7sc3a277R67g,applikasi yg sangat membantu dan memudahkan bagi pengguna busway,5,0,1.37,2024-08-13 17:49:39,,,1.37
05f49987-76f0-45d1-8649-5900b667263b,Pengguna Google,https://play-lh.googleusercontent.com/EGemoI2NTXmTsBVtJqk8jxF9rh8ApRWfsIMQSt2uE4OcpQqbFu7f7NbTK05lx80nuSijCz7sc3a277R67g,Terima kasih Solusi 👍💯,5,0,1.40,2024-08-13 17:49:00,,,1.40
edf8c4a1-7bf3-4139-a880-3d7225ee27f5,Pengguna Google,https://play-lh.googleusercontent.com/EGemoI2NTXmTsBVtJqk8jxF9rh8ApRWfsIMQSt2uE4OcpQqbFu7f7NbTK05lx80nuSijCz7sc3a277R67g,"Apk nya sangat membantu dan memudahkan pengguna transportasi umum, khususnya TRANSJAKARTA yah, I Love Transjakarta ❤️",5,0,1.40,2024-08-13 17:48:55,,,1.40
05c16de5-27f4-491e-9f5d-30ea978ead71,Pengguna Google,https://play-lh.googleusercontent.com/EGemoI2NTXmTsBVtJqk8jxF9rh8ApRWfsIMQSt2uE4OcpQqbFu7f7NbTK05lx80nuSijCz7sc3a277R67g,Baik sangat membantu perjalanan saya. Buat naek transportasi Jakarta.,5,0,,2024-08-13 17:48:50,,,
1f14d9f1-0c54-428d-b835-d67ff5c7b2ff,Pengguna Google,https://play-lh.googleusercontent.com/EGemoI2NTXmTsBVtJqk8jxF9rh8ApRWfsIMQSt2uE4OcpQqbFu7f7NbTK05lx80nuSijCz7sc3a277R67g,Ok,5,0,1.40,2024-08-13 17:48:30,,,1.40
e08178c3-e9cd-4617-9ab7-37b6cc2e0406,Pengguna Google,https://play-lh.googleusercontent.com/EGemoI2NTXmTsBVtJqk8jxF9rh8ApRWfsIMQSt2uE4OcpQqbFu7f7NbTK05lx80nuSijCz7sc3a277R67g,Bagus👍,5,0,,2024-08-13 17:48:24,,,
aef1c3ef-cdb8-4b84-8a23-7ae538fae981,Pengguna Google,https://play-lh.googleusercontent.com/EGemoI2NTXmTsBVtJqk8jxF9rh8ApRWfsIMQSt2uE4OcpQqbFu7f7NbTK05lx80nuSijCz7sc3a277R67g,Good,5,0,1.35,2024-08-13 17:47:37,,,1.35
4bf7f9f4-46dc-40f3-8311-075a6f3659f5,Pengguna Google,https://play-lh.googleusercontent.com/EGemoI2NTXmTsBVtJqk8jxF9rh8ApRWfsIMQSt2uE4OcpQqbFu7f7NbTK05lx80nuSijCz7sc3a277R67g,Food joobb,5,0,1.40,2024-08-13 17:47:10,,,1.40
2e1ea588-3f29-4cac-8325-754b7f387c33,Pengguna Google,https://play-lh.googleusercontent.com/EGemoI2NTXmTsBVtJqk8jxF9rh8ApRWfsIMQSt2uE4OcpQqbFu7f7NbTK05lx80nuSijCz7sc3a277R67g,Sangat bagus dan mambantu,5,0,1.40,2024-08-13 17:47:04,,,1.40
27dc4727-ba9c-431e-bfa5-5322a8c8bf6b,Pengguna Google,https://play-lh.googleusercontent.com/EGemoI2NTXmTsBVtJqk8jxF9rh8ApRWfsIMQSt2uE4OcpQqbFu7f7NbTK05lx80nuSijCz7sc3a277R67g,Transjakarta semakin berinovasi dalam hal informasi,5,0,1.40,2024-08-13 17:46:50,,,1.40
49e594e0-6910-4b35-ba89-53b5ecaf8b2e,Pengguna Google,https://play-lh.googleusercontent.com/EGemoI2NTXmTsBVtJqk8jxF9rh8ApRWfsIMQSt2uE4OcpQqbFu7f7NbTK05lx80nuSijCz7sc3a277R67g,Mempermudah untuk pantauan busnya,5,0,1.40,2024-08-13 17:46:42,,,1.40
a77db779-827e-4784-9a50-cb28e44b203e,Pengguna Google,https://play-lh.googleusercontent.com/EGemoI2NTXmTsBVtJqk8jxF9rh8ApRWfsIMQSt2uE4OcpQqbFu7f7NbTK05lx80nuSijCz7sc3a277R67g,Info bus nya kurang akurat,5,0,,2024-08-13 17:46:33,,,
3ea86bc0-680c-47e7-951a-9ed1ab877208,Pengguna Google,https://play-lh.googleusercontent.com/EGemoI2NTXmTsBVtJqk8jxF9rh8ApRWfsIMQSt2uE4OcpQqbFu7f7NbTK05lx80nuSijCz7sc3a277R67g,Aplikasi yg sangat membantu,5,0,1.40,2024-08-13 17:46:28,,,1.40
b32f25c3-b3d2-454c-946d-77534e95ebb9,Pengguna Google,https://play-lh.googleusercontent.com/EGemoI2NTXmTsBVtJqk8jxF9rh8ApRWfsIMQSt2uE4OcpQqbFu7f7NbTK05lx80nuSijCz7sc3a277R67g,Mempermudah masyarakat menggunakan transportasi umum,5,0,1.37,2024-08-13 17:46:17,,,1.37
26cf4f3c-0afc-40d4-bed5-5ad52aa3bde6,Pengguna Google,https://play-lh.googleusercontent.com/EGemoI2NTXmTsBVtJqk8jxF9rh8ApRWfsIMQSt2uE4OcpQqbFu7f7NbTK05lx80nuSijCz7sc3a277R67g,Memudahkan bagi para pelanggan 💪👍,5,0,1.40,2024-08-13 17:46:10,,,1.40
164f265c-abb6-4637-a39b-3253d4b484dd,Pengguna Google,https://play-lh.googleusercontent.com/EGemoI2NTXmTsBVtJqk8jxF9rh8ApRWfsIMQSt2uE4OcpQqbFu7f7NbTK05lx80nuSijCz7sc3a277R67g,semakin MENYALA bosku..,5,0,1.39,2024-08-13 17:46:08,,,1.39
2bc83300-e457-476e-a88d-0b616a8e0272,Pengguna Google,https://play-lh.googleusercontent.com/EGemoI2NTXmTsBVtJqk8jxF9rh8ApRWfsIMQSt2uE4OcpQqbFu7f7NbTK05lx80nuSijCz7sc3a277R67g,Semoga lebih bagus lagi,5,0,1.40,2024-08-13 17:46:05,,,1.40
12011085-5833-4d27-8a0a-cc142103221e,Pengguna Google,https://play-lh.googleusercontent.com/EGemoI2NTXmTsBVtJqk8jxF9rh8ApRWfsIMQSt2uE4OcpQqbFu7f7NbTK05lx80nuSijCz7sc3a277R67g,Terimakasih Transjakarta,5,0,1.40,2024-08-13 17:46:02,,,1.40
f5ee3d1c-91b3-4822-891c-01662d55d8ed,Pengguna Google,https://play-lh.googleusercontent.com/EGemoI2NTXmTsBVtJqk8jxF9rh8ApRWfsIMQSt2uE4OcpQqbFu7f7NbTK05lx80nuSijCz7sc3a277R67g,Trimakasih tj semoga dengan apkikasi ini lebih di permudah lagi bila ingin naik transjakarta,5,0,1.40,2024-08-13 17:45:53,,,1.40
0cfbc82d-382f-4365-8df9-cff476612c88,Pengguna Google,https://play-lh.googleusercontent.com/EGemoI2NTXmTsBVtJqk8jxF9rh8ApRWfsIMQSt2uE4OcpQqbFu7f7NbTK05lx80nuSijCz7sc3a277R67g,Aplikasi yg sangat bagus membantu,5,0,1.33,2024-08-13 17:45:47,,,1.33
096a787b-8b61-43cb-865a-68e9e321f43f,Pengguna Google,https://play-lh.googleusercontent.com/EGemoI2NTXmTsBVtJqk8jxF9rh8ApRWfsIMQSt2uE4OcpQqbFu7f7NbTK05lx80nuSijCz7sc3a277R67g,"Pelayanan tanpa kenal waktu,mantapppp",5,0,1.39,2024-08-13 17:44:59,,,1.39
f6f70198-e67d-4cd9-b982-2adbda34be7f,Pengguna Google,https://play-lh.googleusercontent.com/EGemoI2NTXmTsBVtJqk8jxF9rh8ApRWfsIMQSt2uE4OcpQqbFu7f7NbTK05lx80nuSijCz7sc3a277R67g,"Membantu sekali, kembangkan lagi biar makin bagus, terimakasih.",5,0,1.33,2024-08-13 17:44:53,,,1.33
f7e8fb2b-2d64-4b29-ae52-e020cbd8f423,Pengguna Google,https://play-lh.googleusercontent.com/EGemoI2NTXmTsBVtJqk8jxF9rh8ApRWfsIMQSt2uE4OcpQqbFu7f7NbTK05lx80nuSijCz7sc3a277R67g,Memudahkan pelanggan untuk liat kedatangan bus,5,0,1.33,2024-08-13 17:44:34,,,1.33
dc3cfa98-2605-48f4-a511-a5975b9bf331,Pengguna Google,https://play-lh.googleusercontent.com/EGemoI2NTXmTsBVtJqk8jxF9rh8ApRWfsIMQSt2uE4OcpQqbFu7f7NbTK05lx80nuSijCz7sc3a277R67g,Luar biasa,5,0,1.40,2024-08-13 17:44:33,,,1.40
9aa93f8e-37dc-4343-b529-9c3a697ff26c,Pengguna Google,https://play-lh.googleusercontent.com/EGemoI2NTXmTsBVtJqk8jxF9rh8ApRWfsIMQSt2uE4OcpQqbFu7f7NbTK05lx80nuSijCz7sc3a277R67g,"apk nya bagus jadi kita mempermudah mengetahui jarak bus dan tidak lemot saat di gunakan ,, Terimkasih Tranjakarta",5,0,1.40,2024-08-13 17:44:31,,,1.40
57f367a1-1dd0-457a-bfb3-0e510b24c532,Pengguna Google,https://play-lh.googleusercontent.com/EGemoI2NTXmTsBVtJqk8jxF9rh8ApRWfsIMQSt2uE4OcpQqbFu7f7NbTK05lx80nuSijCz7sc3a277R67g,MANTABS,5,0,1.39,2024-08-13 17:44:24,,,1.39
c334f409-2301-4882-b732-324e3ae65668,Pengguna Google,https://play-lh.googleusercontent.com/EGemoI2NTXmTsBVtJqk8jxF9rh8ApRWfsIMQSt2uE4OcpQqbFu7f7NbTK05lx80nuSijCz7sc3a277R67g,Nice,5,0,1.33,2024-08-13 17:43:50,,,1.33
6e411123-0205-4de2-b7ab-f05d5e93c09f,Pengguna Google,https://play-lh.googleusercontent.com/EGemoI2NTXmTsBVtJqk8jxF9rh8ApRWfsIMQSt2uE4OcpQqbFu7f7NbTK05lx80nuSijCz7sc3a277R67g,"Bagus , efektif di gunakannya",5,0,1.35,2024-08-13 17:42:55,,,1.35
2675096d-ecbf-4e44-b9b4-551327ac0f44,Pengguna Google,https://play-lh.googleusercontent.com/EGemoI2NTXmTsBVtJqk8jxF9rh8ApRWfsIMQSt2uE4OcpQqbFu7f7NbTK05lx80nuSijCz7sc3a277R67g,Aplikasi ini sangat membantu saat berada bus datang,5,0,1.33,2024-08-13 17:42:53,,,1.33
7651c8f8-2dda-49bd-a3ce-99ee64e72ef9,Pengguna Google,https://play-lh.googleusercontent.com/EGemoI2NTXmTsBVtJqk8jxF9rh8ApRWfsIMQSt2uE4OcpQqbFu7f7NbTK05lx80nuSijCz7sc3a277R67g,Terbaik,5,0,1.33,2024-08-13 17:42:44,,,1.33
80fb9e2c-289e-4185-9202-e87d535a581d,Pengguna Google,https://play-lh.googleusercontent.com/EGemoI2NTXmTsBVtJqk8jxF9rh8ApRWfsIMQSt2uE4OcpQqbFu7f7NbTK05lx80nuSijCz7sc3a277R67g,"Aplikasi sangat membantu, recomended untuk pengguna transportasi transjakarta",5,0,1.40,2024-08-13 17:42:28,,,1.40
30d88eb2-bd5a-4001-b1d6-4ea308fd0c2d,Pengguna Google,https://play-lh.googleusercontent.com/EGemoI2NTXmTsBVtJqk8jxF9rh8ApRWfsIMQSt2uE4OcpQqbFu7f7NbTK05lx80nuSijCz7sc3a277R67g,😘😘😘,5,0,1.40,2024-08-13 17:42:17,,,1.40
d933fe23-7c0d-44c8-82a9-f388733721bc,Pengguna Google,https://play-lh.googleusercontent.com/EGemoI2NTXmTsBVtJqk8jxF9rh8ApRWfsIMQSt2uE4OcpQqbFu7f7NbTK05lx80nuSijCz7sc3a277R67g,"Apk bagus dan berguna tuk mengetahui dimana posisi bus, agar kita tertinggal... Good job Trans Jakarta smoga kedepan nya tidak terjadi bug. #TransJakarta BISA",5,1,1.39,2024-08-13 17:42:10,,,1.39
deb1557b-850e-4395-b1b2-8246a1947827,Pengguna Google,https://play-lh.googleusercontent.com/EGemoI2NTXmTsBVtJqk8jxF9rh8ApRWfsIMQSt2uE4OcpQqbFu7f7NbTK05lx80nuSijCz7sc3a277R67g,Good application,5,0,1.39,2024-08-13 17:42:06,,,1.39
058391b8-7eaf-4d59-93cd-b66c15391b85,Pengguna Google,https://play-lh.googleusercontent.com/EGemoI2NTXmTsBVtJqk8jxF9rh8ApRWfsIMQSt2uE4OcpQqbFu7f7NbTK05lx80nuSijCz7sc3a277R67g,"Mantap, sangat membantu",5,0,1.35,2024-08-13 17:41:47,,,1.35
80675384-dd12-456f-a07f-38593497c34a,Pengguna Google,https://play-lh.googleusercontent.com/EGemoI2NTXmTsBVtJqk8jxF9rh8ApRWfsIMQSt2uE4OcpQqbFu7f7NbTK05lx80nuSijCz7sc3a277R67g,Bermanfaat,5,0,1.39,2024-08-13 17:41:43,,,1.39
0e6f0c15-9269-4257-a8d3-ecdb29d6d07f,Pengguna Google,https://play-lh.googleusercontent.com/EGemoI2NTXmTsBVtJqk8jxF9rh8ApRWfsIMQSt2uE4OcpQqbFu7f7NbTK05lx80nuSijCz7sc3a277R67g,"Aplikasi sangat bagus, membantu para pelanggan untuk mencari informasi rute dan nama halte semoga makin sukses ke depan y👍",5,0,1.40,2024-08-13 17:41:39,,,1.40
26eb71f2-0c8c-4b02-a2ce-0b9653d08c32,Pengguna Google,https://play-lh.googleusercontent.com/EGemoI2NTXmTsBVtJqk8jxF9rh8ApRWfsIMQSt2uE4OcpQqbFu7f7NbTK05lx80nuSijCz7sc3a277R67g,top mantap is the best,5,0,1.33,2024-08-13 17:41:35,,,1.33
1682c8b4-017f-4988-9af7-3f9ada7c9126,Pengguna Google,https://play-lh.googleusercontent.com/EGemoI2NTXmTsBVtJqk8jxF9rh8ApRWfsIMQSt2uE4OcpQqbFu7f7NbTK05lx80nuSijCz7sc3a277R67g,Joss Wadidaw awe aweeee,5,0,,2024-08-13 17:41:28,,,
afeedfcd-b98f-4d0d-987e-77a159dec030,Pengguna Google,https://play-lh.googleusercontent.com/EGemoI2NTXmTsBVtJqk8jxF9rh8ApRWfsIMQSt2uE4OcpQqbFu7f7NbTK05lx80nuSijCz7sc3a277R67g,applikasinya sangat membantu,5,0,1.35,2024-08-13 17:41:16,,,1.35
693142b3-2037-46de-af60-1d6511092127,Pengguna Google,https://play-lh.googleusercontent.com/EGemoI2NTXmTsBVtJqk8jxF9rh8ApRWfsIMQSt2uE4OcpQqbFu7f7NbTK05lx80nuSijCz7sc3a277R67g,Aplikasi yg sangat memudahkan dan sangat membantu untuk informasi rute layanan dan fasilitas di transjakarta the best!! tingkatkan terus kenyamanan untuk pelanggan 👍,5,1,1.37,2024-08-13 17:40:40,,,1.37
3572a7ce-0105-4426-8e9d-6e68ad750d2d,Pengguna Google,https://play-lh.googleusercontent.com/EGemoI2NTXmTsBVtJqk8jxF9rh8ApRWfsIMQSt2uE4OcpQqbFu7f7NbTK05lx80nuSijCz7sc3a277R67g,Terbaikk,5,0,1.40,2024-08-13 17:40:30,,,1.40
729b4446-0d57-4777-a28f-91f435961573,Pengguna Google,https://play-lh.googleusercontent.com/EGemoI2NTXmTsBVtJqk8jxF9rh8ApRWfsIMQSt2uE4OcpQqbFu7f7NbTK05lx80nuSijCz7sc3a277R67g,Majoss,5,0,1.33,2024-08-13 17:40:25,,,1.33
870fee45-9b69-4e7d-ae9b-95c951ffe57a,Pengguna Google,https://play-lh.googleusercontent.com/EGemoI2NTXmTsBVtJqk8jxF9rh8ApRWfsIMQSt2uE4OcpQqbFu7f7NbTK05lx80nuSijCz7sc3a277R67g,"Good,sangat membantu dan bermanfaat,semakin memudahkan untuk perjalanan pengguna layanan👍🏾👍🏾👍🏾 Sukses selalu dan semakin jaya Transjakarta🙏🏻🙏🏻🙏🏻",5,0,1.40,2024-08-13 17:40:15,,,1.40
2da1b0a3-f4f8-4842-8348-67ff73625fb4,Pengguna Google,https://play-lh.googleusercontent.com/EGemoI2NTXmTsBVtJqk8jxF9rh8ApRWfsIMQSt2uE4OcpQqbFu7f7NbTK05lx80nuSijCz7sc3a277R67g,Sangat membantu sekali 🔥 #menyalatransjakarta,5,0,1.39,2024-08-13 17:40:03,,,1.39
fd3eaf48-b9a2-41ee-9b78-7e4de8d30970,Pengguna Google,https://play-lh.googleusercontent.com/EGemoI2NTXmTsBVtJqk8jxF9rh8ApRWfsIMQSt2uE4OcpQqbFu7f7NbTK05lx80nuSijCz7sc3a277R67g,Aplikasi yg sangat berguna,5,0,1.40,2024-08-13 17:40:01,,,1.40
0bfb3f16-5ca3-4eb8-a597-68774f7d7040,Pengguna Google,https://play-lh.googleusercontent.com/EGemoI2NTXmTsBVtJqk8jxF9rh8ApRWfsIMQSt2uE4OcpQqbFu7f7NbTK05lx80nuSijCz7sc3a277R67g,"Aplikasi nya bagus banget, dapat membantu saya saat berada di halte untuk bepergian menggunakan busway.. Semoga aplikasi ini dapat terus berkembang lebih bagus dan lebih baik lagi untuk para pelanggan setia transjakarta, amin amin amin ya allah amin..",5,1,1.40,2024-08-13 17:39:58,,,1.40
44c3b5da-f5da-41d0-8f54-5c77917cd106,Pengguna Google,https://play-lh.googleusercontent.com/EGemoI2NTXmTsBVtJqk8jxF9rh8ApRWfsIMQSt2uE4OcpQqbFu7f7NbTK05lx80nuSijCz7sc3a277R67g,aplikasi yang sangat membantu bisa live trek bis,5,0,1.40,2024-08-13 17:39:55,,,1.40
43e67ddd-cecd-40b5-a3a8-84fc705bcfba,Pengguna Google,https://play-lh.googleusercontent.com/EGemoI2NTXmTsBVtJqk8jxF9rh8ApRWfsIMQSt2uE4OcpQqbFu7f7NbTK05lx80nuSijCz7sc3a277R67g,"aplikasi nya bagus, sangat membantu",5,0,1.40,2024-08-13 17:39:47,,,1.40
5e5824b6-e1ee-4a4a-a2b0-661801b15a45,Pengguna Google,https://play-lh.googleusercontent.com/EGemoI2NTXmTsBVtJqk8jxF9rh8ApRWfsIMQSt2uE4OcpQqbFu7f7NbTK05lx80nuSijCz7sc3a277R67g,bagus buat lihat kedatangan bus,5,0,1.40,2024-08-13 17:39:45,,,1.40
b9ec4583-4b01-438d-8630-6a1dba7cb0bf,Pengguna Google,https://play-lh.googleusercontent.com/EGemoI2NTXmTsBVtJqk8jxF9rh8ApRWfsIMQSt2uE4OcpQqbFu7f7NbTK05lx80nuSijCz7sc3a277R67g,ini si aplikasi membantu sekali. mantap pokonya terus berikan yang terbaik Transjakarta,5,0,1.40,2024-08-13 17:39:44,,,1.40
a768fce6-065b-4275-a915-d4acc2b7f180,Pengguna Google,https://play-lh.googleusercontent.com/EGemoI2NTXmTsBVtJqk8jxF9rh8ApRWfsIMQSt2uE4OcpQqbFu7f7NbTK05lx80nuSijCz7sc3a277R67g,Good,5,0,1.40,2024-08-13 17:39:39,,,1.40
63343a57-4a87-4c55-94b1-18aee1eec513,Pengguna Google,https://play-lh.googleusercontent.com/EGemoI2NTXmTsBVtJqk8jxF9rh8ApRWfsIMQSt2uE4OcpQqbFu7f7NbTK05lx80nuSijCz7sc3a277R67g,Dengan aplikasi ini. Memudahkan untuk naik busway dan melihat titik bus berada dimana memudahkan untuk memantau bus sedang dimana,5,0,1.40,2024-08-13 17:39:21,,,1.40
451a29ba-e27b-4baa-afe2-54a5e23c69d7,Pengguna Google,https://play-lh.googleusercontent.com/EGemoI2NTXmTsBVtJqk8jxF9rh8ApRWfsIMQSt2uE4OcpQqbFu7f7NbTK05lx80nuSijCz7sc3a277R67g,Untung ada aplikasi nh jd mempermudah kita melihat ke datangan bus,5,0,1.39,2024-08-13 17:39:07,,,1.39
49e63263-7636-41a6-ab4d-592a857e9f3d,Pengguna Google,https://play-lh.googleusercontent.com/EGemoI2NTXmTsBVtJqk8jxF9rh8ApRWfsIMQSt2uE4OcpQqbFu7f7NbTK05lx80nuSijCz7sc3a277R67g,"sangat membantu, thanks!",5,0,1.40,2024-08-13 17:38:59,,,1.40
e9a0d2b1-f3e1-486d-9478-6755c8bd9a36,Pengguna Google,https://play-lh.googleusercontent.com/EGemoI2NTXmTsBVtJqk8jxF9rh8ApRWfsIMQSt2uE4OcpQqbFu7f7NbTK05lx80nuSijCz7sc3a277R67g,Aplikasinya sangat bagus bingiit..saya kasih bintang 5 untuk aplikasi ini....,5,0,1.33,2024-08-13 17:38:51,,,1.33
73c4d211-f08b-4043-9aa8-e9d837739797,Pengguna Google,https://play-lh.googleusercontent.com/EGemoI2NTXmTsBVtJqk8jxF9rh8ApRWfsIMQSt2uE4OcpQqbFu7f7NbTK05lx80nuSijCz7sc3a277R67g,Cukup bermanfaat,5,0,1.33,2024-08-13 17:38:46,,,1.33
85be894e-1ab4-4529-a2e1-dc2e8f0f8f0e,Pengguna Google,https://play-lh.googleusercontent.com/EGemoI2NTXmTsBVtJqk8jxF9rh8ApRWfsIMQSt2uE4OcpQqbFu7f7NbTK05lx80nuSijCz7sc3a277R67g,sangat bagus dan bergunaa,5,0,1.33,2024-08-13 17:38:36,,,1.33
60c98e58-14b4-4c70-ad79-e939f75f66d1,Pengguna Google,https://play-lh.googleusercontent.com/EGemoI2NTXmTsBVtJqk8jxF9rh8ApRWfsIMQSt2uE4OcpQqbFu7f7NbTK05lx80nuSijCz7sc3a277R67g,Mantap,5,0,1.40,2024-08-13 17:38:31,,,1.40
9a0dd823-551e-407c-a048-c961990ffed2,Pengguna Google,https://play-lh.googleusercontent.com/EGemoI2NTXmTsBVtJqk8jxF9rh8ApRWfsIMQSt2uE4OcpQqbFu7f7NbTK05lx80nuSijCz7sc3a277R67g,Bagus sangat berguna,5,0,1.39,2024-08-13 17:37:48,,,1.39
7a22a7d0-ed95-4f1a-bde9-1ea354c85c54,Pengguna Google,https://play-lh.googleusercontent.com/EGemoI2NTXmTsBVtJqk8jxF9rh8ApRWfsIMQSt2uE4OcpQqbFu7f7NbTK05lx80nuSijCz7sc3a277R67g,bagus aplikasi nya gk lemot,5,0,1.35,2024-08-13 17:37:38,,,1.35
05ac80a9-e010-455e-b4ea-0ba8da2590a6,Pengguna Google,https://play-lh.googleusercontent.com/EGemoI2NTXmTsBVtJqk8jxF9rh8ApRWfsIMQSt2uE4OcpQqbFu7f7NbTK05lx80nuSijCz7sc3a277R67g,Dengan ada nya aplikasi ini memudahkan sekali Terima kasih tije,5,0,1.39,2024-08-13 17:37:30,,,1.39
92851bc7-cbfb-418f-aedc-364ae9b353a2,Pengguna Google,https://play-lh.googleusercontent.com/EGemoI2NTXmTsBVtJqk8jxF9rh8ApRWfsIMQSt2uE4OcpQqbFu7f7NbTK05lx80nuSijCz7sc3a277R67g,Sangat membantu untuk tracking traja2 smoga makin jaya Transjakarta,5,0,1.33,2024-08-13 17:37:29,,,1.33
d4013fc4-37b3-4a9d-bf6d-83abd47db39a,Pengguna Google,https://play-lh.googleusercontent.com/EGemoI2NTXmTsBVtJqk8jxF9rh8ApRWfsIMQSt2uE4OcpQqbFu7f7NbTK05lx80nuSijCz7sc3a277R67g,Gampang untuk mencari rute yg di inginkan kan,5,0,1.35,2024-08-13 17:37:26,,,1.35
06da61fd-430d-4a69-80eb-a31292f034c5,Pengguna Google,https://play-lh.googleusercontent.com/EGemoI2NTXmTsBVtJqk8jxF9rh8ApRWfsIMQSt2uE4OcpQqbFu7f7NbTK05lx80nuSijCz7sc3a277R67g,Sangat bagus aplikasinya,5,0,1.40,2024-08-13 17:37:05,,,1.40
cb114f42-b6dd-44fb-a3e9-e892f9053a20,Pengguna Google,https://play-lh.googleusercontent.com/EGemoI2NTXmTsBVtJqk8jxF9rh8ApRWfsIMQSt2uE4OcpQqbFu7f7NbTK05lx80nuSijCz7sc3a277R67g,Good aplikasi..sangat membantu..thanks Tj Sukses selalu 😇,5,0,1.40,2024-08-13 17:36:53,,,1.40
02f9589e-466a-4a6f-bcc4-e02ea99f1ef8,Pengguna Google,https://play-lh.googleusercontent.com/EGemoI2NTXmTsBVtJqk8jxF9rh8ApRWfsIMQSt2uE4OcpQqbFu7f7NbTK05lx80nuSijCz7sc3a277R67g,sangat membantu,5,0,1.40,2024-08-13 17:36:48,,,1.40
80f8bee8-a862-4ec5-8f7c-44c0ce061e47,Pengguna Google,https://play-lh.googleusercontent.com/EGemoI2NTXmTsBVtJqk8jxF9rh8ApRWfsIMQSt2uE4OcpQqbFu7f7NbTK05lx80nuSijCz7sc3a277R67g,Lebih banyak pilihan untuk pembayaran,5,0,1.40,2024-08-13 17:36:47,,,1.40
eca73a92-3bc2-44f5-a139-b87c9296a492,Pengguna Google,https://play-lh.googleusercontent.com/EGemoI2NTXmTsBVtJqk8jxF9rh8ApRWfsIMQSt2uE4OcpQqbFu7f7NbTK05lx80nuSijCz7sc3a277R67g,Pelayanan TJ sudah bagus dan baik,5,0,1.40,2024-08-13 17:36:44,,,1.40
b0ba27b9-e3f6-424e-9a97-6556f264bdae,Pengguna Google,https://play-lh.googleusercontent.com/EGemoI2NTXmTsBVtJqk8jxF9rh8ApRWfsIMQSt2uE4OcpQqbFu7f7NbTK05lx80nuSijCz7sc3a277R67g,Bus nya jadi keliatan,5,0,1.40,2024-08-13 17:36:43,,,1.40
7b5a549a-e997-45ef-bde8-fc5ee0264b7e,Pengguna Google,https://play-lh.googleusercontent.com/EGemoI2NTXmTsBVtJqk8jxF9rh8ApRWfsIMQSt2uE4OcpQqbFu7f7NbTK05lx80nuSijCz7sc3a277R67g,Sangat membantu terima kasih,5,0,1.40,2024-08-13 17:36:35,,,1.40
11c6f27d-bf55-4943-89c2-9e244177d24d,Pengguna Google,https://play-lh.googleusercontent.com/EGemoI2NTXmTsBVtJqk8jxF9rh8ApRWfsIMQSt2uE4OcpQqbFu7f7NbTK05lx80nuSijCz7sc3a277R67g,"Transjakarta sangat membantu dlam perjalanan, maju terus transjakarta",5,0,1.40,2024-08-13 17:36:22,,,1.40
ff45b174-45bb-448d-864b-1c58366a2d9c,Pengguna Google,https://play-lh.googleusercontent.com/EGemoI2NTXmTsBVtJqk8jxF9rh8ApRWfsIMQSt2uE4OcpQqbFu7f7NbTK05lx80nuSijCz7sc3a277R67g,Apikasi nya sangat membantu pelanggan transjakarta,5,0,1.40,2024-08-13 17:35:28,,,1.40
e578559f-476e-4754-af0d-860846b65e45,Pengguna Google,https://play-lh.googleusercontent.com/EGemoI2NTXmTsBVtJqk8jxF9rh8ApRWfsIMQSt2uE4OcpQqbFu7f7NbTK05lx80nuSijCz7sc3a277R67g,Aplikasi yang bermanfaat dan sangat membantu,5,0,1.40,2024-08-13 17:35:16,,,1.40
57ef13e8-320a-42fe-9f77-ab11f8a81fd8,Pengguna Google,https://play-lh.googleusercontent.com/EGemoI2NTXmTsBVtJqk8jxF9rh8ApRWfsIMQSt2uE4OcpQqbFu7f7NbTK05lx80nuSijCz7sc3a277R67g,Membantu biar gak banyak bertanya Tujuan,5,0,1.37,2024-08-13 17:35:14,,,1.37
6a6861a4-cc65-442c-b1cc-190a9198b82b,Pengguna Google,https://play-lh.googleusercontent.com/EGemoI2NTXmTsBVtJqk8jxF9rh8ApRWfsIMQSt2uE4OcpQqbFu7f7NbTK05lx80nuSijCz7sc3a277R67g,Aplikasinya bagus & mudah di gunakan,5,0,1.40,2024-08-13 17:34:53,,,1.40
b4c92d0a-bfda-43a7-8571-1a79c3f0e6d9,Pengguna Google,https://play-lh.googleusercontent.com/EGemoI2NTXmTsBVtJqk8jxF9rh8ApRWfsIMQSt2uE4OcpQqbFu7f7NbTK05lx80nuSijCz7sc3a277R67g,Bagus,5,0,1.40,2024-08-13 17:34:18,,,1.40
819654ef-9b1a-4979-be82-bbb679f6fbea,Pengguna Google,https://play-lh.googleusercontent.com/EGemoI2NTXmTsBVtJqk8jxF9rh8ApRWfsIMQSt2uE4OcpQqbFu7f7NbTK05lx80nuSijCz7sc3a277R67g,Aplikasi sangat membantu dan mudah digunakan semua orang,5,0,1.40,2024-08-13 17:34:09,,,1.40
6506882e-cedf-46d3-af89-386eb193bdcd,Pengguna Google,https://play-lh.googleusercontent.com/EGemoI2NTXmTsBVtJqk8jxF9rh8ApRWfsIMQSt2uE4OcpQqbFu7f7NbTK05lx80nuSijCz7sc3a277R67g,Good job 👍👍 sangat membantu,5,0,,2024-08-13 17:33:45,,,
265748f7-a163-484f-9f89-ad3390c3bd56,Pengguna Google,https://play-lh.googleusercontent.com/EGemoI2NTXmTsBVtJqk8jxF9rh8ApRWfsIMQSt2uE4OcpQqbFu7f7NbTK05lx80nuSijCz7sc3a277R67g,Sangat bermanfaat dan mempermudah untuk mengetahui titik lokasi bus yang akan tiba,5,0,1.40,2024-08-13 17:33:41,,,1.40
586d66a1-eba5-48b3-a17d-8a0c414deb8f,Pengguna Google,https://play-lh.googleusercontent.com/EGemoI2NTXmTsBVtJqk8jxF9rh8ApRWfsIMQSt2uE4OcpQqbFu7f7NbTK05lx80nuSijCz7sc3a277R67g,Sangat membantu,5,0,1.33,2024-08-13 17:33:37,,,1.33
9c828245-3085-4de2-8651-20ccc2bb0c50,Pengguna Google,https://play-lh.googleusercontent.com/EGemoI2NTXmTsBVtJqk8jxF9rh8ApRWfsIMQSt2uE4OcpQqbFu7f7NbTK05lx80nuSijCz7sc3a277R67g,Good aplikasi,5,0,1.40,2024-08-13 17:33:21,,,1.40
c9afc965-cf76-45d3-8c92-03b89b5d094b,Pengguna Google,https://play-lh.googleusercontent.com/EGemoI2NTXmTsBVtJqk8jxF9rh8ApRWfsIMQSt2uE4OcpQqbFu7f7NbTK05lx80nuSijCz7sc3a277R67g,Baikkk kedepan nya,5,0,1.33,2024-08-13 17:33:08,,,1.33
d8fca423-fe2f-46a3-8836-611b98a0f69e,Pengguna Google,https://play-lh.googleusercontent.com/EGemoI2NTXmTsBVtJqk8jxF9rh8ApRWfsIMQSt2uE4OcpQqbFu7f7NbTK05lx80nuSijCz7sc3a277R67g,Aplikasi yang bagus dan mudah digunakan,5,0,1.40,2024-08-13 17:32:24,,,1.40
d245fb74-9701-4854-bf57-4e602dd81a21,Pengguna Google,https://play-lh.googleusercontent.com/EGemoI2NTXmTsBVtJqk8jxF9rh8ApRWfsIMQSt2uE4OcpQqbFu7f7NbTK05lx80nuSijCz7sc3a277R67g,Aplikasi berguna untuk pengguna trasportasi umum,5,0,1.40,2024-08-13 17:32:22,,,1.40
1c95aba0-443d-429c-8632-15d87bedf70f,Pengguna Google,https://play-lh.googleusercontent.com/EGemoI2NTXmTsBVtJqk8jxF9rh8ApRWfsIMQSt2uE4OcpQqbFu7f7NbTK05lx80nuSijCz7sc3a277R67g,Mantap..,5,0,1.35,2024-08-13 17:32:10,,,1.35
83b64887-2eac-4e73-8387-c66b192749d2,Pengguna Google,https://play-lh.googleusercontent.com/EGemoI2NTXmTsBVtJqk8jxF9rh8ApRWfsIMQSt2uE4OcpQqbFu7f7NbTK05lx80nuSijCz7sc3a277R67g,"Aplikasi ini sangat membantu bagi saya sebagai pengguna baru busway Transjakarta, sangat mudah untuk menemukan halte yang ingin kita tuju",5,0,,2024-08-13 17:31:51,,,
cfb03568-fbbd-4bef-8530-4e6a94893063,Pengguna Google,https://play-lh.googleusercontent.com/EGemoI2NTXmTsBVtJqk8jxF9rh8ApRWfsIMQSt2uE4OcpQqbFu7f7NbTK05lx80nuSijCz7sc3a277R67g,Nicee,5,0,1.40,2024-08-13 17:31:44,,,1.40
86876c67-711b-4943-bc93-05a2a5416142,Pengguna Google,https://play-lh.googleusercontent.com/EGemoI2NTXmTsBVtJqk8jxF9rh8ApRWfsIMQSt2uE4OcpQqbFu7f7NbTK05lx80nuSijCz7sc3a277R67g,"Mudah dan gampang ,tidak ribet bermanfaat bagi kita , Transjakarta oke",5,0,,2024-08-13 17:31:35,,,
902d1a74-792b-4510-a227-1dde09f5e150,Pengguna Google,https://play-lh.googleusercontent.com/EGemoI2NTXmTsBVtJqk8jxF9rh8ApRWfsIMQSt2uE4OcpQqbFu7f7NbTK05lx80nuSijCz7sc3a277R67g,sangat memuaskan..,5,0,,2024-08-13 17:31:24,,,
523c181e-2ab1-41e0-8bc7-37f4d083aea0,Pengguna Google,https://play-lh.googleusercontent.com/EGemoI2NTXmTsBVtJqk8jxF9rh8ApRWfsIMQSt2uE4OcpQqbFu7f7NbTK05lx80nuSijCz7sc3a277R67g,Anjrot,5,0,1.33,2024-08-13 17:31:15,,,1.33
e7648212-17d1-49ab-a42a-ffc71f199fee,Pengguna Google,https://play-lh.googleusercontent.com/EGemoI2NTXmTsBVtJqk8jxF9rh8ApRWfsIMQSt2uE4OcpQqbFu7f7NbTK05lx80nuSijCz7sc3a277R67g,Memudahkan saya dan keluarga dalam perjalanan di jakarta. Terimakasih Transjakarta,5,0,1.40,2024-08-13 17:30:52,,,1.40
d68deed6-745e-4c5a-93c9-48073b924c28,Pengguna Google,https://play-lh.googleusercontent.com/EGemoI2NTXmTsBVtJqk8jxF9rh8ApRWfsIMQSt2uE4OcpQqbFu7f7NbTK05lx80nuSijCz7sc3a277R67g,Jangan uapdate lagi ya,5,0,1.40,2024-08-13 17:30:46,,,1.40
debdf2b5-c81c-444c-b3e6-9c44eb988c92,Pengguna Google,https://play-lh.googleusercontent.com/EGemoI2NTXmTsBVtJqk8jxF9rh8ApRWfsIMQSt2uE4OcpQqbFu7f7NbTK05lx80nuSijCz7sc3a277R67g,Sangat bermanfaat adanya apk ini bisa memudahkan perjalanan saya menggunakan Transjakarta,5,0,1.40,2024-08-13 17:30:45,,,1.40
e51be9ad-4db7-40e3-8b4d-11f1934c3ec4,Pengguna Google,https://play-lh.googleusercontent.com/EGemoI2NTXmTsBVtJqk8jxF9rh8ApRWfsIMQSt2uE4OcpQqbFu7f7NbTK05lx80nuSijCz7sc3a277R67g,melayani masyarakat dengan penuh ikhlas dan semangat agar mendapatkan hasil yg maksimal,5,0,1.40,2024-08-13 17:30:24,,,1.40
f15f57e0-0597-4d95-ae6d-e599ccdf0726,Pengguna Google,https://play-lh.googleusercontent.com/EGemoI2NTXmTsBVtJqk8jxF9rh8ApRWfsIMQSt2uE4OcpQqbFu7f7NbTK05lx80nuSijCz7sc3a277R67g,Mantap sangat membantu,5,0,1.40,2024-08-13 17:30:23,,,1.40
46f1d48a-8b55-4640-8e04-20be80669c28,Pengguna Google,https://play-lh.googleusercontent.com/EGemoI2NTXmTsBVtJqk8jxF9rh8ApRWfsIMQSt2uE4OcpQqbFu7f7NbTK05lx80nuSijCz7sc3a277R67g,sangat membantu😍,5,0,1.37,2024-08-13 17:30:21,,,1.37
391b8771-4529-41ef-ad4d-2e2468d03f3c,Pengguna Google,https://play-lh.googleusercontent.com/EGemoI2NTXmTsBVtJqk8jxF9rh8ApRWfsIMQSt2uE4OcpQqbFu7f7NbTK05lx80nuSijCz7sc3a277R67g,Sangat membantu!,5,0,1.33,2024-08-13 17:29:53,,,1.33
8ae7f02b-29b2-46cd-8937-1fa01a4e3c5f,Pengguna Google,https://play-lh.googleusercontent.com/EGemoI2NTXmTsBVtJqk8jxF9rh8ApRWfsIMQSt2uE4OcpQqbFu7f7NbTK05lx80nuSijCz7sc3a277R67g,Kerennn,5,0,1.39,2024-08-13 17:29:29,,,1.39
deaf308d-b889-48a4-8c8b-1467648c2943,Pengguna Google,https://play-lh.googleusercontent.com/EGemoI2NTXmTsBVtJqk8jxF9rh8ApRWfsIMQSt2uE4OcpQqbFu7f7NbTK05lx80nuSijCz7sc3a277R67g,Aplikasinya bagus.,5,0,1.40,2024-08-13 17:29:26,,,1.40
928ca7f7-2c51-4f09-91e6-0a83eecd0a1d,Pengguna Google,https://play-lh.googleusercontent.com/EGemoI2NTXmTsBVtJqk8jxF9rh8ApRWfsIMQSt2uE4OcpQqbFu7f7NbTK05lx80nuSijCz7sc3a277R67g,Smoga apk ini sukses dan berkualitas serta bermanfaat 🙏👍,5,0,1.40,2024-08-13 17:29:00,,,1.40
d8ceab11-00da-48a4-a028-b358c319c877,Pengguna Google,https://play-lh.googleusercontent.com/EGemoI2NTXmTsBVtJqk8jxF9rh8ApRWfsIMQSt2uE4OcpQqbFu7f7NbTK05lx80nuSijCz7sc3a277R67g,"Aplikasi sangat membatu apalagi untuk pelanggan setia TJ,mantapp",5,0,,2024-08-13 17:28:35,,,
75ffa6a6-c3c7-4e24-94fb-103681700edc,Pengguna Google,https://play-lh.googleusercontent.com/EGemoI2NTXmTsBVtJqk8jxF9rh8ApRWfsIMQSt2uE4OcpQqbFu7f7NbTK05lx80nuSijCz7sc3a277R67g,Sangat bagus & membantu,5,0,1.33,2024-08-13 17:28:31,,,1.33
cd189739-a077-4c43-bb15-7cd9bd9a7bfc,Pengguna Google,https://play-lh.googleusercontent.com/EGemoI2NTXmTsBVtJqk8jxF9rh8ApRWfsIMQSt2uE4OcpQqbFu7f7NbTK05lx80nuSijCz7sc3a277R67g,sangat dan bagus,5,0,1.33,2024-08-13 17:28:20,,,1.33
c6cfdf0b-ddf4-4e6f-99bb-4970d3621010,Pengguna Google,https://play-lh.googleusercontent.com/EGemoI2NTXmTsBVtJqk8jxF9rh8ApRWfsIMQSt2uE4OcpQqbFu7f7NbTK05lx80nuSijCz7sc3a277R67g,"Untuk saat ini aplikasi ini sangat membantu karena bisa mengetahui titik keberadaan bus ,nama nama rute & halte di setiap koridornya , semoga kedepanya bisa lebih baik lagi bagi para pengguna aplikasi ini . Tks",5,1,1.40,2024-08-13 17:28:06,,,1.40
4feec1da-b560-4578-ba5c-438331fb59fb,Pengguna Google,https://play-lh.googleusercontent.com/EGemoI2NTXmTsBVtJqk8jxF9rh8ApRWfsIMQSt2uE4OcpQqbFu7f7NbTK05lx80nuSijCz7sc3a277R67g,Sangat membantu dengan adanya aplikasi ini terutama untuk info terkait seputar transjakarta dan posisi bus tu,5,0,1.40,2024-08-13 17:27:23,,,1.40
0458ece3-68e7-427e-a1f3-b03dc070be2d,Pengguna Google,https://play-lh.googleusercontent.com/EGemoI2NTXmTsBVtJqk8jxF9rh8ApRWfsIMQSt2uE4OcpQqbFu7f7NbTK05lx80nuSijCz7sc3a277R67g,Membantu banget !!!,5,0,1.40,2024-08-13 17:27:09,,,1.40
67648b17-56d6-4127-a20e-16d48b6fda93,Pengguna Google,https://play-lh.googleusercontent.com/EGemoI2NTXmTsBVtJqk8jxF9rh8ApRWfsIMQSt2uE4OcpQqbFu7f7NbTK05lx80nuSijCz7sc3a277R67g,APK sangat membantu 👍,5,0,1.39,2024-08-13 17:26:57,,,1.39
b16abb33-e13f-4b13-ad5b-7d125c34a1eb,Pengguna Google,https://play-lh.googleusercontent.com/EGemoI2NTXmTsBVtJqk8jxF9rh8ApRWfsIMQSt2uE4OcpQqbFu7f7NbTK05lx80nuSijCz7sc3a277R67g,Sangat membantu sekali,5,0,1.40,2024-08-13 17:26:49,,,1.40
bf005117-889c-4c3d-b029-d6e6e7a21c3b,Pengguna Google,https://play-lh.googleusercontent.com/EGemoI2NTXmTsBVtJqk8jxF9rh8ApRWfsIMQSt2uE4OcpQqbFu7f7NbTK05lx80nuSijCz7sc3a277R67g,COOL,5,0,1.40,2024-08-13 17:26:37,,,1.40
0d64a37a-d8c4-4d52-a33d-512c9a7cc689,Pengguna Google,https://play-lh.googleusercontent.com/EGemoI2NTXmTsBVtJqk8jxF9rh8ApRWfsIMQSt2uE4OcpQqbFu7f7NbTK05lx80nuSijCz7sc3a277R67g,Sangat membantu sekali,5,0,1.33,2024-08-13 17:26:33,,,1.33
23a70a97-fd9d-4a15-9b90-363736f8af9c,Pengguna Google,https://play-lh.googleusercontent.com/EGemoI2NTXmTsBVtJqk8jxF9rh8ApRWfsIMQSt2uE4OcpQqbFu7f7NbTK05lx80nuSijCz7sc3a277R67g,Aplikasi baru. Dgn tampilan baru. Mantap,5,0,1.33,2024-08-13 17:26:12,,,1.33
e0120983-44de-4e2a-9040-6c2665c8f417,Pengguna Google,https://play-lh.googleusercontent.com/EGemoI2NTXmTsBVtJqk8jxF9rh8ApRWfsIMQSt2uE4OcpQqbFu7f7NbTK05lx80nuSijCz7sc3a277R67g,"mantappp, mempermudah akses rute kemana saja",5,0,1.37,2024-08-13 17:26:04,,,1.37
467baaa9-3f16-4c3f-b951-797d33fe0cdf,Pengguna Google,https://play-lh.googleusercontent.com/EGemoI2NTXmTsBVtJqk8jxF9rh8ApRWfsIMQSt2uE4OcpQqbFu7f7NbTK05lx80nuSijCz7sc3a277R67g,Aplikasi yang bagus,5,0,1.35,2024-08-13 17:26:02,,,1.35
b2857f1d-962e-4800-a954-4b28e5afb406,Pengguna Google,https://play-lh.googleusercontent.com/EGemoI2NTXmTsBVtJqk8jxF9rh8ApRWfsIMQSt2uE4OcpQqbFu7f7NbTK05lx80nuSijCz7sc3a277R67g,Semoga lebih baik lagi,5,0,1.40,2024-08-13 17:26:00,,,1.40
bf2c3bc6-6fc1-4946-b5d3-7d1da6507673,Pengguna Google,https://play-lh.googleusercontent.com/EGemoI2NTXmTsBVtJqk8jxF9rh8ApRWfsIMQSt2uE4OcpQqbFu7f7NbTK05lx80nuSijCz7sc3a277R67g,Sangat memuaskan dan mempermudah saya untuk naik angkutan transjakarta,5,0,1.40,2024-08-13 17:25:50,,,1.40
eb0772aa-bcc0-4874-8ae0-e5a7dca9faab,Pengguna Google,https://play-lh.googleusercontent.com/EGemoI2NTXmTsBVtJqk8jxF9rh8ApRWfsIMQSt2uE4OcpQqbFu7f7NbTK05lx80nuSijCz7sc3a277R67g,Mantapppp,5,0,1.35,2024-08-13 17:25:48,,,1.35
86ee8ac7-9ddc-497d-ab3b-ec86a823cc0f,Pengguna Google,https://play-lh.googleusercontent.com/EGemoI2NTXmTsBVtJqk8jxF9rh8ApRWfsIMQSt2uE4OcpQqbFu7f7NbTK05lx80nuSijCz7sc3a277R67g,goodjob,5,0,1.40,2024-08-13 17:25:46,,,1.40
a9218120-703d-48cc-a62d-e6583c44b39d,Pengguna Google,https://play-lh.googleusercontent.com/EGemoI2NTXmTsBVtJqk8jxF9rh8ApRWfsIMQSt2uE4OcpQqbFu7f7NbTK05lx80nuSijCz7sc3a277R67g,Aplikasinya bagus gak lemot dan sangat membantu jga untuk kedatangan bus,5,0,1.40,2024-08-13 17:25:44,,,1.40
4d4e2130-ce5f-419e-8a22-3bb99947ccee,Pengguna Google,https://play-lh.googleusercontent.com/EGemoI2NTXmTsBVtJqk8jxF9rh8ApRWfsIMQSt2uE4OcpQqbFu7f7NbTK05lx80nuSijCz7sc3a277R67g,Aplikasi yang bagus menurut saya,5,0,1.40,2024-08-13 17:25:41,,,1.40
9332cf53-fe13-4285-ac92-8df90c4e6d38,Pengguna Google,https://play-lh.googleusercontent.com/EGemoI2NTXmTsBVtJqk8jxF9rh8ApRWfsIMQSt2uE4OcpQqbFu7f7NbTK05lx80nuSijCz7sc3a277R67g,bagus sangat membantu,5,0,1.40,2024-08-13 17:25:40,,,1.40
8643da02-22a7-4a65-b47e-a970fbce80d2,Pengguna Google,https://play-lh.googleusercontent.com/EGemoI2NTXmTsBVtJqk8jxF9rh8ApRWfsIMQSt2uE4OcpQqbFu7f7NbTK05lx80nuSijCz7sc3a277R67g,apk mudah d gunakan,5,0,1.40,2024-08-13 17:25:38,,,1.40
314f2236-37bd-4afd-9034-0982a74646b7,Pengguna Google,https://play-lh.googleusercontent.com/EGemoI2NTXmTsBVtJqk8jxF9rh8ApRWfsIMQSt2uE4OcpQqbFu7f7NbTK05lx80nuSijCz7sc3a277R67g,Sangat membantu untuk mengetahui kedatangan bus Transjakarta 👍🏻,5,0,,2024-08-13 17:25:29,,,
ecab8e04-0cbc-4340-80ee-a685aed1b0c2,Pengguna Google,https://play-lh.googleusercontent.com/EGemoI2NTXmTsBVtJqk8jxF9rh8ApRWfsIMQSt2uE4OcpQqbFu7f7NbTK05lx80nuSijCz7sc3a277R67g,Bagus dan sangat membantu,5,0,1.40,2024-08-13 17:25:17,,,1.40
481f5ff6-8288-40d1-ad97-f2d3ae3c7ca5,Pengguna Google,https://play-lh.googleusercontent.com/EGemoI2NTXmTsBVtJqk8jxF9rh8ApRWfsIMQSt2uE4OcpQqbFu7f7NbTK05lx80nuSijCz7sc3a277R67g,Aplikasi sangat membatu karna fitur maps nya yang realt time dan mudah digunakan,5,0,1.40,2024-08-13 17:24:50,,,1.40
a2d81505-4f2a-475e-9162-af798dd52ada,Pengguna Google,https://play-lh.googleusercontent.com/EGemoI2NTXmTsBVtJqk8jxF9rh8ApRWfsIMQSt2uE4OcpQqbFu7f7NbTK05lx80nuSijCz7sc3a277R67g,Selamat Sore Terimaksih untuk apk nya sangat membantu Penumpang Untuk melihat Posisi bis semogakan kedepan nya lebih baik lagi lebih berkembang lagi termimasih Transjakarta maju terus,5,1,1.35,2024-08-13 17:24:41,,,1.35
77d25a98-d582-4c65-8df0-e672ca33ff95,Pengguna Google,https://play-lh.googleusercontent.com/EGemoI2NTXmTsBVtJqk8jxF9rh8ApRWfsIMQSt2uE4OcpQqbFu7f7NbTK05lx80nuSijCz7sc3a277R67g,Mantap👍,5,0,1.40,2024-08-13 17:24:31,,,1.40
9b9d3668-91d0-4218-8ce5-542a2464feb1,Pengguna Google,https://play-lh.googleusercontent.com/EGemoI2NTXmTsBVtJqk8jxF9rh8ApRWfsIMQSt2uE4OcpQqbFu7f7NbTK05lx80nuSijCz7sc3a277R67g,"Aplikasi sangat memudahkan untuk mencari rute"" tujuan di saat ingin berkeliling ke ibu kota jakarta Sangat membantu sekali👍🏻",5,0,1.37,2024-08-13 17:24:30,,,1.37
ef84cf67-e0a8-4243-9f63-24f33715ec8d,Pengguna Google,https://play-lh.googleusercontent.com/EGemoI2NTXmTsBVtJqk8jxF9rh8ApRWfsIMQSt2uE4OcpQqbFu7f7NbTK05lx80nuSijCz7sc3a277R67g,Luar biasa mantap,5,0,1.40,2024-08-13 17:24:19,,,1.40
97aa918a-7c42-4380-b302-f68294189af3,Pengguna Google,https://play-lh.googleusercontent.com/EGemoI2NTXmTsBVtJqk8jxF9rh8ApRWfsIMQSt2uE4OcpQqbFu7f7NbTK05lx80nuSijCz7sc3a277R67g,Selama aku naik tj nyaman bangettt semogaa tj semakin kedepan semakin upgrd yahh,5,0,1.39,2024-08-13 17:24:12,,,1.39
b001ac1b-fe90-411a-85ec-32926346baff,Pengguna Google,https://play-lh.googleusercontent.com/EGemoI2NTXmTsBVtJqk8jxF9rh8ApRWfsIMQSt2uE4OcpQqbFu7f7NbTK05lx80nuSijCz7sc3a277R67g,Sangat bagus dan Sangat membantu sekali,5,0,1.40,2024-08-13 17:23:58,,,1.40
5f8e038d-5727-4e60-b4a3-7c95306778b7,Pengguna Google,https://play-lh.googleusercontent.com/EGemoI2NTXmTsBVtJqk8jxF9rh8ApRWfsIMQSt2uE4OcpQqbFu7f7NbTK05lx80nuSijCz7sc3a277R67g,Cukup Bagus Tingkatkan Terus..!!,5,0,1.40,2024-08-13 17:23:45,,,1.40
367a62b9-2575-4475-a21a-4027ae8e99ff,Pengguna Google,https://play-lh.googleusercontent.com/EGemoI2NTXmTsBVtJqk8jxF9rh8ApRWfsIMQSt2uE4OcpQqbFu7f7NbTK05lx80nuSijCz7sc3a277R67g,Apk yg bagus sangat membantu perjalanan pelanggan TransJakarta,5,0,1.40,2024-08-13 17:23:42,,,1.40
accbe187-7cd8-493f-b131-d867b949f962,Pengguna Google,https://play-lh.googleusercontent.com/EGemoI2NTXmTsBVtJqk8jxF9rh8ApRWfsIMQSt2uE4OcpQqbFu7f7NbTK05lx80nuSijCz7sc3a277R67g,mantap,5,0,1.39,2024-08-13 17:23:42,,,1.39
f7eeaa37-cb87-4084-a41b-2aa6ae9534fc,Pengguna Google,https://play-lh.googleusercontent.com/EGemoI2NTXmTsBVtJqk8jxF9rh8ApRWfsIMQSt2uE4OcpQqbFu7f7NbTK05lx80nuSijCz7sc3a277R67g,Good job,5,0,1.39,2024-08-13 17:23:37,,,1.39
ab0d1d1a-f01f-42c5-810c-8433029cf26c,Pengguna Google,https://play-lh.googleusercontent.com/EGemoI2NTXmTsBVtJqk8jxF9rh8ApRWfsIMQSt2uE4OcpQqbFu7f7NbTK05lx80nuSijCz7sc3a277R67g,Good .. !,5,0,1.39,2024-08-13 17:23:31,,,1.39
2e3fd30a-a2f2-40fd-8915-6aaee6fa31cd,Pengguna Google,https://play-lh.googleusercontent.com/EGemoI2NTXmTsBVtJqk8jxF9rh8ApRWfsIMQSt2uE4OcpQqbFu7f7NbTK05lx80nuSijCz7sc3a277R67g,Bagus,5,0,,2024-08-13 17:23:29,,,
93d7ec88-f12a-4932-8e65-1fba3c0e5c1d,Pengguna Google,https://play-lh.googleusercontent.com/EGemoI2NTXmTsBVtJqk8jxF9rh8ApRWfsIMQSt2uE4OcpQqbFu7f7NbTK05lx80nuSijCz7sc3a277R67g,Good,5,0,1.40,2024-08-13 17:23:21,,,1.40
a74fd5ba-426d-4ac4-a95c-e89567f05232,Pengguna Google,https://play-lh.googleusercontent.com/EGemoI2NTXmTsBVtJqk8jxF9rh8ApRWfsIMQSt2uE4OcpQqbFu7f7NbTK05lx80nuSijCz7sc3a277R67g,Gud,5,0,1.33,2024-08-13 17:23:13,,,1.33
f714d6c4-4f0f-4c95-8ce5-dcc0459259eb,Pengguna Google,https://play-lh.googleusercontent.com/EGemoI2NTXmTsBVtJqk8jxF9rh8ApRWfsIMQSt2uE4OcpQqbFu7f7NbTK05lx80nuSijCz7sc3a277R67g,Okay,5,0,1.40,2024-08-13 17:23:02,,,1.40
5b1f010f-6a03-404b-a50d-1447b724028c,Pengguna Google,https://play-lh.googleusercontent.com/EGemoI2NTXmTsBVtJqk8jxF9rh8ApRWfsIMQSt2uE4OcpQqbFu7f7NbTK05lx80nuSijCz7sc3a277R67g,Bagus aplikasi nya memudahkan untuk saya kemana-mana,5,0,,2024-08-13 17:23:01,,,
50d1edb6-3201-45ec-a14c-f27fd5c48698,Pengguna Google,https://play-lh.googleusercontent.com/EGemoI2NTXmTsBVtJqk8jxF9rh8ApRWfsIMQSt2uE4OcpQqbFu7f7NbTK05lx80nuSijCz7sc3a277R67g,Keren pokoknya,5,0,1.39,2024-08-13 17:22:59,,,1.39
ed6837f7-959b-43af-aa41-f0238af014f2,Pengguna Google,https://play-lh.googleusercontent.com/EGemoI2NTXmTsBVtJqk8jxF9rh8ApRWfsIMQSt2uE4OcpQqbFu7f7NbTK05lx80nuSijCz7sc3a277R67g,Oke lah,5,0,,2024-08-13 17:22:55,,,
8a849460-ac0e-4375-9ece-280ae8809920,Pengguna Google,https://play-lh.googleusercontent.com/EGemoI2NTXmTsBVtJqk8jxF9rh8ApRWfsIMQSt2uE4OcpQqbFu7f7NbTK05lx80nuSijCz7sc3a277R67g,Mantul mantap betul,5,0,,2024-08-13 17:22:45,,,
625a7b92-d273-4a3a-882f-d16e218a0594,Pengguna Google,https://play-lh.googleusercontent.com/EGemoI2NTXmTsBVtJqk8jxF9rh8ApRWfsIMQSt2uE4OcpQqbFu7f7NbTK05lx80nuSijCz7sc3a277R67g,Sangat membantu.. trmksh Tj,5,0,1.37,2024-08-13 17:22:31,,,1.37
d8302407-ce3b-4abd-bb78-031f582117a4,Pengguna Google,https://play-lh.googleusercontent.com/EGemoI2NTXmTsBVtJqk8jxF9rh8ApRWfsIMQSt2uE4OcpQqbFu7f7NbTK05lx80nuSijCz7sc3a277R67g,Wow apk nya top markotop😂,5,0,1.40,2024-08-13 17:22:26,,,1.40
694a25fd-6658-4a7c-b3eb-d1145198fa45,Pengguna Google,https://play-lh.googleusercontent.com/EGemoI2NTXmTsBVtJqk8jxF9rh8ApRWfsIMQSt2uE4OcpQqbFu7f7NbTK05lx80nuSijCz7sc3a277R67g,Mantap dan memudahkan,5,0,1.40,2024-08-13 17:22:15,,,1.40
5cdbb226-9428-486e-a79b-57ed8ab2d1ea,Pengguna Google,https://play-lh.googleusercontent.com/EGemoI2NTXmTsBVtJqk8jxF9rh8ApRWfsIMQSt2uE4OcpQqbFu7f7NbTK05lx80nuSijCz7sc3a277R67g,"aman & nyaman, memiliki tim yg cukup solid , the best Transjakarta",5,0,1.39,2024-08-13 17:22:10,,,1.39
c285e827-a025-4e2c-aa68-ffe4c0f00015,Pengguna Google,https://play-lh.googleusercontent.com/EGemoI2NTXmTsBVtJqk8jxF9rh8ApRWfsIMQSt2uE4OcpQqbFu7f7NbTK05lx80nuSijCz7sc3a277R67g,Aplikasinya cukup membantu untuk tracking bus di rute tujuan dan penggunaan aplikasinya cukup mudah dipahami,5,0,1.40,2024-08-13 17:21:54,,,1.40
05a37a42-d6e8-4133-bd4d-b8b3ed5a265b,Pengguna Google,https://play-lh.googleusercontent.com/EGemoI2NTXmTsBVtJqk8jxF9rh8ApRWfsIMQSt2uE4OcpQqbFu7f7NbTK05lx80nuSijCz7sc3a277R67g,Bagus,5,0,1.33,2024-08-13 17:21:45,,,1.33
25674f1c-4cfb-431b-acb5-09405e23fe91,Pengguna Google,https://play-lh.googleusercontent.com/EGemoI2NTXmTsBVtJqk8jxF9rh8ApRWfsIMQSt2uE4OcpQqbFu7f7NbTK05lx80nuSijCz7sc3a277R67g,Sya suka dengan pelayanan nya good 🥰,5,0,1.40,2024-08-13 17:21:38,,,1.40
e29e46f5-35db-4c18-9a63-1bdca79b2774,Pengguna Google,https://play-lh.googleusercontent.com/EGemoI2NTXmTsBVtJqk8jxF9rh8ApRWfsIMQSt2uE4OcpQqbFu7f7NbTK05lx80nuSijCz7sc3a277R67g,Lebih canggih simple dan bagus,5,0,1.40,2024-08-13 17:21:34,,,1.40
e63fd2c7-0e43-4759-a10d-22ce963e242d,Pengguna Google,https://play-lh.googleusercontent.com/EGemoI2NTXmTsBVtJqk8jxF9rh8ApRWfsIMQSt2uE4OcpQqbFu7f7NbTK05lx80nuSijCz7sc3a277R67g,aplikasi sangat berguna . semoga kedapanya jadi lebih baik lg,5,0,1.39,2024-08-13 17:20:43,,,1.39
b91f461c-8961-4e84-a49e-dde984f8f8e2,Pengguna Google,https://play-lh.googleusercontent.com/EGemoI2NTXmTsBVtJqk8jxF9rh8ApRWfsIMQSt2uE4OcpQqbFu7f7NbTK05lx80nuSijCz7sc3a277R67g,Aplikasi nya sangat membantu sekali,5,0,1.40,2024-08-13 17:20:17,,,1.40
da27651a-8e8d-4ee8-96bc-94908c0badcb,Pengguna Google,https://play-lh.googleusercontent.com/EGemoI2NTXmTsBVtJqk8jxF9rh8ApRWfsIMQSt2uE4OcpQqbFu7f7NbTK05lx80nuSijCz7sc3a277R67g,Sangat membantu untuk melihat keberadaan bus,5,0,1.39,2024-08-13 17:20:11,,,1.39
afcff598-7c06-4056-a098-b38fe8f47077,Pengguna Google,https://play-lh.googleusercontent.com/EGemoI2NTXmTsBVtJqk8jxF9rh8ApRWfsIMQSt2uE4OcpQqbFu7f7NbTK05lx80nuSijCz7sc3a277R67g,Sangat membantu...,5,0,,2024-08-13 17:19:43,,,
873f1c69-737b-424b-8208-be30c7a6e16c,Pengguna Google,https://play-lh.googleusercontent.com/EGemoI2NTXmTsBVtJqk8jxF9rh8ApRWfsIMQSt2uE4OcpQqbFu7f7NbTK05lx80nuSijCz7sc3a277R67g,Mudah di pakai & di pahami,5,0,1.40,2024-08-13 17:19:21,,,1.40
0d2bd18d-5b87-4f5f-b3e1-1f5da88b6fbb,Pengguna Google,https://play-lh.googleusercontent.com/EGemoI2NTXmTsBVtJqk8jxF9rh8ApRWfsIMQSt2uE4OcpQqbFu7f7NbTK05lx80nuSijCz7sc3a277R67g,Keren nih apknya 😍,5,0,1.40,2024-08-13 17:19:08,,,1.40
1a8a4910-773b-4f9d-9d2f-9b6b57440be6,Pengguna Google,https://play-lh.googleusercontent.com/EGemoI2NTXmTsBVtJqk8jxF9rh8ApRWfsIMQSt2uE4OcpQqbFu7f7NbTK05lx80nuSijCz7sc3a277R67g,Aplikasi Bagus sangat membantu melacak lokasi Bus terdekat keren,5,0,,2024-08-13 17:18:48,,,
1920f26d-0fb0-4024-894c-847ce71f7505,Pengguna Google,https://play-lh.googleusercontent.com/EGemoI2NTXmTsBVtJqk8jxF9rh8ApRWfsIMQSt2uE4OcpQqbFu7f7NbTK05lx80nuSijCz7sc3a277R67g,Ok baik,5,0,1.40,2024-08-13 17:18:46,,,1.40
fcfb43ec-1f01-40c8-b237-85aba2869633,Pengguna Google,https://play-lh.googleusercontent.com/EGemoI2NTXmTsBVtJqk8jxF9rh8ApRWfsIMQSt2uE4OcpQqbFu7f7NbTK05lx80nuSijCz7sc3a277R67g,Semiga lebih baik lagi karna kadang mapsnya muncul kadang tidak,5,0,1.40,2024-08-13 17:18:43,,,1.40
8db4b8bc-21a4-4f12-aeae-455cc44dde4e,Pengguna Google,https://play-lh.googleusercontent.com/EGemoI2NTXmTsBVtJqk8jxF9rh8ApRWfsIMQSt2uE4OcpQqbFu7f7NbTK05lx80nuSijCz7sc3a277R67g,"Mantap, jadi bisa tau posisi bus, semua rute dan halte halte transjakarta",5,0,1.35,2024-08-13 17:18:37,,,1.35
cd8febae-acb8-411a-945d-b4f8efd9462b,Pengguna Google,https://play-lh.googleusercontent.com/EGemoI2NTXmTsBVtJqk8jxF9rh8ApRWfsIMQSt2uE4OcpQqbFu7f7NbTK05lx80nuSijCz7sc3a277R67g,bagus aplikasinya,5,0,1.40,2024-08-13 17:17:28,,,1.40
0637b273-40b4-4f98-bff6-217b7aab9d63,Pengguna Google,https://play-lh.googleusercontent.com/EGemoI2NTXmTsBVtJqk8jxF9rh8ApRWfsIMQSt2uE4OcpQqbFu7f7NbTK05lx80nuSijCz7sc3a277R67g,Manteb sangat membantu dalam perjalanan Semua rute ada dimarih,5,0,1.40,2024-08-13 17:17:05,,,1.40
b6b029fb-39d1-4f64-96cb-c5ecce358c6b,Pengguna Google,https://play-lh.googleusercontent.com/EGemoI2NTXmTsBVtJqk8jxF9rh8ApRWfsIMQSt2uE4OcpQqbFu7f7NbTK05lx80nuSijCz7sc3a277R67g,"cukup informatif, bisa mengetahui posisi bus yang mendekati halte.",5,0,1.37,2024-08-13 17:16:28,,,1.37
18bedb94-fbd8-48a6-9baa-2899a2d86e11,Pengguna Google,https://play-lh.googleusercontent.com/EGemoI2NTXmTsBVtJqk8jxF9rh8ApRWfsIMQSt2uE4OcpQqbFu7f7NbTK05lx80nuSijCz7sc3a277R67g,"Aman, nyaman dan pelayanannya cukup baik memuaskan.",5,0,1.39,2024-08-13 17:16:21,,,1.39
40e27260-8fed-474d-9137-78e2f771f9b8,Pengguna Google,https://play-lh.googleusercontent.com/EGemoI2NTXmTsBVtJqk8jxF9rh8ApRWfsIMQSt2uE4OcpQqbFu7f7NbTK05lx80nuSijCz7sc3a277R67g,"Makin Canggih, good 👍",5,0,1.33,2024-08-13 17:16:21,,,1.33
a2fd2c08-116b-48b3-84e7-0380497b761f,Pengguna Google,https://play-lh.googleusercontent.com/EGemoI2NTXmTsBVtJqk8jxF9rh8ApRWfsIMQSt2uE4OcpQqbFu7f7NbTK05lx80nuSijCz7sc3a277R67g,aplikasinya Sangat menbantu pelanggan dan petugas lebih ditingkatkan lg karna setiap buka aplikasi slalu minta diupdate,5,0,1.40,2024-08-13 17:16:20,,,1.40
6398eb7b-8846-47b7-aef1-6de9748c2253,Pengguna Google,https://play-lh.googleusercontent.com/EGemoI2NTXmTsBVtJqk8jxF9rh8ApRWfsIMQSt2uE4OcpQqbFu7f7NbTK05lx80nuSijCz7sc3a277R67g,Mudah dan efisien 👍🏻,5,0,1.40,2024-08-13 17:16:02,,,1.40
c72723c9-66e7-4276-a22e-f36a93f2e957,Pengguna Google,https://play-lh.googleusercontent.com/EGemoI2NTXmTsBVtJqk8jxF9rh8ApRWfsIMQSt2uE4OcpQqbFu7f7NbTK05lx80nuSijCz7sc3a277R67g,👍,5,0,1.40,2024-08-13 17:16:00,,,1.40
292c3f10-c059-4c12-9455-496c67bf403e,Pengguna Google,https://play-lh.googleusercontent.com/EGemoI2NTXmTsBVtJqk8jxF9rh8ApRWfsIMQSt2uE4OcpQqbFu7f7NbTK05lx80nuSijCz7sc3a277R67g,Aplikasi sangat membantu sekali,5,0,1.40,2024-08-13 17:15:47,,,1.40
72f80ad7-8cbc-4ae6-8d8c-1292ae8a2d85,Pengguna Google,https://play-lh.googleusercontent.com/EGemoI2NTXmTsBVtJqk8jxF9rh8ApRWfsIMQSt2uE4OcpQqbFu7f7NbTK05lx80nuSijCz7sc3a277R67g,Sangat bagus,5,0,1.40,2024-08-13 17:15:23,,,1.40
16eb7e57-ada0-4d9e-a244-12e4863cb759,Pengguna Google,https://play-lh.googleusercontent.com/EGemoI2NTXmTsBVtJqk8jxF9rh8ApRWfsIMQSt2uE4OcpQqbFu7f7NbTK05lx80nuSijCz7sc3a277R67g,Terimakasih sangat membantu,5,0,1.40,2024-08-13 17:15:21,,,1.40
538bed7f-29ec-4627-aa57-a8ffd4be5e3d,Pengguna Google,https://play-lh.googleusercontent.com/EGemoI2NTXmTsBVtJqk8jxF9rh8ApRWfsIMQSt2uE4OcpQqbFu7f7NbTK05lx80nuSijCz7sc3a277R67g,Memudah dan bagus sekali,5,0,,2024-08-13 17:14:23,,,
cf861065-f636-46c2-af6e-f1dbb0a7eb9a,Pengguna Google,https://play-lh.googleusercontent.com/EGemoI2NTXmTsBVtJqk8jxF9rh8ApRWfsIMQSt2uE4OcpQqbFu7f7NbTK05lx80nuSijCz7sc3a277R67g,Bus & rute nya adalah solusi andalan masalah transportasi. Aplikasinya pun Praktis & sangat membantu. Transjakarta semakin di depan. Semoga istiqomah & trus ber inovasi menjadi lebih baik.,5,0,,2024-08-13 17:13:54,,,
da6940b1-0baa-46bc-aa26-8de5bcf0e5c2,Pengguna Google,https://play-lh.googleusercontent.com/EGemoI2NTXmTsBVtJqk8jxF9rh8ApRWfsIMQSt2uE4OcpQqbFu7f7NbTK05lx80nuSijCz7sc3a277R67g,Mudah diakses,5,0,1.40,2024-08-13 17:13:54,,,1.40
b2c230f6-fcf1-4737-908c-97d15a6cd647,Pengguna Google,https://play-lh.googleusercontent.com/EGemoI2NTXmTsBVtJqk8jxF9rh8ApRWfsIMQSt2uE4OcpQqbFu7f7NbTK05lx80nuSijCz7sc3a277R67g,Aplikasi sangat baik untuk membantu keberadaan bus,5,0,1.40,2024-08-13 17:13:47,,,1.40
d0b49ce5-c842-4956-a331-a131d6c5f3f3,Pengguna Google,https://play-lh.googleusercontent.com/EGemoI2NTXmTsBVtJqk8jxF9rh8ApRWfsIMQSt2uE4OcpQqbFu7f7NbTK05lx80nuSijCz7sc3a277R67g,"Aplikasi yang sangat bagus , perjalanan dengan transjakarta jadi semakin mudah dan menyenangkan jangan ragu ayo naik transjakarta",5,0,,2024-08-13 17:13:33,,,
4e6b55c8-eb55-4aa7-9607-87182b53eab1,Pengguna Google,https://play-lh.googleusercontent.com/EGemoI2NTXmTsBVtJqk8jxF9rh8ApRWfsIMQSt2uE4OcpQqbFu7f7NbTK05lx80nuSijCz7sc3a277R67g,Sangat membatu,5,0,,2024-08-13 17:13:13,,,
4fa338cb-8bcd-4c7e-964a-4c7aa724bd62,Pengguna Google,https://play-lh.googleusercontent.com/EGemoI2NTXmTsBVtJqk8jxF9rh8ApRWfsIMQSt2uE4OcpQqbFu7f7NbTK05lx80nuSijCz7sc3a277R67g,Mantap Aplikasi,5,0,1.40,2024-08-13 17:12:47,,,1.40
e2d5531d-f4f5-4abc-bcb5-e90ead41e1f8,Pengguna Google,https://play-lh.googleusercontent.com/EGemoI2NTXmTsBVtJqk8jxF9rh8ApRWfsIMQSt2uE4OcpQqbFu7f7NbTK05lx80nuSijCz7sc3a277R67g,good,5,0,1.39,2024-08-13 17:12:46,,,1.39
0260d92a-f33c-4663-adf5-987090a8d842,Pengguna Google,https://play-lh.googleusercontent.com/EGemoI2NTXmTsBVtJqk8jxF9rh8ApRWfsIMQSt2uE4OcpQqbFu7f7NbTK05lx80nuSijCz7sc3a277R67g,Keren,5,0,1.37,2024-08-13 17:12:41,,,1.37
27af6525-a4eb-45f0-b565-145c06aeda80,Pengguna Google,https://play-lh.googleusercontent.com/EGemoI2NTXmTsBVtJqk8jxF9rh8ApRWfsIMQSt2uE4OcpQqbFu7f7NbTK05lx80nuSijCz7sc3a277R67g,Luar biasa,5,0,1.35,2024-08-13 17:12:05,,,1.35
baf986a8-158e-4d2e-816d-a5e3639145f5,Pengguna Google,https://play-lh.googleusercontent.com/EGemoI2NTXmTsBVtJqk8jxF9rh8ApRWfsIMQSt2uE4OcpQqbFu7f7NbTK05lx80nuSijCz7sc3a277R67g,Bermanfaat,5,0,1.40,2024-08-13 17:12:02,,,1.40
fa4a6e5d-fb5e-4fa6-8800-9136e341b4b4,Pengguna Google,https://play-lh.googleusercontent.com/EGemoI2NTXmTsBVtJqk8jxF9rh8ApRWfsIMQSt2uE4OcpQqbFu7f7NbTK05lx80nuSijCz7sc3a277R67g,Mempermudah transportasi,5,0,1.39,2024-08-13 17:11:55,,,1.39
fb2f5f2a-cb7d-4204-a14a-b50cfa15ed1f,Pengguna Google,https://play-lh.googleusercontent.com/EGemoI2NTXmTsBVtJqk8jxF9rh8ApRWfsIMQSt2uE4OcpQqbFu7f7NbTK05lx80nuSijCz7sc3a277R67g,Sangat terbantu dengan adanya apk ini,5,0,1.40,2024-08-13 17:11:47,,,1.40
9c6e1cca-7773-4154-a7b8-af76fd91cbbd,Pengguna Google,https://play-lh.googleusercontent.com/EGemoI2NTXmTsBVtJqk8jxF9rh8ApRWfsIMQSt2uE4OcpQqbFu7f7NbTK05lx80nuSijCz7sc3a277R67g,Sangat membantu,5,0,1.40,2024-08-13 17:11:45,,,1.40
cefda5fe-2d0b-43b5-86c8-21ba2e999e30,Pengguna Google,https://play-lh.googleusercontent.com/EGemoI2NTXmTsBVtJqk8jxF9rh8ApRWfsIMQSt2uE4OcpQqbFu7f7NbTK05lx80nuSijCz7sc3a277R67g,apknya sangat memban tu,5,0,1.40,2024-08-13 17:11:38,,,1.40
16bffc7f-0a86-4e7e-909a-928bec9d51e8,Pengguna Google,https://play-lh.googleusercontent.com/EGemoI2NTXmTsBVtJqk8jxF9rh8ApRWfsIMQSt2uE4OcpQqbFu7f7NbTK05lx80nuSijCz7sc3a277R67g,Aplikasi ini sangat membantu saya. Terimakasih tije sukses selalu,5,0,1.40,2024-08-13 17:11:01,,,1.40
dcf7ca4d-eb51-457d-8f04-013ac386a30e,Pengguna Google,https://play-lh.googleusercontent.com/EGemoI2NTXmTsBVtJqk8jxF9rh8ApRWfsIMQSt2uE4OcpQqbFu7f7NbTK05lx80nuSijCz7sc3a277R67g,Luar biasa,5,0,1.40,2024-08-13 17:10:52,,,1.40
aad22fbb-4df6-44a9-8283-a7272f33c430,Pengguna Google,https://play-lh.googleusercontent.com/EGemoI2NTXmTsBVtJqk8jxF9rh8ApRWfsIMQSt2uE4OcpQqbFu7f7NbTK05lx80nuSijCz7sc3a277R67g,Sangat membantu dalam perjalanan saya,5,0,1.40,2024-08-13 17:10:41,,,1.40
2f1f3b84-3e67-429b-b8cc-121d04240e47,Pengguna Google,https://play-lh.googleusercontent.com/EGemoI2NTXmTsBVtJqk8jxF9rh8ApRWfsIMQSt2uE4OcpQqbFu7f7NbTK05lx80nuSijCz7sc3a277R67g,Bagus,5,0,1.40,2024-08-13 17:10:39,,,1.40
26123f99-c086-4c66-a6af-192221b096a8,Pengguna Google,https://play-lh.googleusercontent.com/EGemoI2NTXmTsBVtJqk8jxF9rh8ApRWfsIMQSt2uE4OcpQqbFu7f7NbTK05lx80nuSijCz7sc3a277R67g,Sangat bermanfaat untuk pengguna tj,5,0,1.40,2024-08-13 17:10:38,,,1.40
243161d4-82b4-4133-a093-d7eda14582f0,Pengguna Google,https://play-lh.googleusercontent.com/EGemoI2NTXmTsBVtJqk8jxF9rh8ApRWfsIMQSt2uE4OcpQqbFu7f7NbTK05lx80nuSijCz7sc3a277R67g,Sangat membantu perjalanan dan lebih mudah.,5,0,1.33,2024-08-13 17:10:32,,,1.33
3f2fee09-79d5-4570-ab82-ef50fb922537,Pengguna Google,https://play-lh.googleusercontent.com/EGemoI2NTXmTsBVtJqk8jxF9rh8ApRWfsIMQSt2uE4OcpQqbFu7f7NbTK05lx80nuSijCz7sc3a277R67g,Good,5,0,1.40,2024-08-13 17:10:31,,,1.40
ed828a12-ad38-4655-acba-d7ce91de294a,Pengguna Google,https://play-lh.googleusercontent.com/EGemoI2NTXmTsBVtJqk8jxF9rh8ApRWfsIMQSt2uE4OcpQqbFu7f7NbTK05lx80nuSijCz7sc3a277R67g,memudahkan kita,5,0,1.40,2024-08-13 17:10:07,,,1.40
64cab602-6e77-4a76-bf7c-64169e731fe2,Pengguna Google,https://play-lh.googleusercontent.com/EGemoI2NTXmTsBVtJqk8jxF9rh8ApRWfsIMQSt2uE4OcpQqbFu7f7NbTK05lx80nuSijCz7sc3a277R67g,Tampilan yg simple dan sangat membantu perihal rute busway,5,0,1.39,2024-08-13 17:10:03,,,1.39
7207a6d6-9bb7-4a1c-8521-506dc3b1e8c0,Pengguna Google,https://play-lh.googleusercontent.com/EGemoI2NTXmTsBVtJqk8jxF9rh8ApRWfsIMQSt2uE4OcpQqbFu7f7NbTK05lx80nuSijCz7sc3a277R67g,Lumayan membantu untuk melihat pergerakan bus,5,0,1.39,2024-08-13 17:10:01,,,1.39
a34d59fe-edf4-49f2-9741-13034aecbad8,Pengguna Google,https://play-lh.googleusercontent.com/EGemoI2NTXmTsBVtJqk8jxF9rh8ApRWfsIMQSt2uE4OcpQqbFu7f7NbTK05lx80nuSijCz7sc3a277R67g,Ditingkatkan lagi,5,0,1.40,2024-08-13 17:09:30,,,1.40
68933977-5b41-4d8d-be22-aa2f1a4f4be4,Pengguna Google,https://play-lh.googleusercontent.com/EGemoI2NTXmTsBVtJqk8jxF9rh8ApRWfsIMQSt2uE4OcpQqbFu7f7NbTK05lx80nuSijCz7sc3a277R67g,Mantap,5,0,1.40,2024-08-13 17:09:10,,,1.40
7755ce85-abf0-4610-a3b3-6d29232a6fac,Pengguna Google,https://play-lh.googleusercontent.com/EGemoI2NTXmTsBVtJqk8jxF9rh8ApRWfsIMQSt2uE4OcpQqbFu7f7NbTK05lx80nuSijCz7sc3a277R67g,Aplikasi bagus ada kemajuan,5,0,1.40,2024-08-13 17:09:01,,,1.40
cd157de9-3087-472c-bd3b-3da8ae19a9a1,Pengguna Google,https://play-lh.googleusercontent.com/EGemoI2NTXmTsBVtJqk8jxF9rh8ApRWfsIMQSt2uE4OcpQqbFu7f7NbTK05lx80nuSijCz7sc3a277R67g,"Aplikasi yang bermanfaat,sangat membantu.",5,0,1.39,2024-08-13 17:08:58,,,1.39
d9b1a05c-a11d-4fce-8547-8671dbf86a4a,Pengguna Google,https://play-lh.googleusercontent.com/EGemoI2NTXmTsBVtJqk8jxF9rh8ApRWfsIMQSt2uE4OcpQqbFu7f7NbTK05lx80nuSijCz7sc3a277R67g,"Sangat bagus aplikasinya, dan mempermudah untuk mencari rute atau tujuan yg kita datangi",5,0,1.40,2024-08-13 17:08:53,,,1.40
e302a98d-17b4-4960-93b2-476e06256204,Pengguna Google,https://play-lh.googleusercontent.com/EGemoI2NTXmTsBVtJqk8jxF9rh8ApRWfsIMQSt2uE4OcpQqbFu7f7NbTK05lx80nuSijCz7sc3a277R67g,Aplikasinya sangat Membatu Sekali .. Amazing ...,5,0,1.40,2024-08-13 17:08:27,,,1.40
104bfefb-f1c1-4e7b-9c31-7b99a5703d4c,Pengguna Google,https://play-lh.googleusercontent.com/EGemoI2NTXmTsBVtJqk8jxF9rh8ApRWfsIMQSt2uE4OcpQqbFu7f7NbTK05lx80nuSijCz7sc3a277R67g,Berguna sekali,5,0,1.40,2024-08-13 17:08:22,,,1.40
cdc8bc5d-0375-4a53-9092-d37656ad4031,Pengguna Google,https://play-lh.googleusercontent.com/EGemoI2NTXmTsBVtJqk8jxF9rh8ApRWfsIMQSt2uE4OcpQqbFu7f7NbTK05lx80nuSijCz7sc3a277R67g,"memuaskan,pramusapa ramah2 n menjalankan tugas nya dengan baik.pokok nya the best",5,0,1.40,2024-08-13 17:08:14,,,1.40
9ab6a6f3-d7ce-4115-bfa1-11f8ef2f682a,Pengguna Google,https://play-lh.googleusercontent.com/EGemoI2NTXmTsBVtJqk8jxF9rh8ApRWfsIMQSt2uE4OcpQqbFu7f7NbTK05lx80nuSijCz7sc3a277R67g,Sangat membantu memantau bus,5,0,1.40,2024-08-13 17:08:02,,,1.40
08333c71-141f-4a6f-bc4e-60c3b1ef9b3f,Pengguna Google,https://play-lh.googleusercontent.com/EGemoI2NTXmTsBVtJqk8jxF9rh8ApRWfsIMQSt2uE4OcpQqbFu7f7NbTK05lx80nuSijCz7sc3a277R67g,Good,5,0,1.33,2024-08-13 17:07:57,,,1.33
0c16b20e-321a-47b2-807c-75b5daa5a7df,Pengguna Google,https://play-lh.googleusercontent.com/EGemoI2NTXmTsBVtJqk8jxF9rh8ApRWfsIMQSt2uE4OcpQqbFu7f7NbTK05lx80nuSijCz7sc3a277R67g,"Sudah baik, tolong di update terus untuk posisi bus nya agar lebih akurat",5,0,1.40,2024-08-13 17:07:32,,,1.40
fc1d26e2-7e6b-4ff1-99d9-a787f4335cd9,Pengguna Google,https://play-lh.googleusercontent.com/EGemoI2NTXmTsBVtJqk8jxF9rh8ApRWfsIMQSt2uE4OcpQqbFu7f7NbTK05lx80nuSijCz7sc3a277R67g,Sangat bermanfaat,5,0,1.37,2024-08-13 17:07:28,,,1.37
3230a42b-7d97-44aa-a267-644c18b552ca,Pengguna Google,https://play-lh.googleusercontent.com/EGemoI2NTXmTsBVtJqk8jxF9rh8ApRWfsIMQSt2uE4OcpQqbFu7f7NbTK05lx80nuSijCz7sc3a277R67g,"Sangat bermanfaat, terimakasih",5,0,1.40,2024-08-13 17:07:19,,,1.40
30b36551-ebcc-489c-af6c-6cab49181887,Pengguna Google,https://play-lh.googleusercontent.com/EGemoI2NTXmTsBVtJqk8jxF9rh8ApRWfsIMQSt2uE4OcpQqbFu7f7NbTK05lx80nuSijCz7sc3a277R67g,Semua rute dan no body bus tertera dengan jelas ...mantap perubahan yg baik untuk TJ smoga lebih baik lagi,5,0,1.35,2024-08-13 17:07:01,,,1.35
83e98270-ac98-4b69-8078-6977d637a71a,Pengguna Google,https://play-lh.googleusercontent.com/EGemoI2NTXmTsBVtJqk8jxF9rh8ApRWfsIMQSt2uE4OcpQqbFu7f7NbTK05lx80nuSijCz7sc3a277R67g,Bagus dan sangat membantu,5,0,1.40,2024-08-13 17:06:48,,,1.40
47fda2d5-5db5-4e37-b35b-fabce3949296,Pengguna Google,https://play-lh.googleusercontent.com/EGemoI2NTXmTsBVtJqk8jxF9rh8ApRWfsIMQSt2uE4OcpQqbFu7f7NbTK05lx80nuSijCz7sc3a277R67g,Bagus. Sangat membantu,5,0,1.33,2024-08-13 17:06:43,,,1.33
6cc86c7c-7256-490b-987d-fd3de3174a15,Pengguna Google,https://play-lh.googleusercontent.com/EGemoI2NTXmTsBVtJqk8jxF9rh8ApRWfsIMQSt2uE4OcpQqbFu7f7NbTK05lx80nuSijCz7sc3a277R67g,bagus,5,0,1.40,2024-08-13 17:06:07,,,1.40
cc6ba35f-3a14-4e9b-9d72-9a87c2d42cd8,Pengguna Google,https://play-lh.googleusercontent.com/EGemoI2NTXmTsBVtJqk8jxF9rh8ApRWfsIMQSt2uE4OcpQqbFu7f7NbTK05lx80nuSijCz7sc3a277R67g,Terbaik,5,0,1.40,2024-08-13 17:06:02,,,1.40
36630e5f-b33e-4a41-9be9-5afca131b2b8,Pengguna Google,https://play-lh.googleusercontent.com/EGemoI2NTXmTsBVtJqk8jxF9rh8ApRWfsIMQSt2uE4OcpQqbFu7f7NbTK05lx80nuSijCz7sc3a277R67g,Bermanfaat Sangat Membantu Terima kasih,5,0,1.40,2024-08-13 17:05:52,,,1.40
49ef531d-adb7-43b9-8bc0-9f0a1b691dc4,Pengguna Google,https://play-lh.googleusercontent.com/EGemoI2NTXmTsBVtJqk8jxF9rh8ApRWfsIMQSt2uE4OcpQqbFu7f7NbTK05lx80nuSijCz7sc3a277R67g,Mantap Aplikasinya,5,0,1.40,2024-08-13 17:05:39,,,1.40
e6416356-601b-49b6-b60d-51d6dd3ae792,Pengguna Google,https://play-lh.googleusercontent.com/EGemoI2NTXmTsBVtJqk8jxF9rh8ApRWfsIMQSt2uE4OcpQqbFu7f7NbTK05lx80nuSijCz7sc3a277R67g,Sangat membatu 👍,5,0,1.40,2024-08-13 17:05:31,,,1.40
42ae5a6d-a87e-4278-9982-e7fd4266d3e2,Pengguna Google,https://play-lh.googleusercontent.com/EGemoI2NTXmTsBVtJqk8jxF9rh8ApRWfsIMQSt2uE4OcpQqbFu7f7NbTK05lx80nuSijCz7sc3a277R67g,Mantap sangat membantu sekali meliat kedatangan busway dan jaklingko,5,0,1.39,2024-08-13 17:05:28,,,1.39
4b194589-a927-48a1-af82-263176acfc0f,Pengguna Google,https://play-lh.googleusercontent.com/EGemoI2NTXmTsBVtJqk8jxF9rh8ApRWfsIMQSt2uE4OcpQqbFu7f7NbTK05lx80nuSijCz7sc3a277R67g,Aplikasi yg sangat membantu bagi saya yg sering bepergian di dalam kota.,5,0,1.40,2024-08-13 17:05:15,,,1.40
b62984cf-7549-4f7a-9f4f-155054103ebe,Pengguna Google,https://play-lh.googleusercontent.com/EGemoI2NTXmTsBVtJqk8jxF9rh8ApRWfsIMQSt2uE4OcpQqbFu7f7NbTK05lx80nuSijCz7sc3a277R67g,Terbaik,5,0,1.40,2024-08-13 17:05:13,,,1.40
50fc9abe-fb56-43e9-866f-bf01fdf2b1a0,Pengguna Google,https://play-lh.googleusercontent.com/EGemoI2NTXmTsBVtJqk8jxF9rh8ApRWfsIMQSt2uE4OcpQqbFu7f7NbTK05lx80nuSijCz7sc3a277R67g,Sangat membantu untuk bis yang terdekat,5,0,1.40,2024-08-13 17:05:11,,,1.40
8b1ec932-18d3-48ab-b280-dec636816922,Pengguna Google,https://play-lh.googleusercontent.com/EGemoI2NTXmTsBVtJqk8jxF9rh8ApRWfsIMQSt2uE4OcpQqbFu7f7NbTK05lx80nuSijCz7sc3a277R67g,Apk bagus,5,0,1.35,2024-08-13 17:04:52,,,1.35
3e7fbbfa-b6c3-4160-b582-09b03f7f531e,Pengguna Google,https://play-lh.googleusercontent.com/EGemoI2NTXmTsBVtJqk8jxF9rh8ApRWfsIMQSt2uE4OcpQqbFu7f7NbTK05lx80nuSijCz7sc3a277R67g,Mantul... Good,5,0,1.40,2024-08-13 17:04:40,,,1.40
2835f735-f28a-40ed-a8d6-783ceb1a6f06,Pengguna Google,https://play-lh.googleusercontent.com/EGemoI2NTXmTsBVtJqk8jxF9rh8ApRWfsIMQSt2uE4OcpQqbFu7f7NbTK05lx80nuSijCz7sc3a277R67g,Bagus cukup membantu untuk informasi perjalanan,5,0,1.33,2024-08-13 17:04:18,,,1.33
46e921b3-c6b2-467e-91c7-77bf2b74d433,Pengguna Google,https://play-lh.googleusercontent.com/EGemoI2NTXmTsBVtJqk8jxF9rh8ApRWfsIMQSt2uE4OcpQqbFu7f7NbTK05lx80nuSijCz7sc3a277R67g,Sangat bagus,5,0,1.33,2024-08-13 17:04:09,,,1.33
a7bf7c15-72c7-402b-a974-650e26364339,Pengguna Google,https://play-lh.googleusercontent.com/EGemoI2NTXmTsBVtJqk8jxF9rh8ApRWfsIMQSt2uE4OcpQqbFu7f7NbTK05lx80nuSijCz7sc3a277R67g,Sangat membantu dalam perjalanan menggunakan tj,5,0,1.37,2024-08-13 17:03:59,,,1.37
de361f67-73cf-493d-81ac-a531b60c3076,Pengguna Google,https://play-lh.googleusercontent.com/EGemoI2NTXmTsBVtJqk8jxF9rh8ApRWfsIMQSt2uE4OcpQqbFu7f7NbTK05lx80nuSijCz7sc3a277R67g,Membantu untuk mengetahui posisi bus🙏🙏,5,0,1.33,2024-08-13 17:03:55,,,1.33
d4f8c445-3ca3-44bc-9262-8d69368d1aad,Pengguna Google,https://play-lh.googleusercontent.com/EGemoI2NTXmTsBVtJqk8jxF9rh8ApRWfsIMQSt2uE4OcpQqbFu7f7NbTK05lx80nuSijCz7sc3a277R67g,Sangat membantu untuk melihat kedatangan bus dan jg pembelian tiket sekali jalan dgn cara online,5,0,1.40,2024-08-13 17:03:42,,,1.40
cd8fbdd7-4833-4829-84fe-8a4055be0423,Pengguna Google,https://play-lh.googleusercontent.com/EGemoI2NTXmTsBVtJqk8jxF9rh8ApRWfsIMQSt2uE4OcpQqbFu7f7NbTK05lx80nuSijCz7sc3a277R67g,Sangat membantu. terimakasih,5,0,1.40,2024-08-13 17:03:40,,,1.40
cd603bbf-7659-417f-9562-6589d0bae625,Pengguna Google,https://play-lh.googleusercontent.com/EGemoI2NTXmTsBVtJqk8jxF9rh8ApRWfsIMQSt2uE4OcpQqbFu7f7NbTK05lx80nuSijCz7sc3a277R67g,Memudahkan pelanggan untuk mengakses tranjakarta dengan fitur yg lebih lengkap,5,0,1.33,2024-08-13 17:03:32,,,1.33
dc6a59b1-42b0-4595-b171-f7f7fc998f23,Pengguna Google,https://play-lh.googleusercontent.com/EGemoI2NTXmTsBVtJqk8jxF9rh8ApRWfsIMQSt2uE4OcpQqbFu7f7NbTK05lx80nuSijCz7sc3a277R67g,Pencairan lokasi baik keberadaan maupun estimasi jarak tempuh tepat dan akurat,5,0,1.33,2024-08-13 17:03:30,,,1.33
3d878b45-9d43-4d0c-8935-ff0b1a2b58eb,Pengguna Google,https://play-lh.googleusercontent.com/EGemoI2NTXmTsBVtJqk8jxF9rh8ApRWfsIMQSt2uE4OcpQqbFu7f7NbTK05lx80nuSijCz7sc3a277R67g,Sangat memudahkan pelanggan,5,0,,2024-08-13 17:03:26,,,
3c814c2a-0e70-4169-a6f3-9e3884a83997,Pengguna Google,https://play-lh.googleusercontent.com/EGemoI2NTXmTsBVtJqk8jxF9rh8ApRWfsIMQSt2uE4OcpQqbFu7f7NbTK05lx80nuSijCz7sc3a277R67g,Sangat membantu aplikasinya,5,0,1.33,2024-08-13 17:02:52,,,1.33
3634a7f6-b550-4efa-b1ff-03ed44a81feb,Pengguna Google,https://play-lh.googleusercontent.com/EGemoI2NTXmTsBVtJqk8jxF9rh8ApRWfsIMQSt2uE4OcpQqbFu7f7NbTK05lx80nuSijCz7sc3a277R67g,Lebih simple,5,0,1.40,2024-08-13 17:02:16,,,1.40
10ea742b-66f2-4631-b3b7-3fa29c925e33,Pengguna Google,https://play-lh.googleusercontent.com/EGemoI2NTXmTsBVtJqk8jxF9rh8ApRWfsIMQSt2uE4OcpQqbFu7f7NbTK05lx80nuSijCz7sc3a277R67g,Luar biasa sangat membantu kita sebagai pengguna transjakarta bisa melihat posisi bus berapa dimana,5,0,1.39,2024-08-13 17:01:54,,,1.39
e07b013b-272d-421a-82e6-f2d1ad957061,Pengguna Google,https://play-lh.googleusercontent.com/EGemoI2NTXmTsBVtJqk8jxF9rh8ApRWfsIMQSt2uE4OcpQqbFu7f7NbTK05lx80nuSijCz7sc3a277R67g,Sangat membantu untuk melihat informasi rute dan tujuan bus,5,0,1.40,2024-08-13 17:01:28,,,1.40
3d0ef9a3-292a-4fd9-a0d4-ce5ae3c4ba74,Pengguna Google,https://play-lh.googleusercontent.com/EGemoI2NTXmTsBVtJqk8jxF9rh8ApRWfsIMQSt2uE4OcpQqbFu7f7NbTK05lx80nuSijCz7sc3a277R67g,Aplikasi Ini Sangat Membantu,5,0,1.33,2024-08-13 17:00:00,,,1.33
95aaf3e9-07be-407d-8e65-0b6c15a30d09,Pengguna Google,https://play-lh.googleusercontent.com/EGemoI2NTXmTsBVtJqk8jxF9rh8ApRWfsIMQSt2uE4OcpQqbFu7f7NbTK05lx80nuSijCz7sc3a277R67g,Aplikasi ini sangat membantu,5,0,,2024-08-13 16:59:34,,,
c008255a-fa5e-4159-b830-bf016cc614b9,Pengguna Google,https://play-lh.googleusercontent.com/EGemoI2NTXmTsBVtJqk8jxF9rh8ApRWfsIMQSt2uE4OcpQqbFu7f7NbTK05lx80nuSijCz7sc3a277R67g,Transjakarta BISA,5,0,1.35,2024-08-13 16:58:57,,,1.35
7d05c5b1-3516-4b72-97e1-0ca6ffc7bb73,Pengguna Google,https://play-lh.googleusercontent.com/EGemoI2NTXmTsBVtJqk8jxF9rh8ApRWfsIMQSt2uE4OcpQqbFu7f7NbTK05lx80nuSijCz7sc3a277R67g,Good,5,0,1.40,2024-08-13 16:58:24,,,1.40
1d41392a-e81f-4959-ab29-46ac75ab6213,Pengguna Google,https://play-lh.googleusercontent.com/EGemoI2NTXmTsBVtJqk8jxF9rh8ApRWfsIMQSt2uE4OcpQqbFu7f7NbTK05lx80nuSijCz7sc3a277R67g,sangat membantu,5,0,1.39,2024-08-13 16:58:09,,,1.39
5ab82c48-d406-43c4-b170-f7a1ba5ac76d,Pengguna Google,https://play-lh.googleusercontent.com/EGemoI2NTXmTsBVtJqk8jxF9rh8ApRWfsIMQSt2uE4OcpQqbFu7f7NbTK05lx80nuSijCz7sc3a277R67g,Terbaik,5,0,1.40,2024-08-13 16:58:05,,,1.40
b01abd58-0b84-4440-ab21-dbe873e05f31,Pengguna Google,https://play-lh.googleusercontent.com/EGemoI2NTXmTsBVtJqk8jxF9rh8ApRWfsIMQSt2uE4OcpQqbFu7f7NbTK05lx80nuSijCz7sc3a277R67g,"Plis tolong lah, web nya udah bagus bisa mengerti mengenai rute busway dan jadwal nya kenapa harus update tiap minggu sihhhh!!!",3,0,1.37,2024-08-13 11:28:04,,,1.37
ae125567-18fa-476e-b148-224af40930a6,Pengguna Google,https://play-lh.googleusercontent.com/EGemoI2NTXmTsBVtJqk8jxF9rh8ApRWfsIMQSt2uE4OcpQqbFu7f7NbTK05lx80nuSijCz7sc3a277R67g,"Jelek, tidak bergunaaa. Budget bikin apk tuh berapa sih?? Beralih dari apk TIJE ke sini, tau nya sama aja.",1,2,1.40,2024-08-13 08:36:33,,,1.40
cb70c41b-4012-4d56-be9f-5798ecdf3199,Pengguna Google,https://play-lh.googleusercontent.com/EGemoI2NTXmTsBVtJqk8jxF9rh8ApRWfsIMQSt2uE4OcpQqbFu7f7NbTK05lx80nuSijCz7sc3a277R67g,Ini Upgrade nya tiap hari kah?,3,0,1.39,2024-08-12 19:14:56,,,1.39
8f41d549-f085-48a6-8a15-f0629880bc5e,Pengguna Google,https://play-lh.googleusercontent.com/EGemoI2NTXmTsBVtJqk8jxF9rh8ApRWfsIMQSt2uE4OcpQqbFu7f7NbTK05lx80nuSijCz7sc3a277R67g,"Mantap di versi terbaru ini untuk app nya sdh lebih bagus dari versi awal pas muncul di play store, terus di tingkatkan lagi server nya",5,5,1.40,2024-08-12 17:39:45,,,1.40
c6022704-cfce-41af-903d-29aac1f4d5de,Pengguna Google,https://play-lh.googleusercontent.com/EGemoI2NTXmTsBVtJqk8jxF9rh8ApRWfsIMQSt2uE4OcpQqbFu7f7NbTK05lx80nuSijCz7sc3a277R67g,"Kaga akurat, kadang posisi kendaraannya suka bug. Yang jelas masih belum akurat, lebih akurat waktu kedatangannya lewat maps google.",1,2,,2024-08-12 13:59:30,,,
b7010479-4bda-45d8-a4f8-ce933ec99ada,Pengguna Google,https://play-lh.googleusercontent.com/EGemoI2NTXmTsBVtJqk8jxF9rh8ApRWfsIMQSt2uE4OcpQqbFu7f7NbTK05lx80nuSijCz7sc3a277R67g,"Beli tiket di aplikasi ini, gak bisa d gunakan sama sekali scan QR Codenya selalu gagal, alhasil di bantu sama petugasnya buat masuk dan keluar. Di tingkatkan lagi dong aplikasinya Tj",1,5,1.39,2024-08-12 06:58:22,,,1.39
8baaf5ae-4855-4240-8410-f9901d473017,Pengguna Google,https://play-lh.googleusercontent.com/EGemoI2NTXmTsBVtJqk8jxF9rh8ApRWfsIMQSt2uE4OcpQqbFu7f7NbTK05lx80nuSijCz7sc3a277R67g,"Jgn dipaksainlah pake aplikasi kalau blm maximal..bikin malu aja, skelas tranjakarta, bus ibukota, masa ia aplikasi banyak bugnya, jadi ngk ada guna,",1,3,1.39,2024-08-12 00:43:04,,,1.39
10cd1239-a266-4318-9129-19aa922a24f9,Pengguna Google,https://play-lh.googleusercontent.com/EGemoI2NTXmTsBVtJqk8jxF9rh8ApRWfsIMQSt2uE4OcpQqbFu7f7NbTK05lx80nuSijCz7sc3a277R67g,"Saya sangat puas dengan aplikasi TJ Transjakarta! Aplikasi ini sangat memudahkan perjalanan saya dengan fitur real-time yang akurat dan antarmuka yang user-friendly. Jadwal bus selalu diperbarui, dan informasi rute sangat membantu. Saya juga menghargai adanya fitur pemantauan bus secara langsung. Aplikasi ini benar-benar meningkatkan pengalaman bepergian dengan Transjakarta. Sangat direkomendasikan!",5,1,1.40,2024-08-11 21:09:11,,,1.40
7eeff3c4-c46f-416d-9d28-e1af5599b32c,Pengguna Google,https://play-lh.googleusercontent.com/EGemoI2NTXmTsBVtJqk8jxF9rh8ApRWfsIMQSt2uE4OcpQqbFu7f7NbTK05lx80nuSijCz7sc3a277R67g,Baguss banget jadi kalo kemana mna lebih sat set dan ngga telat,5,1,1.39,2024-08-11 19:18:31,,,1.39
14abcc31-f4d8-419c-ab4d-0ee97890d751,Pengguna Google,https://play-lh.googleusercontent.com/EGemoI2NTXmTsBVtJqk8jxF9rh8ApRWfsIMQSt2uE4OcpQqbFu7f7NbTK05lx80nuSijCz7sc3a277R67g,"Aplikasi Yang Sangat Berguna Buat Orang Baru Seperti Saya... Gampang Digunakan, Tidak Ribet.",5,1,1.39,2024-08-11 09:32:29,,,1.39
e55cb062-f681-4e78-a403-cbf8258325b4,Pengguna Google,https://play-lh.googleusercontent.com/EGemoI2NTXmTsBVtJqk8jxF9rh8ApRWfsIMQSt2uE4OcpQqbFu7f7NbTK05lx80nuSijCz7sc3a277R67g,Tolong dong app nya jgn setiap buka minta di update terus,3,1,1.39,2024-08-11 09:04:07,,,1.39
6e866a3c-5a0a-49d3-bfa7-14960a435353,Pengguna Google,https://play-lh.googleusercontent.com/EGemoI2NTXmTsBVtJqk8jxF9rh8ApRWfsIMQSt2uE4OcpQqbFu7f7NbTK05lx80nuSijCz7sc3a277R67g,"Aplikasi bagus tapi kok gak bisa detect di pintu Transjakarta, bahkan di Thamrin, Tosari, Sarinah, karet.. katanya krn ini aplikasi baru belum update mesin deteksi di pintu",2,2,1.39,2024-08-10 22:20:36,,,1.39
d12333af-f6b8-469a-830d-84e098e0138d,Pengguna Google,https://play-lh.googleusercontent.com/EGemoI2NTXmTsBVtJqk8jxF9rh8ApRWfsIMQSt2uE4OcpQqbFu7f7NbTK05lx80nuSijCz7sc3a277R67g,Tiap hari pasti harus selalu di update. Huh!,2,1,1.37,2024-08-10 17:11:38,,,1.37
9b0b4178-5bd2-4f2c-aaf7-03fe45afa65b,Pengguna Google,https://play-lh.googleusercontent.com/EGemoI2NTXmTsBVtJqk8jxF9rh8ApRWfsIMQSt2uE4OcpQqbFu7f7NbTK05lx80nuSijCz7sc3a277R67g,Mantap,5,1,1.37,2024-08-10 09:40:16,,,1.37
3340e312-9c66-4ce5-b458-81ae8806cdb4,Pengguna Google,https://play-lh.googleusercontent.com/EGemoI2NTXmTsBVtJqk8jxF9rh8ApRWfsIMQSt2uE4OcpQqbFu7f7NbTK05lx80nuSijCz7sc3a277R67g,Setelah upgrade gak bisa transaksi. Gak jelas,2,1,1.39,2024-08-10 08:40:23,,,1.39
eb760266-344d-419f-8c05-676e1c02dc1b,Pengguna Google,https://play-lh.googleusercontent.com/EGemoI2NTXmTsBVtJqk8jxF9rh8ApRWfsIMQSt2uE4OcpQqbFu7f7NbTK05lx80nuSijCz7sc3a277R67g,"Gajelas banget masa tiap hari harus update aplikasi, perbaiki lah, masa update terus.",1,6,1.37,2024-08-09 17:06:25,,,1.37
caf14c28-4662-4d13-997b-fcbd80a6b76f,Pengguna Google,https://play-lh.googleusercontent.com/EGemoI2NTXmTsBVtJqk8jxF9rh8ApRWfsIMQSt2uE4OcpQqbFu7f7NbTK05lx80nuSijCz7sc3a277R67g,"Pertama tau dan pertama pakai, buatku ni aplikasi keren, mudah d mengerti, tampilan pun gk buat bingung, otomatis perjalananku terbantu dengan aplikasi ini, akurat dan on time...",5,2,1.37,2024-08-09 12:56:21,,,1.37
593ffa1e-761c-45b5-beaf-ff4d4ccd3c4b,Pengguna Google,https://play-lh.googleusercontent.com/EGemoI2NTXmTsBVtJqk8jxF9rh8ApRWfsIMQSt2uE4OcpQqbFu7f7NbTK05lx80nuSijCz7sc3a277R67g,Bagus.,5,1,1.35,2024-08-09 08:40:19,,,1.35
542b173d-f85b-4078-987f-d05fb440d942,Pengguna Google,https://play-lh.googleusercontent.com/EGemoI2NTXmTsBVtJqk8jxF9rh8ApRWfsIMQSt2uE4OcpQqbFu7f7NbTK05lx80nuSijCz7sc3a277R67g,Mantap,5,1,1.35,2024-08-08 23:31:04,,,1.35
7570f0f9-9d44-4e42-9310-f58c46132b5d,Pengguna Google,https://play-lh.googleusercontent.com/EGemoI2NTXmTsBVtJqk8jxF9rh8ApRWfsIMQSt2uE4OcpQqbFu7f7NbTK05lx80nuSijCz7sc3a277R67g,Very good,5,1,1.35,2024-08-08 16:10:04,,,1.35
a2a876ae-7ec5-4243-ba28-3355e7a2277b,Pengguna Google,https://play-lh.googleusercontent.com/EGemoI2NTXmTsBVtJqk8jxF9rh8ApRWfsIMQSt2uE4OcpQqbFu7f7NbTK05lx80nuSijCz7sc3a277R67g,Banyak update ditambah gk sesuai sama posisi,2,2,1.33,2024-08-08 12:33:25,,,1.33
82d847e3-4d3e-466d-ab4a-0b9e1614075e,Pengguna Google,https://play-lh.googleusercontent.com/EGemoI2NTXmTsBVtJqk8jxF9rh8ApRWfsIMQSt2uE4OcpQqbFu7f7NbTK05lx80nuSijCz7sc3a277R67g,"Gajelas kadang suka ngebug ,tiket udh dibeli malahan ga muncul terus,",1,2,1.35,2024-08-08 06:12:34,,,1.35
0486b5ca-5d81-4e59-bd50-baa08732fd5f,Pengguna Google,https://play-lh.googleusercontent.com/EGemoI2NTXmTsBVtJqk8jxF9rh8ApRWfsIMQSt2uE4OcpQqbFu7f7NbTK05lx80nuSijCz7sc3a277R67g,"Tarif di aplikasi tidak sesuai dengan pakai kartu. Untuk jam 5-7 pagi harusnya 2rb tetapi tetap 3500. Dan juga saya sudah coba beli, transaksi sudah berhasil dan saldo di astrapay saya terpotong tetapi tiketnya tidak muncul sehingga tidak bisa digunakan",1,24,1.35,2024-08-08 05:49:00,,,1.35
bfd2462a-9fbe-4de2-94ba-83a030c30dfa,Pengguna Google,https://play-lh.googleusercontent.com/EGemoI2NTXmTsBVtJqk8jxF9rh8ApRWfsIMQSt2uE4OcpQqbFu7f7NbTK05lx80nuSijCz7sc3a277R67g,"Aplikasinya mudah digunakan, sejauh ini tidak lag. Sangat bermanfaat untuk memantau Transjakarta secara real time",5,1,1.35,2024-08-07 13:45:18,,,1.35
73a47288-e6dd-47f7-807c-f735649c9202,Pengguna Google,https://play-lh.googleusercontent.com/EGemoI2NTXmTsBVtJqk8jxF9rh8ApRWfsIMQSt2uE4OcpQqbFu7f7NbTK05lx80nuSijCz7sc3a277R67g,Apk yg baru barcode nya susahhhh mending yg lama gampang bukanya membatu malah ribetttttttt banget,1,3,1.35,2024-08-07 09:48:41,,,1.35
85388b56-3443-47d2-a1b4-6f9143366386,Pengguna Google,https://play-lh.googleusercontent.com/EGemoI2NTXmTsBVtJqk8jxF9rh8ApRWfsIMQSt2uE4OcpQqbFu7f7NbTK05lx80nuSijCz7sc3a277R67g,"Maaf aplikasinya ini kureng banget menurut ku dibanding aplikasi tije kemarin terlalu lemot parah banyak banget yang harus di perbaiki, padahal saya selalu naik transjakarta setiap hari",1,5,1.35,2024-08-07 07:39:14,,,1.35
02e86fc6-ec43-4a60-ab56-4a6dc023b830,Pengguna Google,https://play-lh.googleusercontent.com/EGemoI2NTXmTsBVtJqk8jxF9rh8ApRWfsIMQSt2uE4OcpQqbFu7f7NbTK05lx80nuSijCz7sc3a277R67g,Sangat membantu kita buat tau rute rutenya,5,1,,2024-08-06 20:54:14,,,
1764988e-2d3e-40fb-8e91-918c56164e6f,Pengguna Google,https://play-lh.googleusercontent.com/EGemoI2NTXmTsBVtJqk8jxF9rh8ApRWfsIMQSt2uE4OcpQqbFu7f7NbTK05lx80nuSijCz7sc3a277R67g,"udah bagus siih udha kliatan bis nya, tp kadang bis nya juga masih gak ke deteck / masih nyangkut2..haha",3,1,1.35,2024-08-06 20:27:32,,,1.35
0f65461a-ef65-4c93-808f-57dc8eda991d,Pengguna Google,https://play-lh.googleusercontent.com/EGemoI2NTXmTsBVtJqk8jxF9rh8ApRWfsIMQSt2uE4OcpQqbFu7f7NbTK05lx80nuSijCz7sc3a277R67g,APLIKASI BUSUK!! TRACKINGNYA SAMA SEKALI GAAKURAT. BUANG BUANG ANGGARAN PEMERINTAH SAJA LU BIKIN APLIKASI BEGINI !!,1,3,1.35,2024-08-06 11:40:14,,,1.35
6f725365-563a-438d-8b8b-69008386cccf,Pengguna Google,https://play-lh.googleusercontent.com/EGemoI2NTXmTsBVtJqk8jxF9rh8ApRWfsIMQSt2uE4OcpQqbFu7f7NbTK05lx80nuSijCz7sc3a277R67g,beli tiket malah gak muncul tiket ny mana di astrapay udah kepotong,1,3,1.35,2024-08-06 10:07:39,,,1.35
0298a8d6-4265-4e24-81c2-1b0226dadf07,Pengguna Google,https://play-lh.googleusercontent.com/EGemoI2NTXmTsBVtJqk8jxF9rh8ApRWfsIMQSt2uE4OcpQqbFu7f7NbTK05lx80nuSijCz7sc3a277R67g,Kini lebih baik,5,1,1.35,2024-08-06 09:36:45,,,1.35
6c1468df-18b1-407d-bbff-1dd9cf68b427,Pengguna Google,https://play-lh.googleusercontent.com/EGemoI2NTXmTsBVtJqk8jxF9rh8ApRWfsIMQSt2uE4OcpQqbFu7f7NbTK05lx80nuSijCz7sc3a277R67g,BURUKKK. PESAN TIKET TAPI TIKETNYA TIDAK KELUAR. UDAH PESAN 2X SALDO ASTRAPAY BERKURANG. JANGAN MAU PAKAI APLIKASI INI. PETUGAS YG JAGA DI HALTE KEBON SIRIH ARAH SARINAH JUGA TIDAK RAMAH. TOLONG DI TRAINING DULU DEH.,1,2,1.35,2024-08-06 06:45:35,,,1.35
4b622e7f-57e1-4c7b-9640-dd5f25b08209,Pengguna Google,https://play-lh.googleusercontent.com/EGemoI2NTXmTsBVtJqk8jxF9rh8ApRWfsIMQSt2uE4OcpQqbFu7f7NbTK05lx80nuSijCz7sc3a277R67g,"Sangat membantu dan mudah di pergunakan,terimakasih.",5,1,,2024-08-06 00:32:21,,,
e5ae0456-450c-4334-898f-188f3e580d91,Pengguna Google,https://play-lh.googleusercontent.com/EGemoI2NTXmTsBVtJqk8jxF9rh8ApRWfsIMQSt2uE4OcpQqbFu7f7NbTK05lx80nuSijCz7sc3a277R67g,Mantap,5,1,1.33,2024-08-05 22:28:59,,,1.33
db74d4a1-b2ba-4b4b-98d9-05c3baa46497,Pengguna Google,https://play-lh.googleusercontent.com/EGemoI2NTXmTsBVtJqk8jxF9rh8ApRWfsIMQSt2uE4OcpQqbFu7f7NbTK05lx80nuSijCz7sc3a277R67g,Ok,5,1,1.33,2024-08-05 20:32:48,,,1.33
14a6425d-547a-4e8a-a6f7-b41915856c4f,Pengguna Google,https://play-lh.googleusercontent.com/EGemoI2NTXmTsBVtJqk8jxF9rh8ApRWfsIMQSt2uE4OcpQqbFu7f7NbTK05lx80nuSijCz7sc3a277R67g,Gege,5,1,,2024-08-05 19:52:36,,,
fc59cd87-eae1-454c-9894-61aac0c6f971,Pengguna Google,https://play-lh.googleusercontent.com/EGemoI2NTXmTsBVtJqk8jxF9rh8ApRWfsIMQSt2uE4OcpQqbFu7f7NbTK05lx80nuSijCz7sc3a277R67g,Applikasi sangat membantu dan enak untuk di gunankan..thx tj,5,1,,2024-08-05 16:45:30,,,
0dd0609c-fc21-4cba-ab37-9712402e60bc,Pengguna Google,https://play-lh.googleusercontent.com/EGemoI2NTXmTsBVtJqk8jxF9rh8ApRWfsIMQSt2uE4OcpQqbFu7f7NbTK05lx80nuSijCz7sc3a277R67g,"Kurang responsif, fitur ""halte selanjutnya"" kurang akurat, tidak semua bis terdeteksi radar. Seminggu sekali wajib update",1,7,1.33,2024-08-05 15:09:58,,,1.33
6334a6e3-1ecd-4b88-ac19-3194e5eb253a,Pengguna Google,https://play-lh.googleusercontent.com/EGemoI2NTXmTsBVtJqk8jxF9rh8ApRWfsIMQSt2uE4OcpQqbFu7f7NbTK05lx80nuSijCz7sc3a277R67g,"Aplikasinya bagus, UI/UX nya bikin nyaman dan mudah dioperasikan",5,1,1.33,2024-08-05 10:58:21,,,1.33
c82c9c1f-3979-4d6c-973b-04fcd0f30db3,Pengguna Google,https://play-lh.googleusercontent.com/EGemoI2NTXmTsBVtJqk8jxF9rh8ApRWfsIMQSt2uE4OcpQqbFu7f7NbTK05lx80nuSijCz7sc3a277R67g,"Aplikasinya oke bangett. Fiturnya lengkap, ada peta rute, jadwal bus, pelacakan bus real-time, info tarif, dan cari rute tercepat. Gampang dipakai dan bantu banget buat rencana perjalanan.",5,1,,2024-08-05 09:57:58,,,
63e54f38-d587-4ec2-90ec-88bee67316c9,Pengguna Google,https://play-lh.googleusercontent.com/EGemoI2NTXmTsBVtJqk8jxF9rh8ApRWfsIMQSt2uE4OcpQqbFu7f7NbTK05lx80nuSijCz7sc3a277R67g,Ini lebih praktis diliatnya,5,1,1.33,2024-08-05 09:24:25,,,1.33
e66020e3-2437-4a5a-8f25-14a92a6e836b,Pengguna Google,https://play-lh.googleusercontent.com/EGemoI2NTXmTsBVtJqk8jxF9rh8ApRWfsIMQSt2uE4OcpQqbFu7f7NbTK05lx80nuSijCz7sc3a277R67g,Sangat membantu dalam mengetahui informasi tracking dan jadwal bus,5,1,1.33,2024-08-05 09:20:39,,,1.33
cd6a9868-c216-4f20-9edb-ec9a9c649593,Pengguna Google,https://play-lh.googleusercontent.com/EGemoI2NTXmTsBVtJqk8jxF9rh8ApRWfsIMQSt2uE4OcpQqbFu7f7NbTK05lx80nuSijCz7sc3a277R67g,Sangat membantu sekali,5,1,1.33,2024-08-05 08:36:47,,,1.33
b569ea48-dc7b-4a24-ade7-a21485cc3a0d,Pengguna Google,https://play-lh.googleusercontent.com/EGemoI2NTXmTsBVtJqk8jxF9rh8ApRWfsIMQSt2uE4OcpQqbFu7f7NbTK05lx80nuSijCz7sc3a277R67g,Alhamdulillah,5,1,1.33,2024-08-05 08:17:13,,,1.33
1c044c01-18e1-4459-bd49-ceb7957ac47d,Pengguna Google,https://play-lh.googleusercontent.com/EGemoI2NTXmTsBVtJqk8jxF9rh8ApRWfsIMQSt2uE4OcpQqbFu7f7NbTK05lx80nuSijCz7sc3a277R67g,Keren Aplikasinya,5,1,1.33,2024-08-05 08:14:33,,,1.33
cb62fc2f-3e6a-4b39-a6d9-6a28f212a10b,Pengguna Google,https://play-lh.googleusercontent.com/EGemoI2NTXmTsBVtJqk8jxF9rh8ApRWfsIMQSt2uE4OcpQqbFu7f7NbTK05lx80nuSijCz7sc3a277R67g,Aplikasi ini sangat user friendly dan mudah digunakan,5,1,1.33,2024-08-05 01:38:27,,,1.33
1720d7f7-1edc-4a39-9f6e-6b80884a4f0a,Pengguna Google,https://play-lh.googleusercontent.com/EGemoI2NTXmTsBVtJqk8jxF9rh8ApRWfsIMQSt2uE4OcpQqbFu7f7NbTK05lx80nuSijCz7sc3a277R67g,"Dengan aplikasi ini kita bisa lihat kapan datangnya bus transjakarta loh, terimakasih sudah menyediakan aplikasi transjakarta",5,1,1.33,2024-08-05 00:52:54,,,1.33
f4cd8f74-7322-4b44-9c78-16f359f55e09,Pengguna Google,https://play-lh.googleusercontent.com/EGemoI2NTXmTsBVtJqk8jxF9rh8ApRWfsIMQSt2uE4OcpQqbFu7f7NbTK05lx80nuSijCz7sc3a277R67g,baguss apk nya semoga makin berkembang sterusnya,5,1,1.33,2024-08-05 00:22:36,,,1.33
e46f9218-8021-4baa-a90e-1ff49a4e979d,Pengguna Google,https://play-lh.googleusercontent.com/EGemoI2NTXmTsBVtJqk8jxF9rh8ApRWfsIMQSt2uE4OcpQqbFu7f7NbTK05lx80nuSijCz7sc3a277R67g,"App ini sangat membantu sekali apalagi yg baru datang ke jakarta, fitur""nya juga bagus suka banget, wajib sih punya app ini karna sangat bermanfaat",5,1,1.33,2024-08-05 00:19:14,,,1.33
080769e1-b73e-4bb4-bc88-1845e9b1310e,Pengguna Google,https://play-lh.googleusercontent.com/EGemoI2NTXmTsBVtJqk8jxF9rh8ApRWfsIMQSt2uE4OcpQqbFu7f7NbTK05lx80nuSijCz7sc3a277R67g,"Ga bisa login, sudah daftar, coba pakai google akun sama aja ga bisa juga tulisannya ""invalid token claims"" aneh banget",1,3,1.33,2024-08-04 22:05:05,,,1.33
0e6b8e47-06c2-4fda-a3e1-ecfad5efe951,Pengguna Google,https://play-lh.googleusercontent.com/EGemoI2NTXmTsBVtJqk8jxF9rh8ApRWfsIMQSt2uE4OcpQqbFu7f7NbTK05lx80nuSijCz7sc3a277R67g,"sangat ngebantu anak transum kaya gw 🤗 tolong d tambah metode pembayaran dgn ewalet yg lain min, plus tingkatin ya jgn sampe ngebug",5,1,,2024-08-04 19:19:16,,,
d98c684c-d84d-494c-bc58-c87a0c0925db,Pengguna Google,https://play-lh.googleusercontent.com/EGemoI2NTXmTsBVtJqk8jxF9rh8ApRWfsIMQSt2uE4OcpQqbFu7f7NbTK05lx80nuSijCz7sc3a277R67g,Mudah dipahami apknya,5,1,1.33,2024-08-04 14:35:37,,,1.33
40c9d7e9-fdd4-4d8e-9d05-6b3a743a17e1,Pengguna Google,https://play-lh.googleusercontent.com/EGemoI2NTXmTsBVtJqk8jxF9rh8ApRWfsIMQSt2uE4OcpQqbFu7f7NbTK05lx80nuSijCz7sc3a277R67g,Aplikasinya mudah di pahami.,5,1,1.33,2024-08-04 10:20:22,,,1.33
aebd2d6f-8159-4046-a0ef-c352da5c3f4b,Pengguna Google,https://play-lh.googleusercontent.com/EGemoI2NTXmTsBVtJqk8jxF9rh8ApRWfsIMQSt2uE4OcpQqbFu7f7NbTK05lx80nuSijCz7sc3a277R67g,"Adanya aplikasi transjakarta ini jadi semakin memudahkan aku untuk memantau kpadatan pnumpang yang naik di bus, waktu kedatangan bus yg tampil di apk juga real time jadi aku gak tkut telat klau mw brangkat kerja",5,1,,2024-08-04 10:12:42,,,
389757a3-9f71-4234-a587-0f2488f0ba01,Pengguna Google,https://play-lh.googleusercontent.com/EGemoI2NTXmTsBVtJqk8jxF9rh8ApRWfsIMQSt2uE4OcpQqbFu7f7NbTK05lx80nuSijCz7sc3a277R67g,"Aplikasi yang bagus dan mudah penggunaannya, mempermudah untuk melihat rute perjalanan. Aplikasi nya keren👍🏻",5,1,1.33,2024-08-04 09:40:01,,,1.33
7ec65ebc-49f0-4e8c-b219-758443f4a3f5,Pengguna Google,https://play-lh.googleusercontent.com/EGemoI2NTXmTsBVtJqk8jxF9rh8ApRWfsIMQSt2uE4OcpQqbFu7f7NbTK05lx80nuSijCz7sc3a277R67g,"Filtur layanan yang lengkap, dan sangat membantu para pemula untuk memahami rute😁",5,1,1.33,2024-08-04 09:24:40,,,1.33
253ed1e0-1e37-4061-b6ff-3b6af0d0fca0,Pengguna Google,https://play-lh.googleusercontent.com/EGemoI2NTXmTsBVtJqk8jxF9rh8ApRWfsIMQSt2uE4OcpQqbFu7f7NbTK05lx80nuSijCz7sc3a277R67g,"aplikasi nya memudahkan banget buat kita yang suka perjalanan, dan juga tampilan nya simpel dan keren",5,1,1.33,2024-08-04 09:23:59,,,1.33
57ff1a52-1404-4d4b-bab6-13cf29505c93,Pengguna Google,https://play-lh.googleusercontent.com/EGemoI2NTXmTsBVtJqk8jxF9rh8ApRWfsIMQSt2uE4OcpQqbFu7f7NbTK05lx80nuSijCz7sc3a277R67g,Good,5,1,1.33,2024-08-04 06:33:01,,,1.33
051c19e6-97d8-4a3b-8370-bafb5e78fc3c,Pengguna Google,https://play-lh.googleusercontent.com/EGemoI2NTXmTsBVtJqk8jxF9rh8ApRWfsIMQSt2uE4OcpQqbFu7f7NbTK05lx80nuSijCz7sc3a277R67g,Semoga bermanfaat bagi pelanggan transjakarta..saya menghargai aplikasi baru byk pengembangan,5,1,1.33,2024-08-04 03:17:57,,,1.33
4eabd9ea-4dc8-4d70-b262-9c9c07261f22,Pengguna Google,https://play-lh.googleusercontent.com/EGemoI2NTXmTsBVtJqk8jxF9rh8ApRWfsIMQSt2uE4OcpQqbFu7f7NbTK05lx80nuSijCz7sc3a277R67g,Good Job,5,1,1.33,2024-08-04 01:58:53,,,1.33
fcaec505-8f3b-438f-8d89-4f35ae18c161,Pengguna Google,https://play-lh.googleusercontent.com/EGemoI2NTXmTsBVtJqk8jxF9rh8ApRWfsIMQSt2uE4OcpQqbFu7f7NbTK05lx80nuSijCz7sc3a277R67g,Good job,5,1,1.33,2024-08-04 01:55:00,,,1.33
75973147-90aa-4ad6-a0bc-dc7b204ea4cb,Pengguna Google,https://play-lh.googleusercontent.com/EGemoI2NTXmTsBVtJqk8jxF9rh8ApRWfsIMQSt2uE4OcpQqbFu7f7NbTK05lx80nuSijCz7sc3a277R67g,Sangat membantu dalam perjalanan 😍🥰🥰,5,1,1.33,2024-08-04 01:03:52,,,1.33
3ecd2479-c86e-45bf-8528-7d620ef1e669,Pengguna Google,https://play-lh.googleusercontent.com/EGemoI2NTXmTsBVtJqk8jxF9rh8ApRWfsIMQSt2uE4OcpQqbFu7f7NbTK05lx80nuSijCz7sc3a277R67g,"Bagus, memudahkan pelanggan memantau lokasi bus",5,1,1.33,2024-08-04 00:37:25,,,1.33
bb6b97f4-dd9a-4169-8ec0-6bbb9044e386,Pengguna Google,https://play-lh.googleusercontent.com/EGemoI2NTXmTsBVtJqk8jxF9rh8ApRWfsIMQSt2uE4OcpQqbFu7f7NbTK05lx80nuSijCz7sc3a277R67g,bgus,5,1,1.33,2024-08-03 23:35:14,,,1.33
eea7d152-130f-4349-9933-e364c2d3272f,Pengguna Google,https://play-lh.googleusercontent.com/EGemoI2NTXmTsBVtJqk8jxF9rh8ApRWfsIMQSt2uE4OcpQqbFu7f7NbTK05lx80nuSijCz7sc3a277R67g,Sangat membantu dalam perjalanan,5,1,1.33,2024-08-03 22:29:14,,,1.33
5e6ebdad-5e6e-4163-a8ec-e1ace2697bcc,Pengguna Google,https://play-lh.googleusercontent.com/EGemoI2NTXmTsBVtJqk8jxF9rh8ApRWfsIMQSt2uE4OcpQqbFu7f7NbTK05lx80nuSijCz7sc3a277R67g,Baikk,5,1,1.33,2024-08-03 22:28:12,,,1.33
c55c5a98-61d3-4095-af27-70c935149d21,Pengguna Google,https://play-lh.googleusercontent.com/EGemoI2NTXmTsBVtJqk8jxF9rh8ApRWfsIMQSt2uE4OcpQqbFu7f7NbTK05lx80nuSijCz7sc3a277R67g,Semoga semakin bagus dan semakin terdepan,5,1,1.33,2024-08-03 22:02:27,,,1.33
24af39cf-9448-42cf-bd54-4ac1fad8c315,Pengguna Google,https://play-lh.googleusercontent.com/EGemoI2NTXmTsBVtJqk8jxF9rh8ApRWfsIMQSt2uE4OcpQqbFu7f7NbTK05lx80nuSijCz7sc3a277R67g,Mantap bisa tracking bus,5,1,1.33,2024-08-03 21:54:06,,,1.33
3388badf-f5ec-40ab-a72d-5c113420cc94,Pengguna Google,https://play-lh.googleusercontent.com/EGemoI2NTXmTsBVtJqk8jxF9rh8ApRWfsIMQSt2uE4OcpQqbFu7f7NbTK05lx80nuSijCz7sc3a277R67g,Sesuai dengan kedatangan armadanya.. okeh dah,5,1,1.33,2024-08-03 21:45:08,,,1.33
ba2edb6b-5d31-4dd2-8e9a-95031973770b,Pengguna Google,https://play-lh.googleusercontent.com/EGemoI2NTXmTsBVtJqk8jxF9rh8ApRWfsIMQSt2uE4OcpQqbFu7f7NbTK05lx80nuSijCz7sc3a277R67g,Maju terus Transjakarta koe.. Melayani pelanggan masyarakat jakarta,5,1,1.33,2024-08-03 21:28:49,,,1.33
fcb9f3cf-e6d3-4e14-a824-61a2adb894bc,Pengguna Google,https://play-lh.googleusercontent.com/EGemoI2NTXmTsBVtJqk8jxF9rh8ApRWfsIMQSt2uE4OcpQqbFu7f7NbTK05lx80nuSijCz7sc3a277R67g,Sangat membantu & memuaskan,5,1,1.33,2024-08-03 21:21:19,,,1.33
1ea2bc9e-abd4-4178-a6c3-4e35ba9453c1,Pengguna Google,https://play-lh.googleusercontent.com/EGemoI2NTXmTsBVtJqk8jxF9rh8ApRWfsIMQSt2uE4OcpQqbFu7f7NbTK05lx80nuSijCz7sc3a277R67g,"Terima kasih Transjakarta, sudah menyediakan aplikasi seperti ini",5,1,1.33,2024-08-03 21:04:19,,,1.33
fb8f53d0-9d41-4098-8dd3-b2c1d92e5e3d,Pengguna Google,https://play-lh.googleusercontent.com/EGemoI2NTXmTsBVtJqk8jxF9rh8ApRWfsIMQSt2uE4OcpQqbFu7f7NbTK05lx80nuSijCz7sc3a277R67g,bagus mdhh dpahami,5,1,1.33,2024-08-03 21:00:51,,,1.33
65ceb0bd-c2b2-45b9-a6c9-e332e004a93b,Pengguna Google,https://play-lh.googleusercontent.com/EGemoI2NTXmTsBVtJqk8jxF9rh8ApRWfsIMQSt2uE4OcpQqbFu7f7NbTK05lx80nuSijCz7sc3a277R67g,Mantap bagus makin berjaya transjakarta🫡,5,1,1.33,2024-08-03 21:00:04,,,1.33
3043bf6f-4098-408a-ae48-2269a86be9ce,Pengguna Google,https://play-lh.googleusercontent.com/EGemoI2NTXmTsBVtJqk8jxF9rh8ApRWfsIMQSt2uE4OcpQqbFu7f7NbTK05lx80nuSijCz7sc3a277R67g,"Aplikasi baru sangat bagus, semoga berkembang tracking tepat waktu, kedepannya y lebih makin maju",5,1,1.33,2024-08-03 20:57:45,,,1.33
3aef31d8-9ad8-47b1-a5ec-4e80190678a8,Pengguna Google,https://play-lh.googleusercontent.com/EGemoI2NTXmTsBVtJqk8jxF9rh8ApRWfsIMQSt2uE4OcpQqbFu7f7NbTK05lx80nuSijCz7sc3a277R67g,"Nice apps ,sangat membantu",5,1,1.33,2024-08-03 20:56:29,,,1.33
9d3b1eaa-8a6f-45f2-8f79-03cbf1d9e51a,Pengguna Google,https://play-lh.googleusercontent.com/EGemoI2NTXmTsBVtJqk8jxF9rh8ApRWfsIMQSt2uE4OcpQqbFu7f7NbTK05lx80nuSijCz7sc3a277R67g,bagus,5,1,1.33,2024-08-03 20:52:01,,,1.33
fca5e857-cdb3-407d-a59c-a718c6303d56,Pengguna Google,https://play-lh.googleusercontent.com/EGemoI2NTXmTsBVtJqk8jxF9rh8ApRWfsIMQSt2uE4OcpQqbFu7f7NbTK05lx80nuSijCz7sc3a277R67g,Okeh,5,1,1.33,2024-08-03 20:50:30,,,1.33
607137a4-e492-45f3-95fa-612e7ee41ae5,Pengguna Google,https://play-lh.googleusercontent.com/EGemoI2NTXmTsBVtJqk8jxF9rh8ApRWfsIMQSt2uE4OcpQqbFu7f7NbTK05lx80nuSijCz7sc3a277R67g,"Semoga bisa lebih baik dan banyak fiturnya, terimakasih",5,1,1.33,2024-08-03 20:48:09,,,1.33
8094abc1-d761-46d1-8f3b-24854bf96e45,Pengguna Google,https://play-lh.googleusercontent.com/EGemoI2NTXmTsBVtJqk8jxF9rh8ApRWfsIMQSt2uE4OcpQqbFu7f7NbTK05lx80nuSijCz7sc3a277R67g,Keren sangat membantu dan menjadi teman perjalanan,5,1,1.33,2024-08-03 20:46:53,,,1.33
9ad9a744-ec10-471e-949f-9aa683459422,Pengguna Google,https://play-lh.googleusercontent.com/EGemoI2NTXmTsBVtJqk8jxF9rh8ApRWfsIMQSt2uE4OcpQqbFu7f7NbTK05lx80nuSijCz7sc3a277R67g,Ok,5,1,1.33,2024-08-03 20:46:37,,,1.33
7f2d31a7-f02e-4da0-a439-b9bbe817011d,Pengguna Google,https://play-lh.googleusercontent.com/EGemoI2NTXmTsBVtJqk8jxF9rh8ApRWfsIMQSt2uE4OcpQqbFu7f7NbTK05lx80nuSijCz7sc3a277R67g,Terus update,5,1,1.33,2024-08-03 20:44:48,,,1.33
cc1aada2-6881-4312-96cc-5307e1c0c8b2,Pengguna Google,https://play-lh.googleusercontent.com/EGemoI2NTXmTsBVtJqk8jxF9rh8ApRWfsIMQSt2uE4OcpQqbFu7f7NbTK05lx80nuSijCz7sc3a277R67g,"Sangat membantu disaat kita akan bepergian di jakarta, dengan ada nya aplikasi ini , kita bisa tau posisi bus dmn , bisa tau rute mana yang dilewati dsb.",5,2,1.33,2024-08-03 20:40:03,,,1.33
ef25c345-e938-4988-9bbf-6d6b5a580b22,Pengguna Google,https://play-lh.googleusercontent.com/EGemoI2NTXmTsBVtJqk8jxF9rh8ApRWfsIMQSt2uE4OcpQqbFu7f7NbTK05lx80nuSijCz7sc3a277R67g,Sangat mambantu👍🏻👍🏻👍🏻,5,1,1.33,2024-08-03 20:40:03,,,1.33
3d727095-415d-478b-b62e-ea19500478d7,Pengguna Google,https://play-lh.googleusercontent.com/EGemoI2NTXmTsBVtJqk8jxF9rh8ApRWfsIMQSt2uE4OcpQqbFu7f7NbTK05lx80nuSijCz7sc3a277R67g,Terbaik,5,1,1.33,2024-08-03 20:39:40,,,1.33
0b1a0e93-cafa-44ea-a9b0-17ea1ee7ca57,Pengguna Google,https://play-lh.googleusercontent.com/EGemoI2NTXmTsBVtJqk8jxF9rh8ApRWfsIMQSt2uE4OcpQqbFu7f7NbTK05lx80nuSijCz7sc3a277R67g,Mantappps,5,1,1.33,2024-08-03 20:36:01,,,1.33
9657adc4-ca1e-4eb6-bb9c-113f2027e6c2,Pengguna Google,https://play-lh.googleusercontent.com/EGemoI2NTXmTsBVtJqk8jxF9rh8ApRWfsIMQSt2uE4OcpQqbFu7f7NbTK05lx80nuSijCz7sc3a277R67g,Sangat membantu,5,1,1.33,2024-08-03 20:31:18,,,1.33
ae2e953a-011a-4691-b1bf-4b2dca6babd7,Pengguna Google,https://play-lh.googleusercontent.com/EGemoI2NTXmTsBVtJqk8jxF9rh8ApRWfsIMQSt2uE4OcpQqbFu7f7NbTK05lx80nuSijCz7sc3a277R67g,Best,5,1,1.33,2024-08-03 20:30:39,,,1.33
1128c67c-c293-45a1-ba6d-883dd6de4875,Pengguna Google,https://play-lh.googleusercontent.com/EGemoI2NTXmTsBVtJqk8jxF9rh8ApRWfsIMQSt2uE4OcpQqbFu7f7NbTK05lx80nuSijCz7sc3a277R67g,Semoga Memberikan Aplikasi Tracking terbaik Dan Layanan Transportasi Yang Maju..,5,1,1.33,2024-08-03 20:30:07,,,1.33
c317bcb6-7ef6-4e7b-ad1c-d11ccc0192b8,Pengguna Google,https://play-lh.googleusercontent.com/EGemoI2NTXmTsBVtJqk8jxF9rh8ApRWfsIMQSt2uE4OcpQqbFu7f7NbTK05lx80nuSijCz7sc3a277R67g,sangat bagus karna dapat membantu memberi tahu live traking bus trasjakarta akan tetapi harus di perbaiki loadingnya disaat akan mengaksesnya,5,1,1.33,2024-08-03 20:26:20,,,1.33
623fe12a-b322-4406-ae49-7ff80ae1e64e,Pengguna Google,https://play-lh.googleusercontent.com/EGemoI2NTXmTsBVtJqk8jxF9rh8ApRWfsIMQSt2uE4OcpQqbFu7f7NbTK05lx80nuSijCz7sc3a277R67g,Luar biasa kalau biaa api keynya di buka untuk umum,5,1,1.33,2024-08-03 20:22:59,,,1.33
f291996d-f885-44cc-86f1-db560d0f5391,Pengguna Google,https://play-lh.googleusercontent.com/EGemoI2NTXmTsBVtJqk8jxF9rh8ApRWfsIMQSt2uE4OcpQqbFu7f7NbTK05lx80nuSijCz7sc3a277R67g,"Aplikasinya bagus, membantu saya mengetahui lokasi bus saat saya ingin kepuncak dari jakarta",5,1,1.33,2024-08-03 20:15:39,,,1.33
e2e2dcc4-5402-4844-bcba-109b18ee06f7,Pengguna Google,https://play-lh.googleusercontent.com/EGemoI2NTXmTsBVtJqk8jxF9rh8ApRWfsIMQSt2uE4OcpQqbFu7f7NbTK05lx80nuSijCz7sc3a277R67g,"Aplikasi nya sangat baik , Dapat mempermudah untuk melihat Live Tracking , Rute , Serta Informasi layanan transjakarta , Terima kasih.",5,1,1.33,2024-08-03 20:15:22,,,1.33
194ff856-7de7-4ddd-bace-c2c5689dabe5,Pengguna Google,https://play-lh.googleusercontent.com/EGemoI2NTXmTsBVtJqk8jxF9rh8ApRWfsIMQSt2uE4OcpQqbFu7f7NbTK05lx80nuSijCz7sc3a277R67g,Sangat membantu jika naik Transjakarta,4,1,1.33,2024-08-03 20:10:13,,,1.33
7975a05b-1d61-4093-9985-2c77e0d9ccf8,Pengguna Google,https://play-lh.googleusercontent.com/EGemoI2NTXmTsBVtJqk8jxF9rh8ApRWfsIMQSt2uE4OcpQqbFu7f7NbTK05lx80nuSijCz7sc3a277R67g,Sanga bagus dan Bermanfaat,5,1,1.33,2024-08-03 20:09:54,,,1.33
f05695a2-d36a-4798-8168-5d61965e0cc6,Pengguna Google,https://play-lh.googleusercontent.com/EGemoI2NTXmTsBVtJqk8jxF9rh8ApRWfsIMQSt2uE4OcpQqbFu7f7NbTK05lx80nuSijCz7sc3a277R67g,Keren aplikasi nya,5,1,1.33,2024-08-03 20:09:12,,,1.33
58ab46f9-f472-4e8e-b0d7-34b80b84cd78,Pengguna Google,https://play-lh.googleusercontent.com/EGemoI2NTXmTsBVtJqk8jxF9rh8ApRWfsIMQSt2uE4OcpQqbFu7f7NbTK05lx80nuSijCz7sc3a277R67g,Sangat membantu petugas pelayanan halte,5,1,1.33,2024-08-03 20:07:36,,,1.33
a300ae4a-9e8c-4c24-8c20-e51997269fec,Pengguna Google,https://play-lh.googleusercontent.com/EGemoI2NTXmTsBVtJqk8jxF9rh8ApRWfsIMQSt2uE4OcpQqbFu7f7NbTK05lx80nuSijCz7sc3a277R67g,Aplikasi yg sangat bagus buat saya,5,1,1.33,2024-08-03 20:05:04,,,1.33
3120314c-c51d-441e-940f-14b22689df5a,Pengguna Google,https://play-lh.googleusercontent.com/EGemoI2NTXmTsBVtJqk8jxF9rh8ApRWfsIMQSt2uE4OcpQqbFu7f7NbTK05lx80nuSijCz7sc3a277R67g,Terimakasih transjakarta semoga sukses selalu kedepan nya menjadi transportation yg bermanfaat dan maju terus,5,1,,2024-08-03 20:03:56,,,
478e91e2-972b-4d1d-9e25-5e6f30953749,Pengguna Google,https://play-lh.googleusercontent.com/EGemoI2NTXmTsBVtJqk8jxF9rh8ApRWfsIMQSt2uE4OcpQqbFu7f7NbTK05lx80nuSijCz7sc3a277R67g,Aplikasi memudahkan pramusapa,5,1,1.33,2024-08-03 20:03:45,,,1.33
5c3bd0b4-4294-4e43-9c44-9dfa309d6627,Pengguna Google,https://play-lh.googleusercontent.com/EGemoI2NTXmTsBVtJqk8jxF9rh8ApRWfsIMQSt2uE4OcpQqbFu7f7NbTK05lx80nuSijCz7sc3a277R67g,"Aplikasi nya masih kurang lengkap, mohon di tambahan untuk rute jacklingko dan bus pariwisata.",5,1,1.33,2024-08-03 20:02:43,,,1.33
e09419bf-d54f-4b6f-b66a-b321565561cb,Pengguna Google,https://play-lh.googleusercontent.com/EGemoI2NTXmTsBVtJqk8jxF9rh8ApRWfsIMQSt2uE4OcpQqbFu7f7NbTK05lx80nuSijCz7sc3a277R67g,"Sangat membantu untuk mengetahui live tracking Bus dan Rute , terus tingkatkan lagi ....",4,1,1.33,2024-08-03 19:59:05,,,1.33
f81b5e92-8e0e-45b9-a1bd-6ccccaa38d29,Pengguna Google,https://play-lh.googleusercontent.com/EGemoI2NTXmTsBVtJqk8jxF9rh8ApRWfsIMQSt2uE4OcpQqbFu7f7NbTK05lx80nuSijCz7sc3a277R67g,Sangat membantu,5,1,1.33,2024-08-03 19:57:40,,,1.33
13a25241-94df-4b95-9c54-8e616694a1f1,Pengguna Google,https://play-lh.googleusercontent.com/EGemoI2NTXmTsBVtJqk8jxF9rh8ApRWfsIMQSt2uE4OcpQqbFu7f7NbTK05lx80nuSijCz7sc3a277R67g,"aplikasi keren, sangat membantu.... mantulity",5,1,1.33,2024-08-03 19:56:04,,,1.33
494fefe4-ae0b-4202-94f8-333f98a43eea,Pengguna Google,https://play-lh.googleusercontent.com/EGemoI2NTXmTsBVtJqk8jxF9rh8ApRWfsIMQSt2uE4OcpQqbFu7f7NbTK05lx80nuSijCz7sc3a277R67g,"Semoga lebih mudah lagi penggunaan Apl ini buat pelanggan (pengguna transjakarta) dan lebih lengkap lagi didalam apl nya,agar pengguna ini tertarik menggunakan ini terus kedepannya.",5,1,1.33,2024-08-03 19:49:35,,,1.33
3042dfb8-526d-419e-8bd6-ebe34c8179a0,Pengguna Google,https://play-lh.googleusercontent.com/EGemoI2NTXmTsBVtJqk8jxF9rh8ApRWfsIMQSt2uE4OcpQqbFu7f7NbTK05lx80nuSijCz7sc3a277R67g,Good,5,1,1.33,2024-08-03 19:47:23,,,1.33
a10df2c2-ff14-4d42-9a24-69d8da6f3fb7,Pengguna Google,https://play-lh.googleusercontent.com/EGemoI2NTXmTsBVtJqk8jxF9rh8ApRWfsIMQSt2uE4OcpQqbFu7f7NbTK05lx80nuSijCz7sc3a277R67g,"Sangat recommended, mempermudah saya saat ingin berpergian di jakarta",5,1,,2024-08-03 19:08:34,,,
194c7f7a-60ca-4ca2-bbea-a96f55d23c1c,Pengguna Google,https://play-lh.googleusercontent.com/EGemoI2NTXmTsBVtJqk8jxF9rh8ApRWfsIMQSt2uE4OcpQqbFu7f7NbTK05lx80nuSijCz7sc3a277R67g,Not bate,5,1,1.33,2024-08-03 18:35:36,,,1.33
a4a44141-2e67-4d1e-aac2-272f08280342,Pengguna Google,https://play-lh.googleusercontent.com/EGemoI2NTXmTsBVtJqk8jxF9rh8ApRWfsIMQSt2uE4OcpQqbFu7f7NbTK05lx80nuSijCz7sc3a277R67g,"Aplikasi ini gampang bgt digunakaan apa lagi bagi para pemula dan saat kita pepergian yang belum tau arah tujuan / pendatang baru gampang bgt di pakai nya , akurat bgtt apa lagi desainnya menarikk dan tidak lemot , membantu bgt dalam perjalanan kitaa , aplikasi ini juga menyediakan semua informasi yang diperlukan di perjalanan , topp banget deh pokok nyaa super lengkap , tidak lemot , gampang di pakai nya dan mudah juga arah arah dalam perjalaanan , ayoo buruan download apk nyaa!",5,2,1.33,2024-08-03 13:39:30,,,1.33
8c29104d-276f-4b8d-9678-aa13898fb5e3,Pengguna Google,https://play-lh.googleusercontent.com/EGemoI2NTXmTsBVtJqk8jxF9rh8ApRWfsIMQSt2uE4OcpQqbFu7f7NbTK05lx80nuSijCz7sc3a277R67g,Notifikasi real timenya sangat membantu dalam membuat rencana perjalanan,5,1,,2024-08-03 13:22:36,,,
815260cd-1348-4924-8e1b-21e9b0225a53,Pengguna Google,https://play-lh.googleusercontent.com/EGemoI2NTXmTsBVtJqk8jxF9rh8ApRWfsIMQSt2uE4OcpQqbFu7f7NbTK05lx80nuSijCz7sc3a277R67g,"fitur yang tergolong lengkap, live tracking bus dan rute sudah bagus. bisa mengetahui informasi layanan transjakarta, sangat berguna buat saya sebagai pengguna bus",5,1,1.33,2024-08-03 12:41:48,,,1.33
61665f61-90f1-455f-9d07-3a33c76283d9,Pengguna Google,https://play-lh.googleusercontent.com/EGemoI2NTXmTsBVtJqk8jxF9rh8ApRWfsIMQSt2uE4OcpQqbFu7f7NbTK05lx80nuSijCz7sc3a277R67g,Sangat membantu dan mempermudah live tracking bus dan rute serta informasi layanan Transjakarta perlu ditingkatkan terima kasi Transjakarta.,5,1,,2024-08-03 12:37:29,,,
4a641cb6-276f-40b2-87de-31a2843c1383,Pengguna Google,https://play-lh.googleusercontent.com/EGemoI2NTXmTsBVtJqk8jxF9rh8ApRWfsIMQSt2uE4OcpQqbFu7f7NbTK05lx80nuSijCz7sc3a277R67g,"Aplikasi yang bagus si menurut aku, sederhana tapi memudahkan pengguna. Efektif dan efisien sekali buat aku yang selalu dikejar kejar waktu. Secara keseluruhan bagus banget deh. Semoga layanannya selalu makin bagus",5,7,1.33,2024-08-03 12:26:42,,,1.33
d6b1cf38-6c82-478d-9995-8d99fde61e77,Pengguna Google,https://play-lh.googleusercontent.com/EGemoI2NTXmTsBVtJqk8jxF9rh8ApRWfsIMQSt2uE4OcpQqbFu7f7NbTK05lx80nuSijCz7sc3a277R67g,aplikasinya sangat efisien memudahkan segala hal dari navigasi yang sederhana dan gampang dipahami orang awam,5,1,1.33,2024-08-03 12:26:38,,,1.33
b866c14e-2373-4b53-b136-7dcc86e133db,Pengguna Google,https://play-lh.googleusercontent.com/EGemoI2NTXmTsBVtJqk8jxF9rh8ApRWfsIMQSt2uE4OcpQqbFu7f7NbTK05lx80nuSijCz7sc3a277R67g,"Sebagai pengguna bus Tranjakarta saya sangat terbantu sekali pakai aplikasi ini. Saya bisa mengecek dulu jadwal bus dan rute yang akan saya naiki jadi saya bisa memperkirakan waktu tempuh. Fiturnya juga gampang dipahami dan jarang ""error"" pastinya.",5,5,1.33,2024-08-03 12:20:28,,,1.33
75cc3081-c1fc-47e5-b1b8-7b538bed820e,Pengguna Google,https://play-lh.googleusercontent.com/EGemoI2NTXmTsBVtJqk8jxF9rh8ApRWfsIMQSt2uE4OcpQqbFu7f7NbTK05lx80nuSijCz7sc3a277R67g,"Suka banget sama aplikasi ini, mulai dari user interface, user experience yang di berikan itu bener bener wow nyaman banget.",5,1,1.33,2024-08-03 12:17:52,,,1.33
523d1e11-ace0-44f7-aacc-a0e1eeb4f4f1,Pengguna Google,https://play-lh.googleusercontent.com/EGemoI2NTXmTsBVtJqk8jxF9rh8ApRWfsIMQSt2uE4OcpQqbFu7f7NbTK05lx80nuSijCz7sc3a277R67g,Aplikasi sangat membantu bagi pengguna TJ serta dengan tampilan aplikasi yang menarik dan mudah dipahami,5,1,1.33,2024-08-03 12:12:47,,,1.33
87b04e3f-6df0-4995-b0b6-d9e3f66c00f8,Pengguna Google,https://play-lh.googleusercontent.com/EGemoI2NTXmTsBVtJqk8jxF9rh8ApRWfsIMQSt2uE4OcpQqbFu7f7NbTK05lx80nuSijCz7sc3a277R67g,Sangat membantu,5,1,1.33,2024-08-03 12:12:06,,,1.33
d9b0a007-0c83-40d4-9a32-0569956bb629,Pengguna Google,https://play-lh.googleusercontent.com/EGemoI2NTXmTsBVtJqk8jxF9rh8ApRWfsIMQSt2uE4OcpQqbFu7f7NbTK05lx80nuSijCz7sc3a277R67g,makasih yaa dah bantu buat ngasih info tentang rute dan lain sebagainya dari fitur yg di sediain. bener² membantu banget buat gue yg ga apal rute jakarta karna orang luar jakarta,5,1,1.33,2024-08-03 12:07:41,,,1.33
f3699aa0-dd94-4672-bbc9-6c5ff1fefe3a,Pengguna Google,https://play-lh.googleusercontent.com/EGemoI2NTXmTsBVtJqk8jxF9rh8ApRWfsIMQSt2uE4OcpQqbFu7f7NbTK05lx80nuSijCz7sc3a277R67g,"aplikasinya bagus banget fiturnya juga lengkap, gampang banget sekarang nge tracking nya, memudahkan perjalanan aku saat pake peta rute nya 👍🏻",5,2,1.33,2024-08-03 12:06:26,,,1.33
e8054dee-7bd8-4ca4-babb-92ecd8c73f68,Pengguna Google,https://play-lh.googleusercontent.com/EGemoI2NTXmTsBVtJqk8jxF9rh8ApRWfsIMQSt2uE4OcpQqbFu7f7NbTK05lx80nuSijCz7sc3a277R67g,"Fiturnya lengkap banget dan sgt membantu sekali ketika sdg d perjalanan, desain desain nya juga sgt menarik sekali , respon nya sgt cepat tidak lemot dan yy pasti informasi mengenai rute dan waktu nya sangat akurat tidak pernah meleset..",5,1,,2024-08-03 12:05:47,,,
38fb80ae-7ff3-4c3e-a767-5bc34519b4ca,Pengguna Google,https://play-lh.googleusercontent.com/EGemoI2NTXmTsBVtJqk8jxF9rh8ApRWfsIMQSt2uE4OcpQqbFu7f7NbTK05lx80nuSijCz7sc3a277R67g,"Aplikasi nih bakal helpful banget saat bepergian jadi bisa lebih efektif dan efisien, good job",5,1,1.33,2024-08-03 12:05:07,,,1.33
8200302d-6ce2-492f-a270-521b35a0b361,Pengguna Google,https://play-lh.googleusercontent.com/EGemoI2NTXmTsBVtJqk8jxF9rh8ApRWfsIMQSt2uE4OcpQqbFu7f7NbTK05lx80nuSijCz7sc3a277R67g,"Membantu menghemat waktu perjalanan bgt sejak pake aplikasi ini, didlmnya jga terdapat fitur bahasa yg membantu utk para pengguna international",5,1,1.33,2024-08-03 12:04:37,,,1.33
9a30d581-a1b4-4446-9e68-b2d1d4ac11eb,Pengguna Google,https://play-lh.googleusercontent.com/EGemoI2NTXmTsBVtJqk8jxF9rh8ApRWfsIMQSt2uE4OcpQqbFu7f7NbTK05lx80nuSijCz7sc3a277R67g,Bagus tapi kedepannya harus di perbaiki akurasi GPS Nya,5,1,1.33,2024-08-03 11:12:08,,,1.33
609bcc9c-b6f4-4090-9965-7322f5fb2eb7,Pengguna Google,https://play-lh.googleusercontent.com/EGemoI2NTXmTsBVtJqk8jxF9rh8ApRWfsIMQSt2uE4OcpQqbFu7f7NbTK05lx80nuSijCz7sc3a277R67g,Mantap.... Success teruss berkarya,5,1,1.33,2024-08-03 08:56:29,,,1.33
426b0ebb-6140-4d26-802c-46bca0fbfd10,Pengguna Google,https://play-lh.googleusercontent.com/EGemoI2NTXmTsBVtJqk8jxF9rh8ApRWfsIMQSt2uE4OcpQqbFu7f7NbTK05lx80nuSijCz7sc3a277R67g,Hadeh,5,1,,2024-08-03 08:17:50,,,
b271f510-90ee-4998-b003-32e58141f1fe,Pengguna Google,https://play-lh.googleusercontent.com/EGemoI2NTXmTsBVtJqk8jxF9rh8ApRWfsIMQSt2uE4OcpQqbFu7f7NbTK05lx80nuSijCz7sc3a277R67g,Sangat bermanfaat,5,1,1.33,2024-08-03 07:44:38,,,1.33
2313f369-336d-4713-96c9-64ff1e6b2eab,Pengguna Google,https://play-lh.googleusercontent.com/EGemoI2NTXmTsBVtJqk8jxF9rh8ApRWfsIMQSt2uE4OcpQqbFu7f7NbTK05lx80nuSijCz7sc3a277R67g,Mantab,5,1,1.33,2024-08-03 07:40:06,,,1.33
9a2c19af-f3d8-4dd7-bda4-a4884112dce1,Pengguna Google,https://play-lh.googleusercontent.com/EGemoI2NTXmTsBVtJqk8jxF9rh8ApRWfsIMQSt2uE4OcpQqbFu7f7NbTK05lx80nuSijCz7sc3a277R67g,Sangat membantu,5,1,1.33,2024-08-03 07:06:15,,,1.33
16c8ce71-ec4a-43ae-9d88-f151883435c8,Pengguna Google,https://play-lh.googleusercontent.com/EGemoI2NTXmTsBVtJqk8jxF9rh8ApRWfsIMQSt2uE4OcpQqbFu7f7NbTK05lx80nuSijCz7sc3a277R67g,Sangat membatu aktivitas saya di ibukota ini,5,1,1.33,2024-08-03 06:58:50,,,1.33
2fec88ba-911d-45ac-8fb6-cdebe1a1e4e7,Pengguna Google,https://play-lh.googleusercontent.com/EGemoI2NTXmTsBVtJqk8jxF9rh8ApRWfsIMQSt2uE4OcpQqbFu7f7NbTK05lx80nuSijCz7sc3a277R67g,Tingkatkan terus,5,1,1.33,2024-08-03 06:44:48,,,1.33
5b0ca6bf-5365-46b1-b11b-adb6c49e6131,Pengguna Google,https://play-lh.googleusercontent.com/EGemoI2NTXmTsBVtJqk8jxF9rh8ApRWfsIMQSt2uE4OcpQqbFu7f7NbTK05lx80nuSijCz7sc3a277R67g,Mantap 👍❤️,5,1,1.33,2024-08-02 20:44:12,,,1.33
fddf0bec-d5d7-40e0-92ad-2f89747e288d,Pengguna Google,https://play-lh.googleusercontent.com/EGemoI2NTXmTsBVtJqk8jxF9rh8ApRWfsIMQSt2uE4OcpQqbFu7f7NbTK05lx80nuSijCz7sc3a277R67g,Aplikasi ini mempermudah persiapan kami bepergian bersama TJ🥰,5,0,1.33,2024-08-02 18:29:11,,,1.33
87ce998f-374b-407b-97db-8629474eb651,Pengguna Google,https://play-lh.googleusercontent.com/EGemoI2NTXmTsBVtJqk8jxF9rh8ApRWfsIMQSt2uE4OcpQqbFu7f7NbTK05lx80nuSijCz7sc3a277R67g,Sukses selalu,5,1,1.33,2024-08-02 17:14:22,,,1.33
f2374278-1a3e-4c82-a321-1bf079fa36fb,Pengguna Google,https://play-lh.googleusercontent.com/EGemoI2NTXmTsBVtJqk8jxF9rh8ApRWfsIMQSt2uE4OcpQqbFu7f7NbTK05lx80nuSijCz7sc3a277R67g,"Terimakasih telah menciptakan aplikasi yg bagus , tracking tepat waktu , semoga kedepannya Transjakarta makin maju!!!",5,1,1.33,2024-08-02 17:09:43,,,1.33
02866f9d-7fbd-46bc-a3ef-7862850c4ac1,Pengguna Google,https://play-lh.googleusercontent.com/EGemoI2NTXmTsBVtJqk8jxF9rh8ApRWfsIMQSt2uE4OcpQqbFu7f7NbTK05lx80nuSijCz7sc3a277R67g,Keren,5,1,1.33,2024-08-02 16:49:43,,,1.33
4573bdb5-3f6f-49ba-a765-903d63b758df,Pengguna Google,https://play-lh.googleusercontent.com/EGemoI2NTXmTsBVtJqk8jxF9rh8ApRWfsIMQSt2uE4OcpQqbFu7f7NbTK05lx80nuSijCz7sc3a277R67g,Mantap,5,1,1.33,2024-08-02 16:32:51,,,1.33
3ed0119c-d820-499c-99d5-6ebd9c202a2d,Pengguna Google,https://play-lh.googleusercontent.com/EGemoI2NTXmTsBVtJqk8jxF9rh8ApRWfsIMQSt2uE4OcpQqbFu7f7NbTK05lx80nuSijCz7sc3a277R67g,Sangat membantu sekali untuk orang yg buta map seperti saya 🔥,5,1,1.33,2024-08-02 16:31:46,,,1.33
ddeaa77d-d4e9-4155-a039-f7b7de10e3f4,Pengguna Google,https://play-lh.googleusercontent.com/EGemoI2NTXmTsBVtJqk8jxF9rh8ApRWfsIMQSt2uE4OcpQqbFu7f7NbTK05lx80nuSijCz7sc3a277R67g,Aplikasi Apaan ini.. Hadehhh..,1,1,1.33,2024-08-02 16:20:49,,,1.33
3475ffb1-bfe7-444b-9eeb-36010e28c4ad,Pengguna Google,https://play-lh.googleusercontent.com/EGemoI2NTXmTsBVtJqk8jxF9rh8ApRWfsIMQSt2uE4OcpQqbFu7f7NbTK05lx80nuSijCz7sc3a277R67g,Ok mantab,5,1,1.33,2024-08-02 16:13:37,,,1.33
1ceebe9c-9ca9-435a-8eac-4d8324054cf4,Pengguna Google,https://play-lh.googleusercontent.com/EGemoI2NTXmTsBVtJqk8jxF9rh8ApRWfsIMQSt2uE4OcpQqbFu7f7NbTK05lx80nuSijCz7sc3a277R67g,Mantab ..Lanjutkan,5,1,1.33,2024-08-02 15:52:12,,,1.33
b5ccc41e-d466-4f12-9be7-b9c0b0c62c5a,Pengguna Google,https://play-lh.googleusercontent.com/EGemoI2NTXmTsBVtJqk8jxF9rh8ApRWfsIMQSt2uE4OcpQqbFu7f7NbTK05lx80nuSijCz7sc3a277R67g,Transjakarta memang TOP luar biasa👍👍👍,5,1,1.33,2024-08-02 15:48:41,,,1.33
666dd22b-bc96-4618-89dc-4d0b40dbe4ba,Pengguna Google,https://play-lh.googleusercontent.com/EGemoI2NTXmTsBVtJqk8jxF9rh8ApRWfsIMQSt2uE4OcpQqbFu7f7NbTK05lx80nuSijCz7sc3a277R67g,Bagus .. membantu saya selaku pelanggan Tj,5,1,1.33,2024-08-02 15:47:15,,,1.33
4bf0f54b-1ccd-46bf-be9b-6f37840cf11a,Pengguna Google,https://play-lh.googleusercontent.com/EGemoI2NTXmTsBVtJqk8jxF9rh8ApRWfsIMQSt2uE4OcpQqbFu7f7NbTK05lx80nuSijCz7sc3a277R67g,Keren bingitss,5,1,1.33,2024-08-02 15:43:16,,,1.33
611c4b0c-ffcc-45f9-83bf-81feffedc1b5,Pengguna Google,https://play-lh.googleusercontent.com/EGemoI2NTXmTsBVtJqk8jxF9rh8ApRWfsIMQSt2uE4OcpQqbFu7f7NbTK05lx80nuSijCz7sc3a277R67g,Bermanfaat,5,1,1.33,2024-08-02 15:39:33,,,1.33
7e754248-9cd5-4a2e-8146-c5093fece74c,Pengguna Google,https://play-lh.googleusercontent.com/EGemoI2NTXmTsBVtJqk8jxF9rh8ApRWfsIMQSt2uE4OcpQqbFu7f7NbTK05lx80nuSijCz7sc3a277R67g,"Mantap terus kembangkan, klo bisa sistem payment juga ada di dalam apps",5,4,1.33,2024-08-02 15:38:24,,,1.33
972ad74e-a980-4799-a788-f42de3217b23,Pengguna Google,https://play-lh.googleusercontent.com/EGemoI2NTXmTsBVtJqk8jxF9rh8ApRWfsIMQSt2uE4OcpQqbFu7f7NbTK05lx80nuSijCz7sc3a277R67g,Keren banget nih,5,1,1.33,2024-08-02 15:27:37,,,1.33
2a38823a-8129-46f9-8786-2422b0517b99,Pengguna Google,https://play-lh.googleusercontent.com/EGemoI2NTXmTsBVtJqk8jxF9rh8ApRWfsIMQSt2uE4OcpQqbFu7f7NbTK05lx80nuSijCz7sc3a277R67g,Oke,5,1,1.33,2024-08-02 15:27:05,,,1.33
13634910-14ba-4e7b-a2ff-2b3f821db2ff,Pengguna Google,https://play-lh.googleusercontent.com/EGemoI2NTXmTsBVtJqk8jxF9rh8ApRWfsIMQSt2uE4OcpQqbFu7f7NbTK05lx80nuSijCz7sc3a277R67g,User friendly banget nih,5,1,1.33,2024-08-02 15:26:12,,,1.33
096d2e1e-5a85-496f-aeaf-090f92a4162d,Pengguna Google,https://play-lh.googleusercontent.com/EGemoI2NTXmTsBVtJqk8jxF9rh8ApRWfsIMQSt2uE4OcpQqbFu7f7NbTK05lx80nuSijCz7sc3a277R67g,sangatt berguna mantap👍👍👍,5,1,1.33,2024-08-01 22:32:16,,,1.33
c9f9c576-2e1e-4d55-a728-880485bcd9b1,Pengguna Google,https://play-lh.googleusercontent.com/EGemoI2NTXmTsBVtJqk8jxF9rh8ApRWfsIMQSt2uE4OcpQqbFu7f7NbTK05lx80nuSijCz7sc3a277R67g,cukup agus si (bagus si),4,1,,2024-07-28 19:56:36,,,
f555788c-c682-4501-b0d0-1016773ee032,Pengguna Google,https://play-lh.googleusercontent.com/EGemoI2NTXmTsBVtJqk8jxF9rh8ApRWfsIMQSt2uE4OcpQqbFu7f7NbTK05lx80nuSijCz7sc3a277R67g,"Gabisa dipakai, bus nya ngga muncul dan ngga realtime, aplikasi lama banget buat munculin data data bus nya lemot parahhh",1,2,,2024-07-26 09:12:42,,,
b3342e32-0948-4607-952e-fea73a2621a3,Pengguna Google,https://play-lh.googleusercontent.com/EGemoI2NTXmTsBVtJqk8jxF9rh8ApRWfsIMQSt2uE4OcpQqbFu7f7NbTK05lx80nuSijCz7sc3a277R67g,"G jelas armadanya kurang banyak harus nunggu lama,dlu dikalibata ada Kopaja 47 malah ontime selalu ada klu g siap gantiin jgn gantiin nyusahin saja",1,3,1.32,2024-07-25 06:43:05,,,1.32
36fa6fa5-3876-4610-bbe0-8e6ffee825e7,Pengguna Google,https://play-lh.googleusercontent.com/EGemoI2NTXmTsBVtJqk8jxF9rh8ApRWfsIMQSt2uE4OcpQqbFu7f7NbTK05lx80nuSijCz7sc3a277R67g,"Sangat membantu untuk mengetahui live tracking bus dan rute serta informasi layanan transjakarta, perlu untuk ditingkatkan kembali, terima kasih.",5,1,1.31,2024-07-21 20:58:00,,,1.31
d79ca62a-9e55-4621-9d2c-dec66bce4ba3,Pengguna Google,https://play-lh.googleusercontent.com/EGemoI2NTXmTsBVtJqk8jxF9rh8ApRWfsIMQSt2uE4OcpQqbFu7f7NbTK05lx80nuSijCz7sc3a277R67g,Okelah,4,1,1.30,2024-07-19 16:52:19,,,1.30
c9a25e50-bf2e-4188-b55b-1b76bd76eda2,Pengguna Google,https://play-lh.googleusercontent.com/EGemoI2NTXmTsBVtJqk8jxF9rh8ApRWfsIMQSt2uE4OcpQqbFu7f7NbTK05lx80nuSijCz7sc3a277R67g,"Semoga bisa Lebih baik lagi, sudah bagus bisa tracking Transjakarta dan Lengkap",5,1,1.30,2024-07-18 13:15:34,,,1.30
47d8470e-b8bd-4782-a822-3e13565a5a31,Pengguna Google,https://play-lh.googleusercontent.com/EGemoI2NTXmTsBVtJqk8jxF9rh8ApRWfsIMQSt2uE4OcpQqbFu7f7NbTK05lx80nuSijCz7sc3a277R67g,"Live track bis kadang muncul kadang nggak, peta pun nggak nampil sama sekali. Hanya putih beserta titik halte dan beberapa titik live track bisnya. Intinya aplikasi ini nggak ada gunanya banget, mending waktu bisa live track di gmaps.",1,41,1.30,2024-07-17 20:11:52,,,1.30
68ff30fb-8175-46c5-80d7-e4932e44d657,Pengguna Google,https://play-lh.googleusercontent.com/EGemoI2NTXmTsBVtJqk8jxF9rh8ApRWfsIMQSt2uE4OcpQqbFu7f7NbTK05lx80nuSijCz7sc3a277R67g,"Habis update mikrotrans malah ilang, sinyal ga stabil posisi bus lompat2an,ga ada pilihan berdasarkan rute, ga ada garis rute,pilih bus stop arah Rambutan malah muncul tracking yg arah BlokM.",2,1,,2024-07-14 08:31:24,,,
c644b809-e4d6-4e7b-9df4-afeaefb22dc7,Pengguna Google,https://play-lh.googleusercontent.com/EGemoI2NTXmTsBVtJqk8jxF9rh8ApRWfsIMQSt2uE4OcpQqbFu7f7NbTK05lx80nuSijCz7sc3a277R67g,ga guna,1,2,1.20,2024-07-13 06:01:14,,,1.20
7afe7d8c-3484-44f5-a72b-f80177ff600b,Pengguna Google,https://play-lh.googleusercontent.com/EGemoI2NTXmTsBVtJqk8jxF9rh8ApRWfsIMQSt2uE4OcpQqbFu7f7NbTK05lx80nuSijCz7sc3a277R67g,Gas,5,1,1.29,2024-07-12 16:07:10,,,1.29
c309c0f5-32fd-44e0-9250-2d1fe8574ae0,Pengguna Google,https://play-lh.googleusercontent.com/EGemoI2NTXmTsBVtJqk8jxF9rh8ApRWfsIMQSt2uE4OcpQqbFu7f7NbTK05lx80nuSijCz7sc3a277R67g,"tije saya g bs di pake katanya invalid token,gmn nih mau mempermudah tp g bisa di pake,tolong di perbaiki",1,4,1.21,2024-07-10 08:32:24,,,1.21
e852769f-b701-4697-8b33-df7b37cbe2cd,Pengguna Google,https://play-lh.googleusercontent.com/EGemoI2NTXmTsBVtJqk8jxF9rh8ApRWfsIMQSt2uE4OcpQqbFu7f7NbTK05lx80nuSijCz7sc3a277R67g,Mantap transjakarta semoga semakin maju dan sejahtera karyawannya,5,1,1.21,2024-07-09 20:23:20,,,1.21
c9046c4f-3237-48c4-b087-f8a4e7a28fae,Pengguna Google,https://play-lh.googleusercontent.com/EGemoI2NTXmTsBVtJqk8jxF9rh8ApRWfsIMQSt2uE4OcpQqbFu7f7NbTK05lx80nuSijCz7sc3a277R67g,Setiap D buka aplikasi hanya loading saja,1,3,1.21,2024-07-09 18:44:46,,,1.21
20dc1496-8a32-420f-b2e6-fbb5a86cdc8e,Pengguna Google,https://play-lh.googleusercontent.com/EGemoI2NTXmTsBVtJqk8jxF9rh8ApRWfsIMQSt2uE4OcpQqbFu7f7NbTK05lx80nuSijCz7sc3a277R67g,HP aku error..,5,2,1.20,2024-07-06 21:32:07,,,1.20
e3d42979-4d51-4f27-aed3-f6640cc3ff65,Pengguna Google,https://play-lh.googleusercontent.com/EGemoI2NTXmTsBVtJqk8jxF9rh8ApRWfsIMQSt2uE4OcpQqbFu7f7NbTK05lx80nuSijCz7sc3a277R67g,Cacat,1,2,1.20,2024-07-05 21:25:54,,,1.20
300a5f06-750a-4d34-b8bf-bf319ec0140b,Pengguna Google,https://play-lh.googleusercontent.com/EGemoI2NTXmTsBVtJqk8jxF9rh8ApRWfsIMQSt2uE4OcpQqbFu7f7NbTK05lx80nuSijCz7sc3a277R67g,"Teruslah berkembang aplikasi ini! Saya tahu aplikasi ini masih baru dan banyak masalah yang berseliweran sana sini! Di sisi lain, saya melihat aplikasi ini memiliki potensi besar dalam mewujudkan guide transportasi umum Transjakarta yang baik, bagus dan akurat dimanapun dan kapanpun!",5,2,,2024-07-03 09:45:59,,,
74e6e73c-0563-4846-bdb3-4799b26c628d,Pengguna Google,https://play-lh.googleusercontent.com/EGemoI2NTXmTsBVtJqk8jxF9rh8ApRWfsIMQSt2uE4OcpQqbFu7f7NbTK05lx80nuSijCz7sc3a277R67g,Ini servernya yang busuk atau memang live trackingnya yang lama?,1,2,1.20,2024-07-02 05:50:07,,,1.20
beb2396c-188d-40ed-8cc3-b9a5e8e364b4,Pengguna Google,https://play-lh.googleusercontent.com/EGemoI2NTXmTsBVtJqk8jxF9rh8ApRWfsIMQSt2uE4OcpQqbFu7f7NbTK05lx80nuSijCz7sc3a277R67g,"BNR bk ulasan yg GK puas,saya instal app.mau daftar tp sampai ujung,GK bisa,mgk mmg ini abal2,GK pro.punya.",1,2,1.20,2024-06-28 16:45:33,,,1.20
57cc74a3-5ab7-4a26-97c4-9b82f3bcabd8,Pengguna Google,https://play-lh.googleusercontent.com/EGemoI2NTXmTsBVtJqk8jxF9rh8ApRWfsIMQSt2uE4OcpQqbFu7f7NbTK05lx80nuSijCz7sc3a277R67g,"Ga live tracking, susah digunakan juga aplikasinya. Tolong diupdate agar lebih live seperti fitur Maps kemarin...",1,13,1.20,2024-06-27 16:29:35,,,1.20
11c91a90-a10d-496e-8b3c-66187c0f9c65,Pengguna Google,https://play-lh.googleusercontent.com/EGemoI2NTXmTsBVtJqk8jxF9rh8ApRWfsIMQSt2uE4OcpQqbFu7f7NbTK05lx80nuSijCz7sc3a277R67g,Aplikasi Bala,1,2,1.20,2024-06-26 07:43:21,,,1.20
987554e5-803d-497b-a253-0bfe9f21ffe1,Pengguna Google,https://play-lh.googleusercontent.com/EGemoI2NTXmTsBVtJqk8jxF9rh8ApRWfsIMQSt2uE4OcpQqbFu7f7NbTK05lx80nuSijCz7sc3a277R67g,"Kurang cepat nih, pdhl ada sinyal tp loading trs",2,1,1.20,2024-06-26 06:08:11,,,1.20
7e61d6bb-de0c-4c65-8231-6bae186bd2ba,Pengguna Google,https://play-lh.googleusercontent.com/EGemoI2NTXmTsBVtJqk8jxF9rh8ApRWfsIMQSt2uE4OcpQqbFu7f7NbTK05lx80nuSijCz7sc3a277R67g,"Traking armada ga muncul, ga akurat, mending di gabung sama google maps",1,2,,2024-06-25 14:10:55,,,
f731a2ff-64e5-4a68-9a60-8657bf7c40ff,Pengguna Google,https://play-lh.googleusercontent.com/EGemoI2NTXmTsBVtJqk8jxF9rh8ApRWfsIMQSt2uE4OcpQqbFu7f7NbTK05lx80nuSijCz7sc3a277R67g,Plis ini mawut.kalau belum siap jgn begini...detect bus tujuan Mana eh nyantol yg isi BBM. Kembalikan google,1,2,1.20,2024-06-25 12:22:45,,,1.20
ee781ceb-9ee7-43b8-a38a-adf2a7593e48,Pengguna Google,https://play-lh.googleusercontent.com/EGemoI2NTXmTsBVtJqk8jxF9rh8ApRWfsIMQSt2uE4OcpQqbFu7f7NbTK05lx80nuSijCz7sc3a277R67g,Sampah,1,1,,2024-06-25 11:44:02,,,
cd8307e0-384f-4b51-b4c6-0e87d64aea46,Pengguna Google,https://play-lh.googleusercontent.com/EGemoI2NTXmTsBVtJqk8jxF9rh8ApRWfsIMQSt2uE4OcpQqbFu7f7NbTK05lx80nuSijCz7sc3a277R67g,Jelek dan lelet. Napa integrasi sama Google Maps dihapus segala dah.,1,7,1.20,2024-06-21 15:52:06,,,1.20
799d06c9-fd87-465b-913d-ba5284f7324d,Pengguna Google,https://play-lh.googleusercontent.com/EGemoI2NTXmTsBVtJqk8jxF9rh8ApRWfsIMQSt2uE4OcpQqbFu7f7NbTK05lx80nuSijCz7sc3a277R67g,Baik,4,1,1.20,2024-06-21 11:08:58,,,1.20
6091fec3-449f-4454-858a-c3e203db0943,Pengguna Google,https://play-lh.googleusercontent.com/EGemoI2NTXmTsBVtJqk8jxF9rh8ApRWfsIMQSt2uE4OcpQqbFu7f7NbTK05lx80nuSijCz7sc3a277R67g,Mantap,5,1,1.17,2024-06-10 14:25:47,,,1.17
a45cb1eb-4d01-46e6-b783-afdd739b12e2,Pengguna Google,https://play-lh.googleusercontent.com/EGemoI2NTXmTsBVtJqk8jxF9rh8ApRWfsIMQSt2uE4OcpQqbFu7f7NbTK05lx80nuSijCz7sc3a277R67g,Belum bisa kasih bintang 5..karena masih menunggu apakah setelah di update akan LBH baik dari versi sebelum nya,3,1,1.19,2024-06-10 07:09:31,,,1.19
c44faee4-c204-4068-90a9-1365ee9d6775,Pengguna Google,https://play-lh.googleusercontent.com/EGemoI2NTXmTsBVtJqk8jxF9rh8ApRWfsIMQSt2uE4OcpQqbFu7f7NbTK05lx80nuSijCz7sc3a277R67g,Bagus bagus tingkatkan lagi,5,2,1.14,2024-06-01 14:02:45,,,1.14
2d6bd8dc-2fbd-4ee5-8fb1-39b921486294,Pengguna Google,https://play-lh.googleusercontent.com/EGemoI2NTXmTsBVtJqk8jxF9rh8ApRWfsIMQSt2uE4OcpQqbFu7f7NbTK05lx80nuSijCz7sc3a277R67g,"Untuk bus tracking brt,non brt dan mikrotrans akhir akhir ini trackingnya ngga muncul, padahal jaringan sinyal bagus. semoga dapat segera diupdate Ig dan diupgrade, terimakasih",3,4,1.14,2024-05-31 16:54:31,"Halo,
Terima kasih untuk masukannya dan terima kasih telah menjadi pengguna awal kami. Mohon maaf untuk saat ini kami sedang dalam proses pengembangan dan peningkatan layanan aplikasi. Ikuti terus perkembangan kami dan berikan masukan juga demi kenyamanan Anda sampai waktu aplikasi ini akan di-launching secara resmi.",2024-05-23 13:25:37,1.14
36f02f62-eb13-4d2d-b9ff-fe7c384fb8d4,Pengguna Google,https://play-lh.googleusercontent.com/EGemoI2NTXmTsBVtJqk8jxF9rh8ApRWfsIMQSt2uE4OcpQqbFu7f7NbTK05lx80nuSijCz7sc3a277R67g,Ini apk apa sih baru aja di instal udah forclose terus aduh tolong dong di perbaiki lagii sistemnyaa,1,5,1.10,2024-05-26 16:25:33,,,1.10
ad46e123-38fa-43e8-8951-91db2602f03f,Pengguna Google,https://play-lh.googleusercontent.com/EGemoI2NTXmTsBVtJqk8jxF9rh8ApRWfsIMQSt2uE4OcpQqbFu7f7NbTK05lx80nuSijCz7sc3a277R67g,Aplikasi selalu keluar sendiri,3,3,1.10,2024-05-24 16:32:08,,,1.10
1d26e76d-5c41-4ffe-8d42-dabafb8d747d,Pengguna Google,https://play-lh.googleusercontent.com/EGemoI2NTXmTsBVtJqk8jxF9rh8ApRWfsIMQSt2uE4OcpQqbFu7f7NbTK05lx80nuSijCz7sc3a277R67g,"aplikasi kntool, gakeluar map nya anjg",1,5,,2024-05-22 14:46:29,"Halo,
Terima kasih untuk masukannya. Mohon maaf untuk saat ini kami sedang dalam proses pengembangan dan peningkatan layanan aplikasi. Masukan Anda akan kami tindaklanjuti secepatnya. Ayo, ikuti terus perkembangan kami dan berikan masukan juga demi kenyamanan Anda sampai waktu aplikasi ini akan di-launching secara resmi.",2024-05-23 13:26:27,
0ffffa78-76d5-42a8-8c8f-d27bfd3405db,Pengguna Google,https://play-lh.googleusercontent.com/EGemoI2NTXmTsBVtJqk8jxF9rh8ApRWfsIMQSt2uE4OcpQqbFu7f7NbTK05lx80nuSijCz7sc3a277R67g,"crash gabisa msuk ke aplikasiny,knp si maksa bngt membuat aplikasi yg msh blum jd sempurna ky gni",1,5,1.9,2024-05-22 11:10:19,"Halo Muhamad Zidan Alviansyah,
Terima kasih untuk masukannya dan terima kasih telah menjadi pengguna awal kami. Mohon maaf untuk saat ini kami sedang dalam proses peningkatan layanan aplikasi. Masukan Anda akan kami tindaklanjuti secepatnya. Ayo, terus ikuti perkembangan aplikasi ini dan beri masukan sampai aplikasi di-launching secara resmi.",2024-05-23 13:27:52,1.9
cdd9f5f2-b4cb-44c2-814e-860e0688f3d5,Pengguna Google,https://play-lh.googleusercontent.com/EGemoI2NTXmTsBVtJqk8jxF9rh8ApRWfsIMQSt2uE4OcpQqbFu7f7NbTK05lx80nuSijCz7sc3a277R67g,Mantaps,5,5,1.4,2024-05-16 18:10:02,,,1.4
66859930-33cc-484a-9c0a-f25534958578,Pengguna Google,https://play-lh.googleusercontent.com/EGemoI2NTXmTsBVtJqk8jxF9rh8ApRWfsIMQSt2uE4OcpQqbFu7f7NbTK05lx80nuSijCz7sc3a277R67g,Sudah enggak crash kalau pilih profil,5,7,1.8,2024-05-16 11:52:59,,,1.8
eb386bcd-d074-448e-b636-8f8b4d20ecb1,Pengguna Google,https://play-lh.googleusercontent.com/EGemoI2NTXmTsBVtJqk8jxF9rh8ApRWfsIMQSt2uE4OcpQqbFu7f7NbTK05lx80nuSijCz7sc3a277R67g,"Aplikasi kocag, gk becus bikin aplikasi, masuk kerja dari orang dalem .... Aplikasinya lebih bagus game tetris",1,7,1.4,2024-05-12 16:42:40,,,1.4
43b40878-dcff-44b8-bed5-2dfb89bc0880,Pengguna Google,https://play-lh.googleusercontent.com/EGemoI2NTXmTsBVtJqk8jxF9rh8ApRWfsIMQSt2uE4OcpQqbFu7f7NbTK05lx80nuSijCz7sc3a277R67g,"Aplikasi gak jelas, server eror, loading lama, pencarian rute susah, posisi bus kacau, UI gak menarik, gak jadi niat mau naik tj kalau kaya gini.",1,23,1.4,2024-05-11 20:43:39,"Halo Teguh Aliansyah,
Terima kasih untuk masukannya dan terima kasih telah menjadi pengguna awal kami. Mohon maaf untuk saat ini kami sedang dalam proses peningkatan layanan aplikasi. Masukan Anda akan kami tindaklanjuti secepatnya. Terus ikuti perkembangan aplikasi ini dan mohon berikan masukan Anda untuk meningkatkan pelayanan kami.",2024-05-23 13:29:46,1.4
af86170d-586d-4c48-9963-e45418088147,Pengguna Google,https://play-lh.googleusercontent.com/EGemoI2NTXmTsBVtJqk8jxF9rh8ApRWfsIMQSt2uE4OcpQqbFu7f7NbTK05lx80nuSijCz7sc3a277R67g,wihh,5,2,,2024-05-07 16:26:49,,,
